event_id,event_type,feature_name,trip_id,segment_id,event_time,event_row_in_segment,event_magnitude,delay_seconds,max_correlation,valid,invalid_reason
pedal_step_000001,pedal_step_event,pedal_to_throttle_delay,trip_0001,trip_0001_seg_001,2017-07-05 05:19:35+00:00,186,22.900000,,,False,zero_variance
pedal_step_000002,pedal_step_event,pedal_to_throttle_delay,trip_0001,trip_0001_seg_001,2017-07-05 05:19:51+00:00,202,22.600000,0.000000,0.840500,True,none
pedal_step_000003,pedal_step_event,pedal_to_throttle_delay,trip_0001,trip_0001_seg_001,2017-07-05 05:20:12+00:00,223,24.700000,1.000000,0.779850,True,none
pedal_step_000004,pedal_step_event,pedal_to_throttle_delay,trip_0001,trip_0001_seg_001,2017-07-05 05:20:16+00:00,227,24.150000,,,False,duplicate_or_overlapping_event
pedal_step_000005,pedal_step_event,pedal_to_throttle_delay,trip_0001,trip_0001_seg_001,2017-07-05 05:20:41+00:00,252,42.750000,,0.220369,False,low_correlation
pedal_step_000006,pedal_step_event,pedal_to_throttle_delay,trip_0001,trip_0001_seg_001,2017-07-05 05:20:53+00:00,264,23.350000,,,False,zero_variance
pedal_step_000007,pedal_step_event,pedal_to_throttle_delay,trip_0001,trip_0001_seg_001,2017-07-05 05:22:09+00:00,340,26.700000,0.000000,0.577095,True,none
pedal_step_000008,pedal_step_event,pedal_to_throttle_delay,trip_0001,trip_0001_seg_001,2017-07-05 05:22:50+00:00,381,32.550000,0.000000,0.748602,True,none
pedal_step_000009,pedal_step_event,pedal_to_throttle_delay,trip_0001,trip_0001_seg_001,2017-07-05 05:22:58+00:00,389,24.100000,,,False,duplicate_or_overlapping_event
pedal_step_000010,pedal_step_event,pedal_to_throttle_delay,trip_0001,trip_0001_seg_001,2017-07-05 05:24:07+00:00,458,22.150000,1.000000,0.574660,True,none
pedal_step_000011,pedal_step_event,pedal_to_throttle_delay,trip_0001,trip_0001_seg_001,2017-07-05 05:24:10+00:00,461,23.150000,,,False,duplicate_or_overlapping_event
pedal_step_000012,pedal_step_event,pedal_to_throttle_delay,trip_0001,trip_0001_seg_001,2017-07-05 05:24:40+00:00,491,20.550000,1.000000,0.797566,True,none
pedal_step_000013,pedal_step_event,pedal_to_throttle_delay,trip_0001,trip_0001_seg_001,2017-07-05 05:24:42+00:00,493,28.850000,,,False,duplicate_or_overlapping_event
pedal_step_000014,pedal_step_event,pedal_to_throttle_delay,trip_0001,trip_0001_seg_001,2017-07-05 05:24:59+00:00,510,33.900000,0.000000,0.809735,True,none
pedal_step_000015,pedal_step_event,pedal_to_throttle_delay,trip_0001,trip_0001_seg_001,2017-07-05 05:26:05+00:00,576,22.400000,,,False,zero_variance
pedal_step_000016,pedal_step_event,pedal_to_throttle_delay,trip_0001,trip_0001_seg_001,2017-07-05 05:27:03+00:00,634,28.250000,3.000000,0.525925,True,none
pedal_step_000017,pedal_step_event,pedal_to_throttle_delay,trip_0001,trip_0001_seg_001,2017-07-05 05:27:19+00:00,650,24.500000,0.000000,0.940250,True,none
pedal_step_000018,pedal_step_event,pedal_to_throttle_delay,trip_0001,trip_0001_seg_001,2017-07-05 05:29:52+00:00,803,25.100000,,,False,zero_variance
pedal_step_000019,pedal_step_event,pedal_to_throttle_delay,trip_0001,trip_0001_seg_001,2017-07-05 05:29:59+00:00,810,22.400000,,,False,duplicate_or_overlapping_event
pedal_step_000020,pedal_step_event,pedal_to_throttle_delay,trip_0001,trip_0001_seg_001,2017-07-05 05:35:19+00:00,1130,20.200000,,,False,zero_variance
pedal_step_000021,pedal_step_event,pedal_to_throttle_delay,trip_0001,trip_0001_seg_001,2017-07-05 05:40:10+00:00,1421,25.250000,0.000000,0.876282,True,none
pedal_step_000022,pedal_step_event,pedal_to_throttle_delay,trip_0001,trip_0001_seg_001,2017-07-05 05:44:00+00:00,1651,20.200000,0.000000,0.896004,True,none
pedal_step_000023,pedal_step_event,pedal_to_throttle_delay,trip_0001,trip_0001_seg_001,2017-07-05 05:44:09+00:00,1660,21.150000,1.000000,0.598420,True,none
pedal_step_000024,pedal_step_event,pedal_to_throttle_delay,trip_0001,trip_0001_seg_001,2017-07-05 05:45:00+00:00,1711,22.150000,,,False,zero_variance
pedal_step_000025,pedal_step_event,pedal_to_throttle_delay,trip_0001,trip_0001_seg_001,2017-07-05 05:45:46+00:00,1757,27.650000,1.000000,0.637236,True,none
pedal_step_000026,pedal_step_event,pedal_to_throttle_delay,trip_0001,trip_0001_seg_001,2017-07-05 05:45:50+00:00,1761,30.050000,,,False,duplicate_or_overlapping_event
pedal_step_000027,pedal_step_event,pedal_to_throttle_delay,trip_0001,trip_0001_seg_001,2017-07-05 05:46:08+00:00,1779,27.100000,,,False,zero_variance
pedal_step_000028,pedal_step_event,pedal_to_throttle_delay,trip_0001,trip_0001_seg_001,2017-07-05 05:48:56+00:00,1947,20.400000,,,False,zero_variance
pedal_step_000029,pedal_step_event,pedal_to_throttle_delay,trip_0001,trip_0001_seg_001,2017-07-05 05:49:14+00:00,1965,20.200000,3.000000,0.636795,True,none
pedal_step_000030,pedal_step_event,pedal_to_throttle_delay,trip_0001,trip_0001_seg_001,2017-07-05 05:58:10+00:00,2501,32.000000,,0.231245,False,low_correlation
pedal_step_000031,pedal_step_event,pedal_to_throttle_delay,trip_0001,trip_0001_seg_001,2017-07-05 05:58:16+00:00,2507,31.600000,,,False,duplicate_or_overlapping_event
pedal_step_000032,pedal_step_event,pedal_to_throttle_delay,trip_0001,trip_0001_seg_001,2017-07-05 06:04:59+00:00,2910,26.700000,1.000000,0.836448,True,none
pedal_step_000033,pedal_step_event,pedal_to_throttle_delay,trip_0001,trip_0001_seg_001,2017-07-05 06:10:48+00:00,3259,23.700000,0.000000,0.394554,True,none
pedal_step_000034,pedal_step_event,pedal_to_throttle_delay,trip_0001,trip_0001_seg_001,2017-07-05 06:11:02+00:00,3273,26.050000,,,False,zero_variance
pedal_step_000035,pedal_step_event,pedal_to_throttle_delay,trip_0001,trip_0001_seg_001,2017-07-05 06:18:42+00:00,3733,23.900000,1.000000,0.592749,True,none
pedal_step_000036,pedal_step_event,pedal_to_throttle_delay,trip_0001,trip_0001_seg_001,2017-07-05 06:19:35+00:00,3786,29.800000,,,False,zero_variance
pedal_step_000037,pedal_step_event,pedal_to_throttle_delay,trip_0001,trip_0001_seg_001,2017-07-05 06:20:00+00:00,3811,27.250000,0.000000,0.332638,True,none
pedal_step_000038,pedal_step_event,pedal_to_throttle_delay,trip_0002,trip_0002_seg_001,2017-07-05 17:21:13+00:00,235,22.550000,0.000000,0.758901,True,none
pedal_step_000039,pedal_step_event,pedal_to_throttle_delay,trip_0002,trip_0002_seg_001,2017-07-05 17:22:58+00:00,340,42.150000,1.000000,0.382451,True,none
pedal_step_000040,pedal_step_event,pedal_to_throttle_delay,trip_0002,trip_0002_seg_001,2017-07-05 17:24:03+00:00,405,25.900000,0.000000,0.831458,True,none
pedal_step_000041,pedal_step_event,pedal_to_throttle_delay,trip_0002,trip_0002_seg_001,2017-07-05 17:24:06+00:00,408,42.550000,,,False,duplicate_or_overlapping_event
pedal_step_000042,pedal_step_event,pedal_to_throttle_delay,trip_0002,trip_0002_seg_001,2017-07-05 17:24:59+00:00,461,25.700000,,,False,zero_variance
pedal_step_000043,pedal_step_event,pedal_to_throttle_delay,trip_0002,trip_0002_seg_001,2017-07-05 17:25:04+00:00,466,22.950000,,,False,duplicate_or_overlapping_event
pedal_step_000044,pedal_step_event,pedal_to_throttle_delay,trip_0002,trip_0002_seg_001,2017-07-05 17:28:14+00:00,656,42.600000,,,False,zero_variance
pedal_step_000045,pedal_step_event,pedal_to_throttle_delay,trip_0002,trip_0002_seg_001,2017-07-05 17:31:34+00:00,856,25.250000,,,False,zero_variance
pedal_step_000046,pedal_step_event,pedal_to_throttle_delay,trip_0002,trip_0002_seg_001,2017-07-05 17:31:51+00:00,873,55.450000,,,False,zero_variance
pedal_step_000047,pedal_step_event,pedal_to_throttle_delay,trip_0002,trip_0002_seg_001,2017-07-05 17:32:45+00:00,927,22.750000,,,False,zero_variance
pedal_step_000048,pedal_step_event,pedal_to_throttle_delay,trip_0002,trip_0002_seg_001,2017-07-05 17:33:10+00:00,952,24.300000,,,False,zero_variance
pedal_step_000049,pedal_step_event,pedal_to_throttle_delay,trip_0002,trip_0002_seg_001,2017-07-05 17:33:41+00:00,983,21.950000,,,False,zero_variance
pedal_step_000050,pedal_step_event,pedal_to_throttle_delay,trip_0002,trip_0002_seg_001,2017-07-05 17:33:46+00:00,988,34.950000,,,False,duplicate_or_overlapping_event
pedal_step_000051,pedal_step_event,pedal_to_throttle_delay,trip_0002,trip_0002_seg_001,2017-07-05 17:33:51+00:00,993,20.250000,,,False,zero_variance
pedal_step_000052,pedal_step_event,pedal_to_throttle_delay,trip_0002,trip_0002_seg_001,2017-07-05 17:33:52+00:00,994,26.600000,,,False,duplicate_or_overlapping_event
pedal_step_000053,pedal_step_event,pedal_to_throttle_delay,trip_0002,trip_0002_seg_001,2017-07-05 17:35:33+00:00,1095,20.600000,,,False,zero_variance
pedal_step_000054,pedal_step_event,pedal_to_throttle_delay,trip_0002,trip_0002_seg_001,2017-07-05 17:36:28+00:00,1150,31.950000,,,False,zero_variance
pedal_step_000055,pedal_step_event,pedal_to_throttle_delay,trip_0002,trip_0002_seg_001,2017-07-05 17:36:54+00:00,1176,36.100000,,,False,zero_variance
pedal_step_000056,pedal_step_event,pedal_to_throttle_delay,trip_0002,trip_0002_seg_001,2017-07-05 17:41:45+00:00,1467,23.000000,,,False,zero_variance
pedal_step_000057,pedal_step_event,pedal_to_throttle_delay,trip_0002,trip_0002_seg_001,2017-07-05 17:44:54+00:00,1656,24.900000,,,False,zero_variance
pedal_step_000058,pedal_step_event,pedal_to_throttle_delay,trip_0002,trip_0002_seg_001,2017-07-05 17:44:55+00:00,1657,24.900000,,,False,duplicate_or_overlapping_event
pedal_step_000059,pedal_step_event,pedal_to_throttle_delay,trip_0002,trip_0002_seg_001,2017-07-05 17:45:04+00:00,1666,41.400000,,,False,zero_variance
pedal_step_000060,pedal_step_event,pedal_to_throttle_delay,trip_0002,trip_0002_seg_001,2017-07-05 17:49:01+00:00,1903,52.600000,,,False,zero_variance
pedal_step_000061,pedal_step_event,pedal_to_throttle_delay,trip_0002,trip_0002_seg_001,2017-07-05 17:56:05+00:00,2327,25.100000,0.000000,0.911228,True,none
pedal_step_000062,pedal_step_event,pedal_to_throttle_delay,trip_0002,trip_0002_seg_001,2017-07-05 17:57:48+00:00,2430,28.400000,,0.043874,False,low_correlation
pedal_step_000063,pedal_step_event,pedal_to_throttle_delay,trip_0002,trip_0002_seg_001,2017-07-05 17:59:19+00:00,2521,21.800000,,0.000000,False,low_correlation
pedal_step_000064,pedal_step_event,pedal_to_throttle_delay,trip_0002,trip_0002_seg_001,2017-07-05 18:03:15+00:00,2757,21.150000,,,False,zero_variance
pedal_step_000065,pedal_step_event,pedal_to_throttle_delay,trip_0002,trip_0002_seg_001,2017-07-05 18:03:32+00:00,2774,30.400000,,0.068081,False,low_correlation
pedal_step_000066,pedal_step_event,pedal_to_throttle_delay,trip_0002,trip_0002_seg_001,2017-07-05 18:03:45+00:00,2787,24.900000,,0.089584,False,low_correlation
pedal_step_000067,pedal_step_event,pedal_to_throttle_delay,trip_0002,trip_0002_seg_001,2017-07-05 18:05:00+00:00,2862,26.500000,,,False,zero_variance
pedal_step_000068,pedal_step_event,pedal_to_throttle_delay,trip_0002,trip_0002_seg_001,2017-07-05 18:05:12+00:00,2874,21.400000,,,False,zero_variance
pedal_step_000069,pedal_step_event,pedal_to_throttle_delay,trip_0002,trip_0002_seg_001,2017-07-05 18:06:29+00:00,2951,31.400000,,,False,zero_variance
pedal_step_000070,pedal_step_event,pedal_to_throttle_delay,trip_0002,trip_0002_seg_001,2017-07-05 18:08:00+00:00,3042,24.300000,,,False,zero_variance
pedal_step_000071,pedal_step_event,pedal_to_throttle_delay,trip_0003,trip_0003_seg_001,2017-07-06 06:42:16+00:00,259,31.000000,1.000000,0.648180,True,none
pedal_step_000072,pedal_step_event,pedal_to_throttle_delay,trip_0003,trip_0003_seg_001,2017-07-06 06:43:09+00:00,312,21.000000,0.000000,0.379269,True,none
pedal_step_000073,pedal_step_event,pedal_to_throttle_delay,trip_0003,trip_0003_seg_001,2017-07-06 06:43:29+00:00,332,21.950000,0.000000,0.749232,True,none
pedal_step_000074,pedal_step_event,pedal_to_throttle_delay,trip_0003,trip_0003_seg_001,2017-07-06 06:43:33+00:00,336,32.000000,,,False,duplicate_or_overlapping_event
pedal_step_000075,pedal_step_event,pedal_to_throttle_delay,trip_0003,trip_0003_seg_001,2017-07-06 06:44:20+00:00,383,23.900000,0.000000,0.981212,True,none
pedal_step_000076,pedal_step_event,pedal_to_throttle_delay,trip_0003,trip_0003_seg_001,2017-07-06 06:45:26+00:00,449,20.400000,,,False,zero_variance
pedal_step_000077,pedal_step_event,pedal_to_throttle_delay,trip_0003,trip_0003_seg_001,2017-07-06 06:45:33+00:00,456,21.050000,,,False,duplicate_or_overlapping_event
pedal_step_000078,pedal_step_event,pedal_to_throttle_delay,trip_0003,trip_0003_seg_001,2017-07-06 06:45:40+00:00,463,41.200000,0.000000,0.957168,True,none
pedal_step_000079,pedal_step_event,pedal_to_throttle_delay,trip_0003,trip_0003_seg_001,2017-07-06 06:48:36+00:00,639,32.400000,0.000000,0.803169,True,none
pedal_step_000080,pedal_step_event,pedal_to_throttle_delay,trip_0003,trip_0003_seg_001,2017-07-06 06:48:40+00:00,643,24.500000,,,False,duplicate_or_overlapping_event
pedal_step_000081,pedal_step_event,pedal_to_throttle_delay,trip_0003,trip_0003_seg_001,2017-07-06 06:49:21+00:00,684,37.050000,0.000000,0.794292,True,none
pedal_step_000082,pedal_step_event,pedal_to_throttle_delay,trip_0003,trip_0003_seg_001,2017-07-06 06:50:31+00:00,754,23.900000,3.000000,0.499476,True,none
pedal_step_000083,pedal_step_event,pedal_to_throttle_delay,trip_0003,trip_0003_seg_001,2017-07-06 06:50:34+00:00,757,22.150000,,,False,duplicate_or_overlapping_event
pedal_step_000084,pedal_step_event,pedal_to_throttle_delay,trip_0003,trip_0003_seg_001,2017-07-06 06:51:34+00:00,817,23.750000,0.000000,0.789276,True,none
pedal_step_000085,pedal_step_event,pedal_to_throttle_delay,trip_0003,trip_0003_seg_001,2017-07-06 06:51:37+00:00,820,32.150000,,,False,duplicate_or_overlapping_event
pedal_step_000086,pedal_step_event,pedal_to_throttle_delay,trip_0003,trip_0003_seg_001,2017-07-06 06:51:43+00:00,826,34.950000,2.000000,0.785339,True,none
pedal_step_000087,pedal_step_event,pedal_to_throttle_delay,trip_0003,trip_0003_seg_001,2017-07-06 06:53:14+00:00,917,23.150000,3.000000,0.693578,True,none
pedal_step_000088,pedal_step_event,pedal_to_throttle_delay,trip_0003,trip_0003_seg_001,2017-07-06 06:53:16+00:00,919,34.750000,,,False,duplicate_or_overlapping_event
pedal_step_000089,pedal_step_event,pedal_to_throttle_delay,trip_0003,trip_0003_seg_001,2017-07-06 06:53:38+00:00,941,20.750000,3.000000,0.340363,True,none
pedal_step_000090,pedal_step_event,pedal_to_throttle_delay,trip_0003,trip_0003_seg_001,2017-07-06 06:59:41+00:00,1304,21.550000,0.000000,0.738172,True,none
pedal_step_000091,pedal_step_event,pedal_to_throttle_delay,trip_0004,trip_0004_seg_001,2017-07-06 16:56:11+00:00,104,23.300000,0.000000,0.843135,True,none
pedal_step_000092,pedal_step_event,pedal_to_throttle_delay,trip_0004,trip_0004_seg_001,2017-07-06 16:56:34+00:00,127,21.950000,0.000000,0.782975,True,none
pedal_step_000093,pedal_step_event,pedal_to_throttle_delay,trip_0004,trip_0004_seg_001,2017-07-06 16:56:36+00:00,129,30.000000,,,False,duplicate_or_overlapping_event
pedal_step_000094,pedal_step_event,pedal_to_throttle_delay,trip_0004,trip_0004_seg_001,2017-07-06 16:58:11+00:00,224,21.600000,0.000000,0.678137,True,none
pedal_step_000095,pedal_step_event,pedal_to_throttle_delay,trip_0004,trip_0004_seg_001,2017-07-06 16:58:22+00:00,235,21.800000,0.000000,0.753824,True,none
pedal_step_000096,pedal_step_event,pedal_to_throttle_delay,trip_0004,trip_0004_seg_001,2017-07-06 17:00:38+00:00,371,20.200000,1.000000,0.474939,True,none
pedal_step_000097,pedal_step_event,pedal_to_throttle_delay,trip_0004,trip_0004_seg_001,2017-07-06 17:06:49+00:00,742,24.900000,0.000000,0.561468,True,none
pedal_step_000098,pedal_step_event,pedal_to_throttle_delay,trip_0004,trip_0004_seg_001,2017-07-06 17:07:43+00:00,796,37.100000,0.000000,0.985126,True,none
pedal_step_000099,pedal_step_event,pedal_to_throttle_delay,trip_0004,trip_0004_seg_001,2017-07-06 17:07:58+00:00,811,21.600000,,,False,zero_variance
pedal_step_000100,pedal_step_event,pedal_to_throttle_delay,trip_0004,trip_0004_seg_001,2017-07-06 17:14:48+00:00,1221,55.300000,0.000000,0.718475,True,none
pedal_step_000101,pedal_step_event,pedal_to_throttle_delay,trip_0004,trip_0004_seg_001,2017-07-06 17:14:53+00:00,1226,32.150000,,,False,duplicate_or_overlapping_event
pedal_step_000102,pedal_step_event,pedal_to_throttle_delay,trip_0004,trip_0004_seg_001,2017-07-06 17:14:55+00:00,1228,25.700000,,,False,duplicate_or_overlapping_event
pedal_step_000103,pedal_step_event,pedal_to_throttle_delay,trip_0004,trip_0004_seg_001,2017-07-06 17:15:05+00:00,1238,20.400000,,,False,zero_variance
pedal_step_000104,pedal_step_event,pedal_to_throttle_delay,trip_0004,trip_0004_seg_001,2017-07-06 17:19:30+00:00,1503,20.950000,0.000000,0.390410,True,none
pedal_step_000105,pedal_step_event,pedal_to_throttle_delay,trip_0004,trip_0004_seg_001,2017-07-06 17:25:24+00:00,1857,28.050000,,0.263987,False,low_correlation
pedal_step_000106,pedal_step_event,pedal_to_throttle_delay,trip_0004,trip_0004_seg_001,2017-07-06 17:27:25+00:00,1978,20.600000,,,False,zero_variance
pedal_step_000107,pedal_step_event,pedal_to_throttle_delay,trip_0004,trip_0004_seg_001,2017-07-06 17:28:13+00:00,2026,20.200000,,,False,zero_variance
pedal_step_000108,pedal_step_event,pedal_to_throttle_delay,trip_0004,trip_0004_seg_001,2017-07-06 17:28:24+00:00,2037,21.200000,0.000000,0.651553,True,none
pedal_step_000109,pedal_step_event,pedal_to_throttle_delay,trip_0004,trip_0004_seg_001,2017-07-06 17:28:33+00:00,2046,30.000000,0.000000,0.958262,True,none
pedal_step_000110,pedal_step_event,pedal_to_throttle_delay,trip_0004,trip_0004_seg_001,2017-07-06 17:29:01+00:00,2074,22.950000,,,False,zero_variance
pedal_step_000111,pedal_step_event,pedal_to_throttle_delay,trip_0004,trip_0004_seg_001,2017-07-06 17:29:15+00:00,2088,20.400000,1.000000,0.795701,True,none
pedal_step_000112,pedal_step_event,pedal_to_throttle_delay,trip_0004,trip_0004_seg_001,2017-07-06 17:31:00+00:00,2193,47.850000,,,False,zero_variance
pedal_step_000113,pedal_step_event,pedal_to_throttle_delay,trip_0004,trip_0004_seg_001,2017-07-06 17:31:14+00:00,2207,20.400000,,,False,zero_variance
pedal_step_000114,pedal_step_event,pedal_to_throttle_delay,trip_0004,trip_0004_seg_001,2017-07-06 17:31:57+00:00,2250,38.250000,,,False,zero_variance
pedal_step_000115,pedal_step_event,pedal_to_throttle_delay,trip_0004,trip_0004_seg_001,2017-07-06 17:33:17+00:00,2330,31.350000,,,False,zero_variance
pedal_step_000116,pedal_step_event,pedal_to_throttle_delay,trip_0004,trip_0004_seg_001,2017-07-06 17:33:19+00:00,2332,20.600000,,,False,duplicate_or_overlapping_event
pedal_step_000117,pedal_step_event,pedal_to_throttle_delay,trip_0004,trip_0004_seg_001,2017-07-06 17:36:34+00:00,2527,54.100000,,,False,zero_variance
pedal_step_000118,pedal_step_event,pedal_to_throttle_delay,trip_0004,trip_0004_seg_001,2017-07-06 17:37:11+00:00,2564,53.950000,,,False,zero_variance
pedal_step_000119,pedal_step_event,pedal_to_throttle_delay,trip_0004,trip_0004_seg_001,2017-07-06 17:42:23+00:00,2876,26.450000,,,False,zero_variance
pedal_step_000120,pedal_step_event,pedal_to_throttle_delay,trip_0004,trip_0004_seg_001,2017-07-06 17:50:11+00:00,3344,25.900000,1.000000,0.761810,True,none
pedal_step_000121,pedal_step_event,pedal_to_throttle_delay,trip_0004,trip_0004_seg_001,2017-07-06 17:53:55+00:00,3568,21.750000,,,False,zero_variance
pedal_step_000122,pedal_step_event,pedal_to_throttle_delay,trip_0004,trip_0004_seg_001,2017-07-06 17:56:36+00:00,3729,20.800000,,,False,zero_variance
pedal_step_000123,pedal_step_event,pedal_to_throttle_delay,trip_0004,trip_0004_seg_001,2017-07-06 18:06:55+00:00,4348,22.000000,,,False,zero_variance
pedal_step_000124,pedal_step_event,pedal_to_throttle_delay,trip_0004,trip_0004_seg_001,2017-07-06 18:09:52+00:00,4525,25.100000,0.000000,0.547758,True,none
pedal_step_000125,pedal_step_event,pedal_to_throttle_delay,trip_0004,trip_0004_seg_001,2017-07-06 18:11:17+00:00,4610,32.150000,0.000000,0.938297,True,none
pedal_step_000126,pedal_step_event,pedal_to_throttle_delay,trip_0004,trip_0004_seg_001,2017-07-06 18:11:21+00:00,4614,33.950000,,,False,duplicate_or_overlapping_event
pedal_step_000127,pedal_step_event,pedal_to_throttle_delay,trip_0004,trip_0004_seg_001,2017-07-06 18:11:27+00:00,4620,21.350000,,,False,zero_variance
pedal_step_000128,pedal_step_event,pedal_to_throttle_delay,trip_0005,trip_0005_seg_001,2017-07-07 05:25:04+00:00,113,21.350000,3.000000,0.459581,True,none
pedal_step_000129,pedal_step_event,pedal_to_throttle_delay,trip_0005,trip_0005_seg_001,2017-07-07 05:25:27+00:00,136,26.850000,,0.290916,False,low_correlation
pedal_step_000130,pedal_step_event,pedal_to_throttle_delay,trip_0005,trip_0005_seg_001,2017-07-07 05:26:45+00:00,214,21.550000,,,False,zero_variance
pedal_step_000131,pedal_step_event,pedal_to_throttle_delay,trip_0005,trip_0005_seg_001,2017-07-07 05:28:06+00:00,295,36.700000,1.000000,0.843190,True,none
pedal_step_000132,pedal_step_event,pedal_to_throttle_delay,trip_0005,trip_0005_seg_001,2017-07-07 05:30:07+00:00,416,26.300000,0.000000,0.606993,True,none
pedal_step_000133,pedal_step_event,pedal_to_throttle_delay,trip_0005,trip_0005_seg_001,2017-07-07 05:31:04+00:00,473,41.200000,,0.109384,False,low_correlation
pedal_step_000134,pedal_step_event,pedal_to_throttle_delay,trip_0005,trip_0005_seg_001,2017-07-07 05:45:53+00:00,1362,23.900000,0.000000,0.776716,True,none
pedal_step_000135,pedal_step_event,pedal_to_throttle_delay,trip_0005,trip_0005_seg_001,2017-07-07 05:50:35+00:00,1644,21.750000,0.000000,0.802642,True,none
pedal_step_000136,pedal_step_event,pedal_to_throttle_delay,trip_0005,trip_0005_seg_001,2017-07-07 05:50:50+00:00,1659,29.750000,,,False,zero_variance
pedal_step_000137,pedal_step_event,pedal_to_throttle_delay,trip_0005,trip_0005_seg_001,2017-07-07 05:50:57+00:00,1666,21.000000,,,False,duplicate_or_overlapping_event
pedal_step_000138,pedal_step_event,pedal_to_throttle_delay,trip_0005,trip_0005_seg_001,2017-07-07 05:50:58+00:00,1667,29.200000,,,False,duplicate_or_overlapping_event
pedal_step_000139,pedal_step_event,pedal_to_throttle_delay,trip_0005,trip_0005_seg_001,2017-07-07 05:58:22+00:00,2111,28.450000,0.000000,0.801899,True,none
pedal_step_000140,pedal_step_event,pedal_to_throttle_delay,trip_0005,trip_0005_seg_001,2017-07-07 06:01:44+00:00,2313,21.500000,3.000000,0.469342,True,none
pedal_step_000141,pedal_step_event,pedal_to_throttle_delay,trip_0005,trip_0005_seg_001,2017-07-07 06:10:30+00:00,2839,20.200000,,0.233560,False,low_correlation
pedal_step_000142,pedal_step_event,pedal_to_throttle_delay,trip_0005,trip_0005_seg_001,2017-07-07 06:12:30+00:00,2959,27.250000,0.000000,0.449384,True,none
pedal_step_000143,pedal_step_event,pedal_to_throttle_delay,trip_0005,trip_0005_seg_001,2017-07-07 06:13:42+00:00,3031,22.700000,,,False,zero_variance
pedal_step_000144,pedal_step_event,pedal_to_throttle_delay,trip_0005,trip_0005_seg_001,2017-07-07 06:13:44+00:00,3033,24.150000,,,False,duplicate_or_overlapping_event
pedal_step_000145,pedal_step_event,pedal_to_throttle_delay,trip_0006,trip_0006_seg_001,2017-07-07 17:24:34+00:00,9,24.500000,0.000000,0.839932,True,none
pedal_step_000146,pedal_step_event,pedal_to_throttle_delay,trip_0006,trip_0006_seg_001,2017-07-07 17:24:38+00:00,13,40.650000,,,False,duplicate_or_overlapping_event
pedal_step_000147,pedal_step_event,pedal_to_throttle_delay,trip_0006,trip_0006_seg_001,2017-07-07 17:25:00+00:00,35,21.950000,1.000000,0.899179,True,none
pedal_step_000148,pedal_step_event,pedal_to_throttle_delay,trip_0006,trip_0006_seg_001,2017-07-07 17:25:52+00:00,87,20.600000,3.000000,0.429709,True,none
pedal_step_000149,pedal_step_event,pedal_to_throttle_delay,trip_0006,trip_0006_seg_001,2017-07-07 17:25:59+00:00,94,20.400000,,,False,duplicate_or_overlapping_event
pedal_step_000150,pedal_step_event,pedal_to_throttle_delay,trip_0006,trip_0006_seg_001,2017-07-07 17:27:02+00:00,157,26.250000,0.000000,0.647506,True,none
pedal_step_000151,pedal_step_event,pedal_to_throttle_delay,trip_0006,trip_0006_seg_001,2017-07-07 17:27:04+00:00,159,28.250000,,,False,duplicate_or_overlapping_event
pedal_step_000152,pedal_step_event,pedal_to_throttle_delay,trip_0006,trip_0006_seg_001,2017-07-07 17:27:08+00:00,163,36.600000,,,False,duplicate_or_overlapping_event
pedal_step_000153,pedal_step_event,pedal_to_throttle_delay,trip_0006,trip_0006_seg_001,2017-07-07 17:27:33+00:00,188,23.750000,,,False,zero_variance
pedal_step_000154,pedal_step_event,pedal_to_throttle_delay,trip_0006,trip_0006_seg_001,2017-07-07 17:27:48+00:00,203,20.600000,2.000000,0.731786,True,none
pedal_step_000155,pedal_step_event,pedal_to_throttle_delay,trip_0006,trip_0006_seg_001,2017-07-07 17:27:54+00:00,209,38.200000,,,False,duplicate_or_overlapping_event
pedal_step_000156,pedal_step_event,pedal_to_throttle_delay,trip_0006,trip_0006_seg_001,2017-07-07 17:28:06+00:00,221,31.000000,0.000000,0.942360,True,none
pedal_step_000157,pedal_step_event,pedal_to_throttle_delay,trip_0006,trip_0006_seg_001,2017-07-07 17:28:18+00:00,233,20.050000,,,False,zero_variance
pedal_step_000158,pedal_step_event,pedal_to_throttle_delay,trip_0006,trip_0006_seg_001,2017-07-07 17:28:22+00:00,237,47.250000,,,False,duplicate_or_overlapping_event
pedal_step_000159,pedal_step_event,pedal_to_throttle_delay,trip_0006,trip_0006_seg_001,2017-07-07 17:37:41+00:00,796,20.400000,1.000000,0.676211,True,none
pedal_step_000160,pedal_step_event,pedal_to_throttle_delay,trip_0006,trip_0006_seg_001,2017-07-07 17:39:02+00:00,877,36.100000,0.000000,0.472767,True,none
pedal_step_000161,pedal_step_event,pedal_to_throttle_delay,trip_0006,trip_0006_seg_001,2017-07-07 17:39:15+00:00,890,34.900000,0.000000,0.407559,True,none
pedal_step_000162,pedal_step_event,pedal_to_throttle_delay,trip_0006,trip_0006_seg_001,2017-07-07 17:41:06+00:00,1001,36.300000,,,False,zero_variance
pedal_step_000163,pedal_step_event,pedal_to_throttle_delay,trip_0006,trip_0006_seg_001,2017-07-07 17:44:05+00:00,1180,20.400000,,,False,zero_variance
pedal_step_000164,pedal_step_event,pedal_to_throttle_delay,trip_0006,trip_0006_seg_001,2017-07-07 17:44:18+00:00,1193,29.250000,0.000000,0.570448,True,none
pedal_step_000165,pedal_step_event,pedal_to_throttle_delay,trip_0006,trip_0006_seg_001,2017-07-07 17:52:20+00:00,1675,37.450000,,,False,zero_variance
pedal_step_000166,pedal_step_event,pedal_to_throttle_delay,trip_0006,trip_0006_seg_001,2017-07-07 17:53:22+00:00,1737,23.350000,0.000000,0.893182,True,none
pedal_step_000167,pedal_step_event,pedal_to_throttle_delay,trip_0006,trip_0006_seg_001,2017-07-07 17:54:09+00:00,1784,23.950000,1.000000,0.964416,True,none
pedal_step_000168,pedal_step_event,pedal_to_throttle_delay,trip_0006,trip_0006_seg_001,2017-07-07 17:55:31+00:00,1866,35.450000,0.000000,0.670879,True,none
pedal_step_000169,pedal_step_event,pedal_to_throttle_delay,trip_0006,trip_0006_seg_001,2017-07-07 17:56:13+00:00,1908,24.700000,,,False,zero_variance
pedal_step_000170,pedal_step_event,pedal_to_throttle_delay,trip_0006,trip_0006_seg_001,2017-07-07 17:58:16+00:00,2031,24.500000,,,False,zero_variance
pedal_step_000171,pedal_step_event,pedal_to_throttle_delay,trip_0006,trip_0006_seg_001,2017-07-07 18:00:05+00:00,2140,20.600000,,,False,zero_variance
pedal_step_000172,pedal_step_event,pedal_to_throttle_delay,trip_0006,trip_0006_seg_001,2017-07-07 18:02:09+00:00,2264,20.200000,,,False,zero_variance
pedal_step_000173,pedal_step_event,pedal_to_throttle_delay,trip_0006,trip_0006_seg_001,2017-07-07 18:02:13+00:00,2268,21.400000,,,False,duplicate_or_overlapping_event
pedal_step_000174,pedal_step_event,pedal_to_throttle_delay,trip_0007,trip_0007_seg_001,2017-07-10 07:01:17+00:00,253,21.350000,1.000000,0.485052,True,none
pedal_step_000175,pedal_step_event,pedal_to_throttle_delay,trip_0007,trip_0007_seg_001,2017-07-10 07:02:15+00:00,311,24.100000,,,False,zero_variance
pedal_step_000176,pedal_step_event,pedal_to_throttle_delay,trip_0007,trip_0007_seg_001,2017-07-10 07:03:37+00:00,393,47.300000,2.000000,0.861087,True,none
pedal_step_000177,pedal_step_event,pedal_to_throttle_delay,trip_0007,trip_0007_seg_001,2017-07-10 07:06:39+00:00,575,32.750000,,,False,zero_variance
pedal_step_000178,pedal_step_event,pedal_to_throttle_delay,trip_0007,trip_0007_seg_001,2017-07-10 07:08:18+00:00,674,26.650000,,,False,zero_variance
pedal_step_000179,pedal_step_event,pedal_to_throttle_delay,trip_0007,trip_0007_seg_001,2017-07-10 07:09:03+00:00,719,23.900000,3.000000,0.723373,True,none
pedal_step_000180,pedal_step_event,pedal_to_throttle_delay,trip_0007,trip_0007_seg_001,2017-07-10 07:09:05+00:00,721,25.500000,,,False,duplicate_or_overlapping_event
pedal_step_000181,pedal_step_event,pedal_to_throttle_delay,trip_0007,trip_0007_seg_001,2017-07-10 07:09:10+00:00,726,23.500000,,,False,duplicate_or_overlapping_event
pedal_step_000182,pedal_step_event,pedal_to_throttle_delay,trip_0007,trip_0007_seg_001,2017-07-10 07:10:30+00:00,806,28.600000,0.000000,0.569689,True,none
pedal_step_000183,pedal_step_event,pedal_to_throttle_delay,trip_0007,trip_0007_seg_001,2017-07-10 07:10:31+00:00,807,28.250000,,,False,duplicate_or_overlapping_event
pedal_step_000184,pedal_step_event,pedal_to_throttle_delay,trip_0007,trip_0007_seg_001,2017-07-10 07:15:06+00:00,1082,21.550000,0.000000,0.728444,True,none
pedal_step_000185,pedal_step_event,pedal_to_throttle_delay,trip_0007,trip_0007_seg_001,2017-07-10 07:16:00+00:00,1136,34.100000,0.000000,0.875140,True,none
pedal_step_000186,pedal_step_event,pedal_to_throttle_delay,trip_0008,trip_0008_seg_001,2017-07-11 06:26:14+00:00,106,29.600000,,,False,zero_variance
pedal_step_000187,pedal_step_event,pedal_to_throttle_delay,trip_0008,trip_0008_seg_001,2017-07-11 06:26:41+00:00,133,29.250000,3.000000,0.503337,True,none
pedal_step_000188,pedal_step_event,pedal_to_throttle_delay,trip_0008,trip_0008_seg_001,2017-07-11 06:26:56+00:00,148,23.900000,1.000000,0.369412,True,none
pedal_step_000189,pedal_step_event,pedal_to_throttle_delay,trip_0008,trip_0008_seg_001,2017-07-11 06:27:32+00:00,184,36.100000,3.000000,0.709365,True,none
pedal_step_000190,pedal_step_event,pedal_to_throttle_delay,trip_0008,trip_0008_seg_001,2017-07-11 06:27:49+00:00,201,22.150000,0.000000,0.555191,True,none
pedal_step_000191,pedal_step_event,pedal_to_throttle_delay,trip_0008,trip_0008_seg_001,2017-07-11 06:27:58+00:00,210,30.000000,0.000000,0.750379,True,none
pedal_step_000192,pedal_step_event,pedal_to_throttle_delay,trip_0008,trip_0008_seg_001,2017-07-11 06:28:36+00:00,248,24.700000,,,False,zero_variance
pedal_step_000193,pedal_step_event,pedal_to_throttle_delay,trip_0008,trip_0008_seg_001,2017-07-11 06:29:05+00:00,277,22.600000,3.000000,0.814720,True,none
pedal_step_000194,pedal_step_event,pedal_to_throttle_delay,trip_0008,trip_0008_seg_001,2017-07-11 06:29:07+00:00,279,32.350000,,,False,duplicate_or_overlapping_event
pedal_step_000195,pedal_step_event,pedal_to_throttle_delay,trip_0008,trip_0008_seg_001,2017-07-11 06:29:16+00:00,288,38.450000,0.000000,0.980735,True,none
pedal_step_000196,pedal_step_event,pedal_to_throttle_delay,trip_0008,trip_0008_seg_001,2017-07-11 06:29:49+00:00,321,22.150000,0.000000,0.853453,True,none
pedal_step_000197,pedal_step_event,pedal_to_throttle_delay,trip_0008,trip_0008_seg_001,2017-07-11 06:30:25+00:00,357,27.050000,,,False,zero_variance
pedal_step_000198,pedal_step_event,pedal_to_throttle_delay,trip_0008,trip_0008_seg_001,2017-07-11 06:30:41+00:00,373,27.100000,,,False,zero_variance
pedal_step_000199,pedal_step_event,pedal_to_throttle_delay,trip_0008,trip_0008_seg_001,2017-07-11 06:31:12+00:00,404,24.350000,,0.085730,False,low_correlation
pedal_step_000200,pedal_step_event,pedal_to_throttle_delay,trip_0008,trip_0008_seg_005,2017-07-11 06:44:38+00:00,67,23.150000,0.000000,0.714057,True,none
pedal_step_000201,pedal_step_event,pedal_to_throttle_delay,trip_0008,trip_0008_seg_005,2017-07-11 06:45:19+00:00,108,28.000000,,,False,zero_variance
pedal_step_000202,pedal_step_event,pedal_to_throttle_delay,trip_0008,trip_0008_seg_005,2017-07-11 06:45:24+00:00,113,22.750000,,,False,duplicate_or_overlapping_event
pedal_step_000203,pedal_step_event,pedal_to_throttle_delay,trip_0008,trip_0008_seg_005,2017-07-11 06:45:25+00:00,114,21.800000,,,False,duplicate_or_overlapping_event
pedal_step_000204,pedal_step_event,pedal_to_throttle_delay,trip_0008,trip_0008_seg_005,2017-07-11 06:45:54+00:00,143,23.150000,0.000000,0.404553,True,none
pedal_step_000205,pedal_step_event,pedal_to_throttle_delay,trip_0008,trip_0008_seg_005,2017-07-11 06:47:14+00:00,223,20.650000,,,False,zero_variance
pedal_step_000206,pedal_step_event,pedal_to_throttle_delay,trip_0008,trip_0008_seg_005,2017-07-11 06:49:26+00:00,355,25.650000,3.000000,0.478979,True,none
pedal_step_000207,pedal_step_event,pedal_to_throttle_delay,trip_0008,trip_0008_seg_005,2017-07-11 06:53:05+00:00,574,25.500000,1.000000,0.791390,True,none
pedal_step_000208,pedal_step_event,pedal_to_throttle_delay,trip_0008,trip_0008_seg_005,2017-07-11 06:54:57+00:00,686,20.800000,,0.190823,False,low_correlation
pedal_step_000209,pedal_step_event,pedal_to_throttle_delay,trip_0008,trip_0008_seg_005,2017-07-11 06:55:48+00:00,737,20.950000,0.000000,0.697394,True,none
pedal_step_000210,pedal_step_event,pedal_to_throttle_delay,trip_0008,trip_0008_seg_005,2017-07-11 06:59:16+00:00,945,27.650000,0.000000,0.757711,True,none
pedal_step_000211,pedal_step_event,pedal_to_throttle_delay,trip_0009,trip_0009_seg_001,2017-07-11 11:42:30+00:00,57,21.550000,0.000000,0.840698,True,none
pedal_step_000212,pedal_step_event,pedal_to_throttle_delay,trip_0009,trip_0009_seg_001,2017-07-11 11:42:32+00:00,59,31.150000,,,False,duplicate_or_overlapping_event
pedal_step_000213,pedal_step_event,pedal_to_throttle_delay,trip_0009,trip_0009_seg_001,2017-07-11 11:44:15+00:00,162,26.100000,1.000000,0.849244,True,none
pedal_step_000214,pedal_step_event,pedal_to_throttle_delay,trip_0009,trip_0009_seg_001,2017-07-11 11:44:36+00:00,183,21.550000,0.000000,0.831129,True,none
pedal_step_000215,pedal_step_event,pedal_to_throttle_delay,trip_0009,trip_0009_seg_001,2017-07-11 11:45:27+00:00,234,21.000000,0.000000,0.338893,True,none
pedal_step_000216,pedal_step_event,pedal_to_throttle_delay,trip_0009,trip_0009_seg_001,2017-07-11 11:47:03+00:00,330,23.350000,0.000000,0.746185,True,none
pedal_step_000217,pedal_step_event,pedal_to_throttle_delay,trip_0009,trip_0009_seg_001,2017-07-11 11:47:05+00:00,332,26.450000,,,False,duplicate_or_overlapping_event
pedal_step_000218,pedal_step_event,pedal_to_throttle_delay,trip_0009,trip_0009_seg_001,2017-07-11 11:47:57+00:00,384,29.800000,0.000000,0.714426,True,none
pedal_step_000219,pedal_step_event,pedal_to_throttle_delay,trip_0009,trip_0009_seg_001,2017-07-11 11:48:57+00:00,444,22.900000,0.000000,0.752956,True,none
pedal_step_000220,pedal_step_event,pedal_to_throttle_delay,trip_0009,trip_0009_seg_001,2017-07-11 11:49:00+00:00,447,28.800000,,,False,duplicate_or_overlapping_event
pedal_step_000221,pedal_step_event,pedal_to_throttle_delay,trip_0009,trip_0009_seg_001,2017-07-11 11:49:16+00:00,463,26.100000,1.000000,0.735459,True,none
pedal_step_000222,pedal_step_event,pedal_to_throttle_delay,trip_0009,trip_0009_seg_001,2017-07-11 11:49:20+00:00,467,25.900000,,,False,duplicate_or_overlapping_event
pedal_step_000223,pedal_step_event,pedal_to_throttle_delay,trip_0009,trip_0009_seg_001,2017-07-11 11:49:43+00:00,490,37.800000,0.000000,0.930460,True,none
pedal_step_000224,pedal_step_event,pedal_to_throttle_delay,trip_0009,trip_0009_seg_001,2017-07-11 11:49:56+00:00,503,33.350000,2.000000,0.748901,True,none
pedal_step_000225,pedal_step_event,pedal_to_throttle_delay,trip_0009,trip_0009_seg_001,2017-07-11 11:50:02+00:00,509,24.700000,,,False,duplicate_or_overlapping_event
pedal_step_000226,pedal_step_event,pedal_to_throttle_delay,trip_0009,trip_0009_seg_001,2017-07-11 11:50:18+00:00,525,24.900000,,,False,zero_variance
pedal_step_000227,pedal_step_event,pedal_to_throttle_delay,trip_0009,trip_0009_seg_001,2017-07-11 11:50:20+00:00,527,31.950000,,,False,duplicate_or_overlapping_event
pedal_step_000228,pedal_step_event,pedal_to_throttle_delay,trip_0009,trip_0009_seg_001,2017-07-11 11:50:32+00:00,539,24.350000,,,False,zero_variance
pedal_step_000229,pedal_step_event,pedal_to_throttle_delay,trip_0009,trip_0009_seg_001,2017-07-11 11:50:59+00:00,566,35.100000,1.000000,0.841295,True,none
pedal_step_000230,pedal_step_event,pedal_to_throttle_delay,trip_0009,trip_0009_seg_001,2017-07-11 11:51:08+00:00,575,30.600000,,,False,zero_variance
pedal_step_000231,pedal_step_event,pedal_to_throttle_delay,trip_0009,trip_0009_seg_001,2017-07-11 11:51:18+00:00,585,22.150000,1.000000,0.863712,True,none
pedal_step_000232,pedal_step_event,pedal_to_throttle_delay,trip_0009,trip_0009_seg_001,2017-07-11 11:51:26+00:00,593,29.600000,,,False,duplicate_or_overlapping_event
pedal_step_000233,pedal_step_event,pedal_to_throttle_delay,trip_0009,trip_0009_seg_001,2017-07-11 11:53:13+00:00,700,29.850000,0.000000,0.731352,True,none
pedal_step_000234,pedal_step_event,pedal_to_throttle_delay,trip_0009,trip_0009_seg_001,2017-07-11 11:53:20+00:00,707,26.300000,,,False,duplicate_or_overlapping_event
pedal_step_000235,pedal_step_event,pedal_to_throttle_delay,trip_0009,trip_0009_seg_001,2017-07-11 11:53:45+00:00,732,41.800000,,,False,zero_variance
pedal_step_000236,pedal_step_event,pedal_to_throttle_delay,trip_0009,trip_0009_seg_001,2017-07-11 11:53:59+00:00,746,26.900000,,,False,zero_variance
pedal_step_000237,pedal_step_event,pedal_to_throttle_delay,trip_0009,trip_0009_seg_001,2017-07-11 11:54:09+00:00,756,37.050000,,,False,zero_variance
pedal_step_000238,pedal_step_event,pedal_to_throttle_delay,trip_0009,trip_0009_seg_001,2017-07-11 11:54:34+00:00,781,48.650000,,,False,zero_variance
pedal_step_000239,pedal_step_event,pedal_to_throttle_delay,trip_0009,trip_0009_seg_001,2017-07-11 12:00:50+00:00,1157,32.550000,0.000000,0.830236,True,none
pedal_step_000240,pedal_step_event,pedal_to_throttle_delay,trip_0009,trip_0009_seg_001,2017-07-11 12:00:51+00:00,1158,20.250000,,,False,duplicate_or_overlapping_event
pedal_step_000241,pedal_step_event,pedal_to_throttle_delay,trip_0009,trip_0009_seg_001,2017-07-11 12:02:06+00:00,1233,34.950000,,,False,zero_variance
pedal_step_000242,pedal_step_event,pedal_to_throttle_delay,trip_0009,trip_0009_seg_001,2017-07-11 12:02:10+00:00,1237,26.300000,,,False,duplicate_or_overlapping_event
pedal_step_000243,pedal_step_event,pedal_to_throttle_delay,trip_0009,trip_0009_seg_001,2017-07-11 12:02:43+00:00,1270,24.700000,,,False,zero_variance
pedal_step_000244,pedal_step_event,pedal_to_throttle_delay,trip_0009,trip_0009_seg_001,2017-07-11 12:03:03+00:00,1290,21.750000,1.000000,0.693414,True,none
pedal_step_000245,pedal_step_event,pedal_to_throttle_delay,trip_0009,trip_0009_seg_001,2017-07-11 12:03:48+00:00,1335,20.000000,,,False,zero_variance
pedal_step_000246,pedal_step_event,pedal_to_throttle_delay,trip_0009,trip_0009_seg_001,2017-07-11 12:03:54+00:00,1341,35.700000,,,False,duplicate_or_overlapping_event
pedal_step_000247,pedal_step_event,pedal_to_throttle_delay,trip_0009,trip_0009_seg_001,2017-07-11 12:07:10+00:00,1537,42.000000,0.000000,0.913291,True,none
pedal_step_000248,pedal_step_event,pedal_to_throttle_delay,trip_0009,trip_0009_seg_001,2017-07-11 12:09:20+00:00,1667,23.150000,0.000000,0.787348,True,none
pedal_step_000249,pedal_step_event,pedal_to_throttle_delay,trip_0009,trip_0009_seg_001,2017-07-11 12:09:41+00:00,1688,20.600000,,,False,zero_variance
pedal_step_000250,pedal_step_event,pedal_to_throttle_delay,trip_0009,trip_0009_seg_001,2017-07-11 12:12:54+00:00,1881,25.350000,,,False,zero_variance
pedal_step_000251,pedal_step_event,pedal_to_throttle_delay,trip_0009,trip_0009_seg_001,2017-07-11 12:13:45+00:00,1932,30.800000,,,False,zero_variance
pedal_step_000252,pedal_step_event,pedal_to_throttle_delay,trip_0009,trip_0009_seg_001,2017-07-11 12:14:28+00:00,1975,35.700000,,,False,zero_variance
pedal_step_000253,pedal_step_event,pedal_to_throttle_delay,trip_0009,trip_0009_seg_001,2017-07-11 12:16:29+00:00,2096,33.550000,,,False,zero_variance
pedal_step_000254,pedal_step_event,pedal_to_throttle_delay,trip_0009,trip_0009_seg_001,2017-07-11 12:17:32+00:00,2159,22.550000,0.000000,0.533333,True,none
pedal_step_000255,pedal_step_event,pedal_to_throttle_delay,trip_0009,trip_0009_seg_001,2017-07-11 12:17:42+00:00,2169,47.700000,,,False,zero_variance
pedal_step_000256,pedal_step_event,pedal_to_throttle_delay,trip_0009,trip_0009_seg_001,2017-07-11 12:18:01+00:00,2188,40.000000,,0.012177,False,low_correlation
pedal_step_000257,pedal_step_event,pedal_to_throttle_delay,trip_0009,trip_0009_seg_001,2017-07-11 12:18:24+00:00,2211,23.950000,,,False,zero_variance
pedal_step_000258,pedal_step_event,pedal_to_throttle_delay,trip_0009,trip_0009_seg_001,2017-07-11 12:18:58+00:00,2245,25.500000,,,False,zero_variance
pedal_step_000259,pedal_step_event,pedal_to_throttle_delay,trip_0009,trip_0009_seg_001,2017-07-11 12:20:30+00:00,2337,28.250000,,,False,zero_variance
pedal_step_000260,pedal_step_event,pedal_to_throttle_delay,trip_0009,trip_0009_seg_001,2017-07-11 12:27:50+00:00,2777,49.450000,3.000000,0.971443,True,none
pedal_step_000261,pedal_step_event,pedal_to_throttle_delay,trip_0009,trip_0009_seg_001,2017-07-11 12:27:56+00:00,2783,45.100000,,,False,duplicate_or_overlapping_event
pedal_step_000262,pedal_step_event,pedal_to_throttle_delay,trip_0009,trip_0009_seg_001,2017-07-11 12:28:43+00:00,2830,30.600000,0.000000,0.549313,True,none
pedal_step_000263,pedal_step_event,pedal_to_throttle_delay,trip_0009,trip_0009_seg_001,2017-07-11 12:28:51+00:00,2838,28.650000,,,False,duplicate_or_overlapping_event
pedal_step_000264,pedal_step_event,pedal_to_throttle_delay,trip_0009,trip_0009_seg_001,2017-07-11 12:29:30+00:00,2877,36.700000,,,False,zero_variance
pedal_step_000265,pedal_step_event,pedal_to_throttle_delay,trip_0009,trip_0009_seg_001,2017-07-11 12:33:41+00:00,3128,22.000000,1.000000,0.580113,True,none
pedal_step_000266,pedal_step_event,pedal_to_throttle_delay,trip_0009,trip_0009_seg_001,2017-07-11 12:34:02+00:00,3149,23.950000,,,False,zero_variance
pedal_step_000267,pedal_step_event,pedal_to_throttle_delay,trip_0009,trip_0009_seg_001,2017-07-11 12:35:06+00:00,3213,27.650000,0.000000,0.740651,True,none
pedal_step_000268,pedal_step_event,pedal_to_throttle_delay,trip_0009,trip_0009_seg_001,2017-07-11 12:35:13+00:00,3220,23.500000,,,False,duplicate_or_overlapping_event
pedal_step_000269,pedal_step_event,pedal_to_throttle_delay,trip_0009,trip_0009_seg_001,2017-07-11 12:36:12+00:00,3279,22.000000,0.000000,0.629970,True,none
pedal_step_000270,pedal_step_event,pedal_to_throttle_delay,trip_0009,trip_0009_seg_001,2017-07-11 12:37:09+00:00,3336,28.000000,0.000000,0.345270,True,none
pedal_step_000271,pedal_step_event,pedal_to_throttle_delay,trip_0009,trip_0009_seg_001,2017-07-11 12:37:20+00:00,3347,24.150000,1.000000,0.655666,True,none
pedal_step_000272,pedal_step_event,pedal_to_throttle_delay,trip_0009,trip_0009_seg_001,2017-07-11 12:38:37+00:00,3424,23.950000,0.000000,0.602912,True,none
pedal_step_000273,pedal_step_event,pedal_to_throttle_delay,trip_0010,trip_0010_seg_001,2017-07-11 16:34:42+00:00,37,27.850000,0.000000,0.472715,True,none
pedal_step_000274,pedal_step_event,pedal_to_throttle_delay,trip_0010,trip_0010_seg_001,2017-07-11 16:35:03+00:00,58,20.200000,1.000000,0.562179,True,none
pedal_step_000275,pedal_step_event,pedal_to_throttle_delay,trip_0010,trip_0010_seg_001,2017-07-11 16:35:31+00:00,86,24.150000,0.000000,0.532284,True,none
pedal_step_000276,pedal_step_event,pedal_to_throttle_delay,trip_0010,trip_0010_seg_001,2017-07-11 16:36:26+00:00,141,22.400000,3.000000,0.618047,True,none
pedal_step_000277,pedal_step_event,pedal_to_throttle_delay,trip_0010,trip_0010_seg_001,2017-07-11 16:37:49+00:00,224,30.750000,0.000000,0.743806,True,none
pedal_step_000278,pedal_step_event,pedal_to_throttle_delay,trip_0010,trip_0010_seg_001,2017-07-11 16:37:53+00:00,228,29.200000,,,False,duplicate_or_overlapping_event
pedal_step_000279,pedal_step_event,pedal_to_throttle_delay,trip_0010,trip_0010_seg_001,2017-07-11 16:38:59+00:00,294,20.050000,0.000000,0.459447,True,none
pedal_step_000280,pedal_step_event,pedal_to_throttle_delay,trip_0010,trip_0010_seg_001,2017-07-11 16:39:01+00:00,296,38.600000,,,False,duplicate_or_overlapping_event
pedal_step_000281,pedal_step_event,pedal_to_throttle_delay,trip_0010,trip_0010_seg_001,2017-07-11 16:39:43+00:00,338,25.050000,1.000000,0.626946,True,none
pedal_step_000282,pedal_step_event,pedal_to_throttle_delay,trip_0010,trip_0010_seg_001,2017-07-11 16:40:06+00:00,361,33.750000,0.000000,0.751428,True,none
pedal_step_000283,pedal_step_event,pedal_to_throttle_delay,trip_0010,trip_0010_seg_001,2017-07-11 16:40:12+00:00,367,28.000000,,,False,duplicate_or_overlapping_event
pedal_step_000284,pedal_step_event,pedal_to_throttle_delay,trip_0010,trip_0010_seg_001,2017-07-11 16:40:17+00:00,372,29.200000,0.000000,0.737836,True,none
pedal_step_000285,pedal_step_event,pedal_to_throttle_delay,trip_0010,trip_0010_seg_001,2017-07-11 16:47:31+00:00,806,22.150000,,0.231428,False,low_correlation
pedal_step_000286,pedal_step_event,pedal_to_throttle_delay,trip_0010,trip_0010_seg_001,2017-07-11 16:58:01+00:00,1436,33.350000,,,False,zero_variance
pedal_step_000287,pedal_step_event,pedal_to_throttle_delay,trip_0010,trip_0010_seg_001,2017-07-11 17:06:45+00:00,1960,22.000000,0.000000,0.759013,True,none
pedal_step_000288,pedal_step_event,pedal_to_throttle_delay,trip_0010,trip_0010_seg_001,2017-07-11 17:06:48+00:00,1963,31.750000,,,False,duplicate_or_overlapping_event
pedal_step_000289,pedal_step_event,pedal_to_throttle_delay,trip_0010,trip_0010_seg_001,2017-07-11 17:10:29+00:00,2184,29.200000,0.000000,0.832763,True,none
pedal_step_000290,pedal_step_event,pedal_to_throttle_delay,trip_0010,trip_0010_seg_001,2017-07-11 17:11:08+00:00,2223,20.600000,1.000000,0.639122,True,none
pedal_step_000291,pedal_step_event,pedal_to_throttle_delay,trip_0010,trip_0010_seg_001,2017-07-11 17:11:23+00:00,2238,22.150000,3.000000,0.663218,True,none
pedal_step_000292,pedal_step_event,pedal_to_throttle_delay,trip_0010,trip_0010_seg_001,2017-07-11 17:13:51+00:00,2386,24.300000,,,False,zero_variance
pedal_step_000293,pedal_step_event,pedal_to_throttle_delay,trip_0010,trip_0010_seg_001,2017-07-11 17:13:58+00:00,2393,20.250000,,,False,duplicate_or_overlapping_event
pedal_step_000294,pedal_step_event,pedal_to_throttle_delay,trip_0010,trip_0010_seg_001,2017-07-11 17:14:45+00:00,2440,21.800000,,,False,zero_variance
pedal_step_000295,pedal_step_event,pedal_to_throttle_delay,trip_0011,trip_0011_seg_001,2017-07-12 05:24:09+00:00,105,22.150000,0.000000,0.747828,True,none
pedal_step_000296,pedal_step_event,pedal_to_throttle_delay,trip_0011,trip_0011_seg_001,2017-07-12 05:25:29+00:00,185,22.350000,0.000000,0.368686,True,none
pedal_step_000297,pedal_step_event,pedal_to_throttle_delay,trip_0011,trip_0011_seg_001,2017-07-12 05:25:33+00:00,189,21.350000,,,False,duplicate_or_overlapping_event
pedal_step_000298,pedal_step_event,pedal_to_throttle_delay,trip_0011,trip_0011_seg_001,2017-07-12 05:26:01+00:00,217,40.450000,3.000000,0.507924,True,none
pedal_step_000299,pedal_step_event,pedal_to_throttle_delay,trip_0011,trip_0011_seg_001,2017-07-12 05:26:04+00:00,220,34.300000,,,False,duplicate_or_overlapping_event
pedal_step_000300,pedal_step_event,pedal_to_throttle_delay,trip_0011,trip_0011_seg_001,2017-07-12 05:26:36+00:00,252,25.450000,,,False,zero_variance
pedal_step_000301,pedal_step_event,pedal_to_throttle_delay,trip_0011,trip_0011_seg_001,2017-07-12 05:28:21+00:00,357,22.950000,3.000000,0.659445,True,none
pedal_step_000302,pedal_step_event,pedal_to_throttle_delay,trip_0011,trip_0011_seg_001,2017-07-12 05:28:24+00:00,360,31.750000,,,False,duplicate_or_overlapping_event
pedal_step_000303,pedal_step_event,pedal_to_throttle_delay,trip_0011,trip_0011_seg_001,2017-07-12 05:28:57+00:00,393,21.900000,0.000000,0.944811,True,none
pedal_step_000304,pedal_step_event,pedal_to_throttle_delay,trip_0011,trip_0011_seg_001,2017-07-12 05:30:06+00:00,462,24.900000,0.000000,0.710172,True,none
pedal_step_000305,pedal_step_event,pedal_to_throttle_delay,trip_0011,trip_0011_seg_001,2017-07-12 05:30:21+00:00,477,23.700000,0.000000,0.846166,True,none
pedal_step_000306,pedal_step_event,pedal_to_throttle_delay,trip_0011,trip_0011_seg_001,2017-07-12 05:30:23+00:00,479,31.350000,,,False,duplicate_or_overlapping_event
pedal_step_000307,pedal_step_event,pedal_to_throttle_delay,trip_0011,trip_0011_seg_001,2017-07-12 05:30:59+00:00,515,20.050000,1.000000,0.720751,True,none
pedal_step_000308,pedal_step_event,pedal_to_throttle_delay,trip_0011,trip_0011_seg_001,2017-07-12 05:31:10+00:00,526,21.150000,0.000000,0.402651,True,none
pedal_step_000309,pedal_step_event,pedal_to_throttle_delay,trip_0011,trip_0011_seg_001,2017-07-12 05:35:36+00:00,792,45.900000,,,False,zero_variance
pedal_step_000310,pedal_step_event,pedal_to_throttle_delay,trip_0011,trip_0011_seg_001,2017-07-12 05:35:44+00:00,800,29.450000,,,False,duplicate_or_overlapping_event
pedal_step_000311,pedal_step_event,pedal_to_throttle_delay,trip_0011,trip_0011_seg_001,2017-07-12 05:35:52+00:00,808,24.900000,,,False,zero_variance
pedal_step_000312,pedal_step_event,pedal_to_throttle_delay,trip_0011,trip_0011_seg_001,2017-07-12 05:35:53+00:00,809,27.850000,,,False,duplicate_or_overlapping_event
pedal_step_000313,pedal_step_event,pedal_to_throttle_delay,trip_0011,trip_0011_seg_001,2017-07-12 05:36:03+00:00,819,24.900000,,,False,zero_variance
pedal_step_000314,pedal_step_event,pedal_to_throttle_delay,trip_0011,trip_0011_seg_001,2017-07-12 05:37:23+00:00,899,23.150000,,,False,zero_variance
pedal_step_000315,pedal_step_event,pedal_to_throttle_delay,trip_0011,trip_0011_seg_001,2017-07-12 05:45:48+00:00,1404,41.000000,0.000000,0.604252,True,none
pedal_step_000316,pedal_step_event,pedal_to_throttle_delay,trip_0011,trip_0011_seg_001,2017-07-12 05:47:45+00:00,1521,27.050000,1.000000,0.820317,True,none
pedal_step_000317,pedal_step_event,pedal_to_throttle_delay,trip_0011,trip_0011_seg_001,2017-07-12 05:49:02+00:00,1598,21.600000,3.000000,0.446427,True,none
pedal_step_000318,pedal_step_event,pedal_to_throttle_delay,trip_0011,trip_0011_seg_001,2017-07-12 05:49:14+00:00,1610,22.350000,0.000000,0.622783,True,none
pedal_step_000319,pedal_step_event,pedal_to_throttle_delay,trip_0011,trip_0011_seg_001,2017-07-12 05:49:23+00:00,1619,24.150000,0.000000,0.934698,True,none
pedal_step_000320,pedal_step_event,pedal_to_throttle_delay,trip_0011,trip_0011_seg_001,2017-07-12 05:49:47+00:00,1643,21.550000,1.000000,0.804583,True,none
pedal_step_000321,pedal_step_event,pedal_to_throttle_delay,trip_0011,trip_0011_seg_001,2017-07-12 05:54:35+00:00,1931,27.100000,,,False,zero_variance
pedal_step_000322,pedal_step_event,pedal_to_throttle_delay,trip_0011,trip_0011_seg_001,2017-07-12 05:54:46+00:00,1942,23.300000,0.000000,0.811174,True,none
pedal_step_000323,pedal_step_event,pedal_to_throttle_delay,trip_0011,trip_0011_seg_001,2017-07-12 06:03:58+00:00,2494,22.150000,,,False,zero_variance
pedal_step_000324,pedal_step_event,pedal_to_throttle_delay,trip_0011,trip_0011_seg_001,2017-07-12 06:04:19+00:00,2515,22.550000,,,False,zero_variance
pedal_step_000325,pedal_step_event,pedal_to_throttle_delay,trip_0011,trip_0011_seg_001,2017-07-12 06:05:27+00:00,2583,26.650000,0.000000,0.763571,True,none
pedal_step_000326,pedal_step_event,pedal_to_throttle_delay,trip_0011,trip_0011_seg_001,2017-07-12 06:06:42+00:00,2658,21.600000,0.000000,0.488931,True,none
pedal_step_000327,pedal_step_event,pedal_to_throttle_delay,trip_0011,trip_0011_seg_001,2017-07-12 06:07:09+00:00,2685,41.400000,,,False,zero_variance
pedal_step_000328,pedal_step_event,pedal_to_throttle_delay,trip_0011,trip_0011_seg_001,2017-07-12 06:11:15+00:00,2931,39.800000,,,False,zero_variance
pedal_step_000329,pedal_step_event,pedal_to_throttle_delay,trip_0011,trip_0011_seg_001,2017-07-12 06:19:53+00:00,3449,20.000000,0.000000,0.424214,True,none
pedal_step_000330,pedal_step_event,pedal_to_throttle_delay,trip_0011,trip_0011_seg_001,2017-07-12 06:19:57+00:00,3453,35.500000,,,False,duplicate_or_overlapping_event
pedal_step_000331,pedal_step_event,pedal_to_throttle_delay,trip_0012,trip_0012_seg_001,2017-07-12 17:03:08+00:00,175,27.300000,0.000000,0.609693,True,none
pedal_step_000332,pedal_step_event,pedal_to_throttle_delay,trip_0012,trip_0012_seg_001,2017-07-12 17:03:36+00:00,203,43.700000,1.000000,0.840600,True,none
pedal_step_000333,pedal_step_event,pedal_to_throttle_delay,trip_0012,trip_0012_seg_001,2017-07-12 17:04:21+00:00,248,22.350000,0.000000,0.377508,True,none
pedal_step_000334,pedal_step_event,pedal_to_throttle_delay,trip_0012,trip_0012_seg_001,2017-07-12 17:04:50+00:00,277,25.250000,,0.260339,False,low_correlation
pedal_step_000335,pedal_step_event,pedal_to_throttle_delay,trip_0012,trip_0012_seg_001,2017-07-12 17:04:59+00:00,286,30.600000,0.000000,0.333162,True,none
pedal_step_000336,pedal_step_event,pedal_to_throttle_delay,trip_0012,trip_0012_seg_001,2017-07-12 17:06:08+00:00,355,44.300000,3.000000,0.967474,True,none
pedal_step_000337,pedal_step_event,pedal_to_throttle_delay,trip_0012,trip_0012_seg_001,2017-07-12 17:06:49+00:00,396,28.050000,1.000000,0.485079,True,none
pedal_step_000338,pedal_step_event,pedal_to_throttle_delay,trip_0012,trip_0012_seg_001,2017-07-12 17:07:09+00:00,416,32.550000,1.000000,0.917750,True,none
pedal_step_000339,pedal_step_event,pedal_to_throttle_delay,trip_0012,trip_0012_seg_001,2017-07-12 17:07:18+00:00,425,27.450000,,,False,zero_variance
pedal_step_000340,pedal_step_event,pedal_to_throttle_delay,trip_0012,trip_0012_seg_001,2017-07-12 17:13:32+00:00,799,22.200000,,0.262348,False,low_correlation
pedal_step_000341,pedal_step_event,pedal_to_throttle_delay,trip_0012,trip_0012_seg_001,2017-07-12 17:13:34+00:00,801,20.200000,,,False,duplicate_or_overlapping_event
pedal_step_000342,pedal_step_event,pedal_to_throttle_delay,trip_0012,trip_0012_seg_001,2017-07-12 17:14:10+00:00,837,41.200000,,,False,zero_variance
pedal_step_000343,pedal_step_event,pedal_to_throttle_delay,trip_0012,trip_0012_seg_001,2017-07-12 17:15:41+00:00,928,31.400000,,,False,zero_variance
pedal_step_000344,pedal_step_event,pedal_to_throttle_delay,trip_0012,trip_0012_seg_001,2017-07-12 17:22:31+00:00,1338,27.250000,,,False,zero_variance
pedal_step_000345,pedal_step_event,pedal_to_throttle_delay,trip_0012,trip_0012_seg_001,2017-07-12 17:23:09+00:00,1376,23.150000,,,False,zero_variance
pedal_step_000346,pedal_step_event,pedal_to_throttle_delay,trip_0012,trip_0012_seg_001,2017-07-12 17:23:30+00:00,1397,23.150000,,,False,zero_variance
pedal_step_000347,pedal_step_event,pedal_to_throttle_delay,trip_0012,trip_0012_seg_001,2017-07-12 17:28:20+00:00,1687,26.850000,,,False,zero_variance
pedal_step_000348,pedal_step_event,pedal_to_throttle_delay,trip_0012,trip_0012_seg_001,2017-07-12 17:32:36+00:00,1943,29.600000,,,False,zero_variance
pedal_step_000349,pedal_step_event,pedal_to_throttle_delay,trip_0012,trip_0012_seg_001,2017-07-12 17:35:25+00:00,2112,27.850000,,,False,zero_variance
pedal_step_000350,pedal_step_event,pedal_to_throttle_delay,trip_0012,trip_0012_seg_001,2017-07-12 17:41:19+00:00,2466,29.000000,,,False,zero_variance
pedal_step_000351,pedal_step_event,pedal_to_throttle_delay,trip_0012,trip_0012_seg_001,2017-07-12 17:42:47+00:00,2554,40.000000,3.000000,0.886098,True,none
pedal_step_000352,pedal_step_event,pedal_to_throttle_delay,trip_0012,trip_0012_seg_001,2017-07-12 17:43:40+00:00,2607,32.000000,0.000000,0.713731,True,none
pedal_step_000353,pedal_step_event,pedal_to_throttle_delay,trip_0012,trip_0012_seg_001,2017-07-12 17:43:44+00:00,2611,34.700000,,,False,duplicate_or_overlapping_event
pedal_step_000354,pedal_step_event,pedal_to_throttle_delay,trip_0012,trip_0012_seg_001,2017-07-12 17:43:47+00:00,2614,43.350000,,,False,duplicate_or_overlapping_event
pedal_step_000355,pedal_step_event,pedal_to_throttle_delay,trip_0012,trip_0012_seg_001,2017-07-12 17:45:21+00:00,2708,21.750000,,0.216774,False,low_correlation
pedal_step_000356,pedal_step_event,pedal_to_throttle_delay,trip_0012,trip_0012_seg_001,2017-07-12 17:46:27+00:00,2774,30.200000,1.000000,0.643650,True,none
pedal_step_000357,pedal_step_event,pedal_to_throttle_delay,trip_0012,trip_0012_seg_001,2017-07-12 17:46:30+00:00,2777,32.600000,,,False,duplicate_or_overlapping_event
pedal_step_000358,pedal_step_event,pedal_to_throttle_delay,trip_0012,trip_0012_seg_001,2017-07-12 17:48:01+00:00,2868,22.600000,0.000000,0.819650,True,none
pedal_step_000359,pedal_step_event,pedal_to_throttle_delay,trip_0013,trip_0013_seg_001,2017-07-13 17:31:28+00:00,157,24.350000,2.000000,0.557875,True,none
pedal_step_000360,pedal_step_event,pedal_to_throttle_delay,trip_0013,trip_0013_seg_001,2017-07-13 17:34:40+00:00,349,26.650000,,0.065287,False,low_correlation
pedal_step_000361,pedal_step_event,pedal_to_throttle_delay,trip_0013,trip_0013_seg_001,2017-07-13 17:34:48+00:00,357,20.000000,,,False,duplicate_or_overlapping_event
pedal_step_000362,pedal_step_event,pedal_to_throttle_delay,trip_0013,trip_0013_seg_001,2017-07-13 17:35:23+00:00,392,22.200000,,,False,zero_variance
pedal_step_000363,pedal_step_event,pedal_to_throttle_delay,trip_0013,trip_0013_seg_001,2017-07-13 17:35:42+00:00,411,22.150000,1.000000,0.468108,True,none
pedal_step_000364,pedal_step_event,pedal_to_throttle_delay,trip_0013,trip_0013_seg_001,2017-07-13 17:36:46+00:00,475,43.150000,,,False,zero_variance
pedal_step_000365,pedal_step_event,pedal_to_throttle_delay,trip_0013,trip_0013_seg_001,2017-07-13 17:36:49+00:00,478,32.400000,,,False,duplicate_or_overlapping_event
pedal_step_000366,pedal_step_event,pedal_to_throttle_delay,trip_0013,trip_0013_seg_001,2017-07-13 17:38:23+00:00,572,21.550000,3.000000,0.468662,True,none
pedal_step_000367,pedal_step_event,pedal_to_throttle_delay,trip_0013,trip_0013_seg_001,2017-07-13 17:39:06+00:00,615,27.450000,,,False,zero_variance
pedal_step_000368,pedal_step_event,pedal_to_throttle_delay,trip_0013,trip_0013_seg_001,2017-07-13 17:39:18+00:00,627,30.000000,,,False,zero_variance
pedal_step_000369,pedal_step_event,pedal_to_throttle_delay,trip_0013,trip_0013_seg_001,2017-07-13 17:40:46+00:00,715,47.250000,,,False,zero_variance
pedal_step_000370,pedal_step_event,pedal_to_throttle_delay,trip_0013,trip_0013_seg_001,2017-07-13 17:40:51+00:00,720,34.900000,,,False,duplicate_or_overlapping_event
pedal_step_000371,pedal_step_event,pedal_to_throttle_delay,trip_0013,trip_0013_seg_001,2017-07-13 17:42:10+00:00,799,21.700000,0.000000,0.595221,True,none
pedal_step_000372,pedal_step_event,pedal_to_throttle_delay,trip_0013,trip_0013_seg_001,2017-07-13 17:42:12+00:00,801,31.000000,,,False,duplicate_or_overlapping_event
pedal_step_000373,pedal_step_event,pedal_to_throttle_delay,trip_0013,trip_0013_seg_001,2017-07-13 17:43:30+00:00,879,20.400000,,,False,zero_variance
pedal_step_000374,pedal_step_event,pedal_to_throttle_delay,trip_0013,trip_0013_seg_001,2017-07-13 17:44:08+00:00,917,35.500000,0.000000,0.861897,True,none
pedal_step_000375,pedal_step_event,pedal_to_throttle_delay,trip_0013,trip_0013_seg_001,2017-07-13 17:46:11+00:00,1040,27.450000,1.000000,0.955393,True,none
pedal_step_000376,pedal_step_event,pedal_to_throttle_delay,trip_0014,trip_0014_seg_003,2017-07-13 05:03:06+00:00,5,32.000000,1.000000,0.940665,True,none
pedal_step_000377,pedal_step_event,pedal_to_throttle_delay,trip_0014,trip_0014_seg_010,2017-07-13 05:06:10+00:00,2,30.800000,,,False,insufficient_context
pedal_step_000378,pedal_step_event,pedal_to_throttle_delay,trip_0014,trip_0014_seg_012,2017-07-13 05:08:46+00:00,122,23.300000,0.000000,0.956698,True,none
pedal_step_000379,pedal_step_event,pedal_to_throttle_delay,trip_0014,trip_0014_seg_012,2017-07-13 05:09:32+00:00,168,25.350000,0.000000,0.988401,True,none
pedal_step_000380,pedal_step_event,pedal_to_throttle_delay,trip_0014,trip_0014_seg_012,2017-07-13 05:09:44+00:00,180,30.600000,1.000000,0.672134,True,none
pedal_step_000381,pedal_step_event,pedal_to_throttle_delay,trip_0014,trip_0014_seg_012,2017-07-13 05:09:54+00:00,190,26.300000,1.000000,0.937015,True,none
pedal_step_000382,pedal_step_event,pedal_to_throttle_delay,trip_0014,trip_0014_seg_012,2017-07-13 05:11:25+00:00,281,27.250000,,,False,zero_variance
pedal_step_000383,pedal_step_event,pedal_to_throttle_delay,trip_0014,trip_0014_seg_012,2017-07-13 05:19:41+00:00,777,23.350000,,0.240907,False,low_correlation
pedal_step_000384,pedal_step_event,pedal_to_throttle_delay,trip_0014,trip_0014_seg_012,2017-07-13 05:21:55+00:00,911,33.150000,1.000000,0.902876,True,none
pedal_step_000385,pedal_step_event,pedal_to_throttle_delay,trip_0014,trip_0014_seg_012,2017-07-13 05:22:07+00:00,923,24.500000,3.000000,0.708673,True,none
pedal_step_000386,pedal_step_event,pedal_to_throttle_delay,trip_0014,trip_0014_seg_012,2017-07-13 05:23:12+00:00,988,21.000000,,0.215586,False,low_correlation
pedal_step_000387,pedal_step_event,pedal_to_throttle_delay,trip_0014,trip_0014_seg_012,2017-07-13 05:23:43+00:00,1019,20.600000,,,False,zero_variance
pedal_step_000388,pedal_step_event,pedal_to_throttle_delay,trip_0014,trip_0014_seg_012,2017-07-13 05:23:46+00:00,1022,24.900000,,,False,duplicate_or_overlapping_event
pedal_step_000389,pedal_step_event,pedal_to_throttle_delay,trip_0014,trip_0014_seg_012,2017-07-13 05:24:20+00:00,1056,23.300000,0.000000,0.787695,True,none
pedal_step_000390,pedal_step_event,pedal_to_throttle_delay,trip_0014,trip_0014_seg_012,2017-07-13 05:24:23+00:00,1059,23.350000,,,False,duplicate_or_overlapping_event
pedal_step_000391,pedal_step_event,pedal_to_throttle_delay,trip_0014,trip_0014_seg_012,2017-07-13 05:24:31+00:00,1067,32.750000,0.000000,0.975138,True,none
pedal_step_000392,pedal_step_event,pedal_to_throttle_delay,trip_0014,trip_0014_seg_012,2017-07-13 05:25:07+00:00,1103,26.100000,0.000000,0.516385,True,none
pedal_step_000393,pedal_step_event,pedal_to_throttle_delay,trip_0014,trip_0014_seg_012,2017-07-13 05:25:10+00:00,1106,22.350000,,,False,duplicate_or_overlapping_event
pedal_step_000394,pedal_step_event,pedal_to_throttle_delay,trip_0014,trip_0014_seg_012,2017-07-13 05:28:12+00:00,1288,22.400000,1.000000,0.344172,True,none
pedal_step_000395,pedal_step_event,pedal_to_throttle_delay,trip_0014,trip_0014_seg_012,2017-07-13 05:29:08+00:00,1344,29.800000,0.000000,0.839309,True,none
pedal_step_000396,pedal_step_event,pedal_to_throttle_delay,trip_0014,trip_0014_seg_012,2017-07-13 05:29:44+00:00,1380,29.800000,,,False,zero_variance
pedal_step_000397,pedal_step_event,pedal_to_throttle_delay,trip_0014,trip_0014_seg_012,2017-07-13 05:30:34+00:00,1430,24.500000,0.000000,0.634353,True,none
pedal_step_000398,pedal_step_event,pedal_to_throttle_delay,trip_0014,trip_0014_seg_012,2017-07-13 05:32:16+00:00,1532,26.700000,0.000000,0.872221,True,none
pedal_step_000399,pedal_step_event,pedal_to_throttle_delay,trip_0014,trip_0014_seg_012,2017-07-13 05:33:08+00:00,1584,33.500000,0.000000,0.806744,True,none
pedal_step_000400,pedal_step_event,pedal_to_throttle_delay,trip_0014,trip_0014_seg_012,2017-07-13 05:33:21+00:00,1597,36.250000,0.000000,0.905011,True,none
pedal_step_000401,pedal_step_event,pedal_to_throttle_delay,trip_0014,trip_0014_seg_012,2017-07-13 05:33:27+00:00,1603,36.100000,,,False,duplicate_or_overlapping_event
pedal_step_000402,pedal_step_event,pedal_to_throttle_delay,trip_0014,trip_0014_seg_012,2017-07-13 05:33:57+00:00,1633,39.200000,0.000000,0.960813,True,none
pedal_step_000403,pedal_step_event,pedal_to_throttle_delay,trip_0014,trip_0014_seg_012,2017-07-13 05:34:01+00:00,1637,24.900000,,,False,duplicate_or_overlapping_event
pedal_step_000404,pedal_step_event,pedal_to_throttle_delay,trip_0014,trip_0014_seg_012,2017-07-13 05:42:00+00:00,2116,23.900000,,,False,zero_variance
pedal_step_000405,pedal_step_event,pedal_to_throttle_delay,trip_0014,trip_0014_seg_012,2017-07-13 05:42:16+00:00,2132,22.950000,,,False,zero_variance
pedal_step_000406,pedal_step_event,pedal_to_throttle_delay,trip_0014,trip_0014_seg_012,2017-07-13 05:42:30+00:00,2146,30.800000,,,False,zero_variance
pedal_step_000407,pedal_step_event,pedal_to_throttle_delay,trip_0014,trip_0014_seg_012,2017-07-13 05:45:31+00:00,2327,22.750000,,,False,zero_variance
pedal_step_000408,pedal_step_event,pedal_to_throttle_delay,trip_0014,trip_0014_seg_012,2017-07-13 05:46:39+00:00,2395,22.750000,,,False,zero_variance
pedal_step_000409,pedal_step_event,pedal_to_throttle_delay,trip_0014,trip_0014_seg_012,2017-07-13 05:46:48+00:00,2404,20.350000,,,False,zero_variance
pedal_step_000410,pedal_step_event,pedal_to_throttle_delay,trip_0014,trip_0014_seg_012,2017-07-13 05:46:57+00:00,2413,20.000000,,,False,zero_variance
pedal_step_000411,pedal_step_event,pedal_to_throttle_delay,trip_0014,trip_0014_seg_012,2017-07-13 05:47:04+00:00,2420,22.000000,,,False,duplicate_or_overlapping_event
pedal_step_000412,pedal_step_event,pedal_to_throttle_delay,trip_0014,trip_0014_seg_012,2017-07-13 05:47:36+00:00,2452,29.000000,,,False,zero_variance
pedal_step_000413,pedal_step_event,pedal_to_throttle_delay,trip_0014,trip_0014_seg_012,2017-07-13 05:48:16+00:00,2492,27.450000,,,False,zero_variance
pedal_step_000414,pedal_step_event,pedal_to_throttle_delay,trip_0014,trip_0014_seg_012,2017-07-13 05:49:16+00:00,2552,34.300000,,,False,zero_variance
pedal_step_000415,pedal_step_event,pedal_to_throttle_delay,trip_0014,trip_0014_seg_012,2017-07-13 05:49:21+00:00,2557,24.150000,,,False,duplicate_or_overlapping_event
pedal_step_000416,pedal_step_event,pedal_to_throttle_delay,trip_0014,trip_0014_seg_012,2017-07-13 05:50:01+00:00,2597,22.800000,,,False,zero_variance
pedal_step_000417,pedal_step_event,pedal_to_throttle_delay,trip_0014,trip_0014_seg_012,2017-07-13 05:50:24+00:00,2620,21.400000,,,False,zero_variance
pedal_step_000418,pedal_step_event,pedal_to_throttle_delay,trip_0014,trip_0014_seg_012,2017-07-13 05:50:33+00:00,2629,31.400000,,,False,zero_variance
pedal_step_000419,pedal_step_event,pedal_to_throttle_delay,trip_0014,trip_0014_seg_012,2017-07-13 05:50:35+00:00,2631,25.500000,,,False,duplicate_or_overlapping_event
pedal_step_000420,pedal_step_event,pedal_to_throttle_delay,trip_0014,trip_0014_seg_012,2017-07-13 05:50:57+00:00,2653,28.400000,,,False,zero_variance
pedal_step_000421,pedal_step_event,pedal_to_throttle_delay,trip_0014,trip_0014_seg_012,2017-07-13 05:51:02+00:00,2658,21.150000,,,False,duplicate_or_overlapping_event
pedal_step_000422,pedal_step_event,pedal_to_throttle_delay,trip_0014,trip_0014_seg_012,2017-07-13 05:51:28+00:00,2684,22.550000,,,False,zero_variance
pedal_step_000423,pedal_step_event,pedal_to_throttle_delay,trip_0014,trip_0014_seg_012,2017-07-13 05:54:48+00:00,2884,31.600000,,,False,zero_variance
pedal_step_000424,pedal_step_event,pedal_to_throttle_delay,trip_0014,trip_0014_seg_012,2017-07-13 05:54:53+00:00,2889,20.200000,,,False,duplicate_or_overlapping_event
pedal_step_000425,pedal_step_event,pedal_to_throttle_delay,trip_0014,trip_0014_seg_012,2017-07-13 05:54:55+00:00,2891,35.500000,,,False,duplicate_or_overlapping_event
pedal_step_000426,pedal_step_event,pedal_to_throttle_delay,trip_0014,trip_0014_seg_012,2017-07-13 05:54:58+00:00,2894,20.600000,,,False,zero_variance
pedal_step_000427,pedal_step_event,pedal_to_throttle_delay,trip_0014,trip_0014_seg_012,2017-07-13 05:55:09+00:00,2905,43.500000,,,False,zero_variance
pedal_step_000428,pedal_step_event,pedal_to_throttle_delay,trip_0014,trip_0014_seg_012,2017-07-13 05:57:07+00:00,3023,25.700000,,,False,zero_variance
pedal_step_000429,pedal_step_event,pedal_to_throttle_delay,trip_0014,trip_0014_seg_012,2017-07-13 06:03:01+00:00,3377,35.900000,,,False,zero_variance
pedal_step_000430,pedal_step_event,pedal_to_throttle_delay,trip_0015,trip_0015_seg_001,2017-07-14 06:21:22+00:00,96,20.800000,1.000000,0.873423,True,none
pedal_step_000431,pedal_step_event,pedal_to_throttle_delay,trip_0015,trip_0015_seg_001,2017-07-14 06:22:25+00:00,159,22.950000,,0.242109,False,low_correlation
pedal_step_000432,pedal_step_event,pedal_to_throttle_delay,trip_0015,trip_0015_seg_001,2017-07-14 06:22:39+00:00,173,37.650000,3.000000,0.800365,True,none
pedal_step_000433,pedal_step_event,pedal_to_throttle_delay,trip_0015,trip_0015_seg_001,2017-07-14 06:24:22+00:00,276,42.950000,0.000000,0.855273,True,none
pedal_step_000434,pedal_step_event,pedal_to_throttle_delay,trip_0015,trip_0015_seg_001,2017-07-14 06:25:25+00:00,339,27.800000,0.000000,0.750394,True,none
pedal_step_000435,pedal_step_event,pedal_to_throttle_delay,trip_0015,trip_0015_seg_001,2017-07-14 06:25:28+00:00,342,36.100000,,,False,duplicate_or_overlapping_event
pedal_step_000436,pedal_step_event,pedal_to_throttle_delay,trip_0015,trip_0015_seg_001,2017-07-14 06:25:31+00:00,345,40.400000,,,False,duplicate_or_overlapping_event
pedal_step_000437,pedal_step_event,pedal_to_throttle_delay,trip_0015,trip_0015_seg_001,2017-07-14 06:26:10+00:00,384,20.000000,1.000000,0.867097,True,none
pedal_step_000438,pedal_step_event,pedal_to_throttle_delay,trip_0015,trip_0015_seg_001,2017-07-14 06:26:15+00:00,389,24.500000,,,False,duplicate_or_overlapping_event
pedal_step_000439,pedal_step_event,pedal_to_throttle_delay,trip_0015,trip_0015_seg_001,2017-07-14 06:26:22+00:00,396,46.300000,0.000000,0.699184,True,none
pedal_step_000440,pedal_step_event,pedal_to_throttle_delay,trip_0015,trip_0015_seg_001,2017-07-14 06:27:13+00:00,447,28.000000,,,False,zero_variance
pedal_step_000441,pedal_step_event,pedal_to_throttle_delay,trip_0015,trip_0015_seg_001,2017-07-14 06:27:30+00:00,464,20.000000,2.000000,0.580875,True,none
pedal_step_000442,pedal_step_event,pedal_to_throttle_delay,trip_0015,trip_0015_seg_001,2017-07-14 06:27:36+00:00,470,21.900000,,,False,duplicate_or_overlapping_event
pedal_step_000443,pedal_step_event,pedal_to_throttle_delay,trip_0016,trip_0016_seg_001,2017-07-14 16:09:29+00:00,144,28.600000,2.000000,0.855614,True,none
pedal_step_000444,pedal_step_event,pedal_to_throttle_delay,trip_0016,trip_0016_seg_001,2017-07-14 16:12:36+00:00,331,22.350000,0.000000,0.659977,True,none
pedal_step_000445,pedal_step_event,pedal_to_throttle_delay,trip_0016,trip_0016_seg_001,2017-07-14 16:15:03+00:00,478,31.000000,,,False,zero_variance
pedal_step_000446,pedal_step_event,pedal_to_throttle_delay,trip_0016,trip_0016_seg_001,2017-07-14 16:16:31+00:00,566,23.750000,,0.099179,False,low_correlation
pedal_step_000447,pedal_step_event,pedal_to_throttle_delay,trip_0016,trip_0016_seg_001,2017-07-14 16:16:34+00:00,569,29.950000,,,False,duplicate_or_overlapping_event
pedal_step_000448,pedal_step_event,pedal_to_throttle_delay,trip_0016,trip_0016_seg_001,2017-07-14 16:16:36+00:00,571,30.600000,,,False,duplicate_or_overlapping_event
pedal_step_000449,pedal_step_event,pedal_to_throttle_delay,trip_0016,trip_0016_seg_001,2017-07-14 16:17:47+00:00,642,36.850000,0.000000,0.505989,True,none
pedal_step_000450,pedal_step_event,pedal_to_throttle_delay,trip_0016,trip_0016_seg_001,2017-07-14 16:17:51+00:00,646,42.550000,,,False,duplicate_or_overlapping_event
pedal_step_000451,pedal_step_event,pedal_to_throttle_delay,trip_0016,trip_0016_seg_001,2017-07-14 16:17:55+00:00,650,37.450000,,,False,duplicate_or_overlapping_event
pedal_step_000452,pedal_step_event,pedal_to_throttle_delay,trip_0016,trip_0016_seg_001,2017-07-14 16:17:57+00:00,652,32.950000,3.000000,0.627548,True,none
pedal_step_000453,pedal_step_event,pedal_to_throttle_delay,trip_0016,trip_0016_seg_002,2017-07-14 16:28:15+00:00,531,28.650000,,,False,zero_variance
pedal_step_000454,pedal_step_event,pedal_to_throttle_delay,trip_0016,trip_0016_seg_002,2017-07-14 16:29:08+00:00,584,21.200000,,,False,zero_variance
pedal_step_000455,pedal_step_event,pedal_to_throttle_delay,trip_0016,trip_0016_seg_002,2017-07-14 16:29:19+00:00,595,44.300000,,0.159252,False,low_correlation
pedal_step_000456,pedal_step_event,pedal_to_throttle_delay,trip_0016,trip_0016_seg_002,2017-07-14 16:29:52+00:00,628,28.450000,1.000000,0.907352,True,none
pedal_step_000457,pedal_step_event,pedal_to_throttle_delay,trip_0016,trip_0016_seg_002,2017-07-14 16:29:58+00:00,634,44.500000,,,False,duplicate_or_overlapping_event
pedal_step_000458,pedal_step_event,pedal_to_throttle_delay,trip_0016,trip_0016_seg_002,2017-07-14 16:37:39+00:00,1095,42.350000,,,False,zero_variance
pedal_step_000459,pedal_step_event,pedal_to_throttle_delay,trip_0016,trip_0016_seg_002,2017-07-14 16:37:40+00:00,1096,20.600000,,,False,duplicate_or_overlapping_event
pedal_step_000460,pedal_step_event,pedal_to_throttle_delay,trip_0016,trip_0016_seg_003,2017-07-14 16:53:49+00:00,620,23.900000,0.000000,0.519872,True,none
pedal_step_000461,pedal_step_event,pedal_to_throttle_delay,trip_0016,trip_0016_seg_003,2017-07-14 16:53:55+00:00,626,33.000000,,,False,duplicate_or_overlapping_event
pedal_step_000462,pedal_step_event,pedal_to_throttle_delay,trip_0016,trip_0016_seg_003,2017-07-14 16:58:20+00:00,891,35.900000,0.000000,0.300060,True,none
pedal_step_000463,pedal_step_event,pedal_to_throttle_delay,trip_0016,trip_0016_seg_003,2017-07-14 16:58:36+00:00,907,21.550000,0.000000,0.510202,True,none
pedal_step_000464,pedal_step_event,pedal_to_throttle_delay,trip_0016,trip_0016_seg_003,2017-07-14 16:58:40+00:00,911,25.100000,,,False,duplicate_or_overlapping_event
pedal_step_000465,pedal_step_event,pedal_to_throttle_delay,trip_0016,trip_0016_seg_003,2017-07-14 16:58:55+00:00,926,27.650000,,,False,zero_variance
pedal_step_000466,pedal_step_event,pedal_to_throttle_delay,trip_0016,trip_0016_seg_003,2017-07-14 17:00:04+00:00,995,25.100000,,,False,zero_variance
pedal_step_000467,pedal_step_event,pedal_to_throttle_delay,trip_0016,trip_0016_seg_003,2017-07-14 17:00:14+00:00,1005,21.400000,,,False,zero_variance
pedal_step_000468,pedal_step_event,pedal_to_throttle_delay,trip_0016,trip_0016_seg_003,2017-07-14 17:01:45+00:00,1096,21.750000,,,False,zero_variance
pedal_step_000469,pedal_step_event,pedal_to_throttle_delay,trip_0016,trip_0016_seg_003,2017-07-14 17:04:41+00:00,1272,21.200000,,,False,zero_variance
pedal_step_000470,pedal_step_event,pedal_to_throttle_delay,trip_0016,trip_0016_seg_003,2017-07-14 17:04:53+00:00,1284,21.600000,,,False,zero_variance
pedal_step_000471,pedal_step_event,pedal_to_throttle_delay,trip_0016,trip_0016_seg_003,2017-07-14 17:05:16+00:00,1307,21.950000,,,False,zero_variance
pedal_step_000472,pedal_step_event,pedal_to_throttle_delay,trip_0016,trip_0016_seg_003,2017-07-14 17:06:02+00:00,1353,20.800000,,,False,zero_variance
pedal_step_000473,pedal_step_event,pedal_to_throttle_delay,trip_0016,trip_0016_seg_003,2017-07-14 17:06:12+00:00,1363,23.550000,0.000000,0.373093,True,none
pedal_step_000474,pedal_step_event,pedal_to_throttle_delay,trip_0016,trip_0016_seg_003,2017-07-14 17:09:36+00:00,1567,22.950000,,,False,zero_variance
pedal_step_000475,pedal_step_event,pedal_to_throttle_delay,trip_0016,trip_0016_seg_003,2017-07-14 17:10:41+00:00,1632,22.600000,,,False,zero_variance
pedal_step_000476,pedal_step_event,pedal_to_throttle_delay,trip_0016,trip_0016_seg_003,2017-07-14 17:10:52+00:00,1643,36.700000,,0.226800,False,low_correlation
pedal_step_000477,pedal_step_event,pedal_to_throttle_delay,trip_0016,trip_0016_seg_003,2017-07-14 17:12:12+00:00,1723,31.800000,1.000000,0.659400,True,none
pedal_step_000478,pedal_step_event,pedal_to_throttle_delay,trip_0016,trip_0016_seg_003,2017-07-14 17:12:55+00:00,1766,31.950000,0.000000,0.447149,True,none
pedal_step_000479,pedal_step_event,pedal_to_throttle_delay,trip_0016,trip_0016_seg_003,2017-07-14 17:13:12+00:00,1783,42.950000,,0.083816,False,low_correlation
pedal_step_000480,pedal_step_event,pedal_to_throttle_delay,trip_0016,trip_0016_seg_003,2017-07-14 17:27:31+00:00,2642,20.600000,,,False,zero_variance
pedal_step_000481,pedal_step_event,pedal_to_throttle_delay,trip_0016,trip_0016_seg_003,2017-07-14 17:32:26+00:00,2937,26.500000,,,False,zero_variance
pedal_step_000482,pedal_step_event,pedal_to_throttle_delay,trip_0016,trip_0016_seg_003,2017-07-14 17:34:54+00:00,3085,21.050000,0.000000,0.604725,True,none
pedal_step_000483,pedal_step_event,pedal_to_throttle_delay,trip_0016,trip_0016_seg_003,2017-07-14 17:35:07+00:00,3098,25.100000,2.000000,0.551680,True,none
pedal_step_000484,pedal_step_event,pedal_to_throttle_delay,trip_0016,trip_0016_seg_003,2017-07-14 17:35:28+00:00,3119,22.000000,0.000000,0.524631,True,none
pedal_step_000485,pedal_step_event,pedal_to_throttle_delay,trip_0016,trip_0016_seg_003,2017-07-14 17:35:30+00:00,3121,24.300000,,,False,duplicate_or_overlapping_event
pedal_step_000486,pedal_step_event,pedal_to_throttle_delay,trip_0016,trip_0016_seg_003,2017-07-14 17:35:34+00:00,3125,28.050000,,,False,duplicate_or_overlapping_event
pedal_step_000487,pedal_step_event,pedal_to_throttle_delay,trip_0016,trip_0016_seg_003,2017-07-14 17:36:33+00:00,3184,23.350000,0.000000,0.399838,True,none
pedal_step_000488,pedal_step_event,pedal_to_throttle_delay,trip_0016,trip_0016_seg_003,2017-07-14 17:37:21+00:00,3232,26.700000,0.000000,0.398286,True,none
pedal_step_000489,pedal_step_event,pedal_to_throttle_delay,trip_0016,trip_0016_seg_003,2017-07-14 17:38:49+00:00,3320,29.250000,,0.095821,False,low_correlation
pedal_step_000490,pedal_step_event,pedal_to_throttle_delay,trip_0016,trip_0016_seg_003,2017-07-14 17:40:30+00:00,3421,20.800000,0.000000,0.567457,True,none
pedal_step_000491,pedal_step_event,pedal_to_throttle_delay,trip_0016,trip_0016_seg_003,2017-07-14 17:42:44+00:00,3555,27.650000,0.000000,0.530834,True,none
pedal_step_000492,pedal_step_event,pedal_to_throttle_delay,trip_0016,trip_0016_seg_003,2017-07-14 17:43:12+00:00,3583,21.000000,,,False,zero_variance
pedal_step_000493,pedal_step_event,pedal_to_throttle_delay,trip_0016,trip_0016_seg_003,2017-07-14 17:48:40+00:00,3911,34.100000,1.000000,0.887148,True,none
pedal_step_000494,pedal_step_event,pedal_to_throttle_delay,trip_0016,trip_0016_seg_003,2017-07-14 17:51:11+00:00,4062,20.600000,3.000000,0.369381,True,none
pedal_step_000495,pedal_step_event,pedal_to_throttle_delay,trip_0017,trip_0017_seg_001,2017-07-24 05:22:42+00:00,19,22.150000,0.000000,0.731690,True,none
pedal_step_000496,pedal_step_event,pedal_to_throttle_delay,trip_0017,trip_0017_seg_001,2017-07-24 05:22:45+00:00,22,25.500000,,,False,duplicate_or_overlapping_event
pedal_step_000497,pedal_step_event,pedal_to_throttle_delay,trip_0017,trip_0017_seg_001,2017-07-24 05:22:57+00:00,34,29.800000,0.000000,0.969983,True,none
pedal_step_000498,pedal_step_event,pedal_to_throttle_delay,trip_0017,trip_0017_seg_001,2017-07-24 05:23:46+00:00,83,23.950000,1.000000,0.645214,True,none
pedal_step_000499,pedal_step_event,pedal_to_throttle_delay,trip_0017,trip_0017_seg_001,2017-07-24 05:23:50+00:00,87,22.150000,,,False,duplicate_or_overlapping_event
pedal_step_000500,pedal_step_event,pedal_to_throttle_delay,trip_0017,trip_0017_seg_001,2017-07-24 05:25:30+00:00,187,20.000000,0.000000,0.563986,True,none
pedal_step_000501,pedal_step_event,pedal_to_throttle_delay,trip_0017,trip_0017_seg_001,2017-07-24 05:26:12+00:00,229,25.500000,1.000000,0.613591,True,none
pedal_step_000502,pedal_step_event,pedal_to_throttle_delay,trip_0017,trip_0017_seg_001,2017-07-24 05:26:22+00:00,239,21.000000,,0.296837,False,low_correlation
pedal_step_000503,pedal_step_event,pedal_to_throttle_delay,trip_0017,trip_0017_seg_001,2017-07-24 05:26:23+00:00,240,22.550000,,,False,duplicate_or_overlapping_event
pedal_step_000504,pedal_step_event,pedal_to_throttle_delay,trip_0017,trip_0017_seg_001,2017-07-24 05:26:27+00:00,244,23.150000,,,False,duplicate_or_overlapping_event
pedal_step_000505,pedal_step_event,pedal_to_throttle_delay,trip_0017,trip_0017_seg_001,2017-07-24 05:26:32+00:00,249,27.450000,1.000000,0.645583,True,none
pedal_step_000506,pedal_step_event,pedal_to_throttle_delay,trip_0017,trip_0017_seg_001,2017-07-24 05:27:16+00:00,293,29.250000,,,False,zero_variance
pedal_step_000507,pedal_step_event,pedal_to_throttle_delay,trip_0017,trip_0017_seg_001,2017-07-24 05:28:06+00:00,343,29.800000,0.000000,0.341290,True,none
pedal_step_000508,pedal_step_event,pedal_to_throttle_delay,trip_0017,trip_0017_seg_001,2017-07-24 05:29:47+00:00,444,22.550000,0.000000,0.720810,True,none
pedal_step_000509,pedal_step_event,pedal_to_throttle_delay,trip_0017,trip_0017_seg_001,2017-07-24 05:30:21+00:00,478,47.850000,,,False,zero_variance
pedal_step_000510,pedal_step_event,pedal_to_throttle_delay,trip_0017,trip_0017_seg_001,2017-07-24 05:30:27+00:00,484,20.200000,,,False,duplicate_or_overlapping_event
pedal_step_000511,pedal_step_event,pedal_to_throttle_delay,trip_0017,trip_0017_seg_001,2017-07-24 05:30:45+00:00,502,25.300000,,,False,zero_variance
pedal_step_000512,pedal_step_event,pedal_to_throttle_delay,trip_0017,trip_0017_seg_001,2017-07-24 05:41:55+00:00,1172,25.300000,,,False,zero_variance
pedal_step_000513,pedal_step_event,pedal_to_throttle_delay,trip_0017,trip_0017_seg_001,2017-07-24 05:42:19+00:00,1196,21.400000,0.000000,0.904688,True,none
pedal_step_000514,pedal_step_event,pedal_to_throttle_delay,trip_0017,trip_0017_seg_001,2017-07-24 05:43:25+00:00,1262,44.550000,,,False,zero_variance
pedal_step_000515,pedal_step_event,pedal_to_throttle_delay,trip_0017,trip_0017_seg_001,2017-07-24 05:43:31+00:00,1268,37.700000,,,False,duplicate_or_overlapping_event
pedal_step_000516,pedal_step_event,pedal_to_throttle_delay,trip_0017,trip_0017_seg_001,2017-07-24 05:45:08+00:00,1365,24.900000,,,False,zero_variance
pedal_step_000517,pedal_step_event,pedal_to_throttle_delay,trip_0017,trip_0017_seg_001,2017-07-24 05:45:40+00:00,1397,44.500000,,,False,zero_variance
pedal_step_000518,pedal_step_event,pedal_to_throttle_delay,trip_0017,trip_0017_seg_001,2017-07-24 05:53:40+00:00,1877,21.550000,0.000000,0.667044,True,none
pedal_step_000519,pedal_step_event,pedal_to_throttle_delay,trip_0017,trip_0017_seg_001,2017-07-24 05:53:41+00:00,1878,20.650000,,,False,duplicate_or_overlapping_event
pedal_step_000520,pedal_step_event,pedal_to_throttle_delay,trip_0017,trip_0017_seg_001,2017-07-24 05:55:05+00:00,1962,20.800000,1.000000,0.345173,True,none
pedal_step_000521,pedal_step_event,pedal_to_throttle_delay,trip_0017,trip_0017_seg_001,2017-07-24 05:55:09+00:00,1966,29.400000,,,False,duplicate_or_overlapping_event
pedal_step_000522,pedal_step_event,pedal_to_throttle_delay,trip_0017,trip_0017_seg_001,2017-07-24 05:59:36+00:00,2233,31.550000,,,False,zero_variance
pedal_step_000523,pedal_step_event,pedal_to_throttle_delay,trip_0017,trip_0017_seg_001,2017-07-24 06:04:15+00:00,2512,27.100000,,,False,zero_variance
pedal_step_000524,pedal_step_event,pedal_to_throttle_delay,trip_0017,trip_0017_seg_001,2017-07-24 06:04:58+00:00,2555,21.200000,,,False,zero_variance
pedal_step_000525,pedal_step_event,pedal_to_throttle_delay,trip_0017,trip_0017_seg_001,2017-07-24 06:06:13+00:00,2630,26.500000,1.000000,0.979873,True,none
pedal_step_000526,pedal_step_event,pedal_to_throttle_delay,trip_0017,trip_0017_seg_001,2017-07-24 06:08:09+00:00,2746,32.750000,,,False,zero_variance
pedal_step_000527,pedal_step_event,pedal_to_throttle_delay,trip_0017,trip_0017_seg_001,2017-07-24 06:15:36+00:00,3193,52.200000,,,False,zero_variance
pedal_step_000528,pedal_step_event,pedal_to_throttle_delay,trip_0017,trip_0017_seg_001,2017-07-24 06:17:05+00:00,3282,29.650000,,,False,zero_variance
pedal_step_000529,pedal_step_event,pedal_to_throttle_delay,trip_0017,trip_0017_seg_001,2017-07-24 06:18:20+00:00,3357,22.100000,,,False,zero_variance
pedal_step_000530,pedal_step_event,pedal_to_throttle_delay,trip_0017,trip_0017_seg_001,2017-07-24 06:22:05+00:00,3582,52.400000,,,False,zero_variance
pedal_step_000531,pedal_step_event,pedal_to_throttle_delay,trip_0017,trip_0017_seg_001,2017-07-24 06:22:46+00:00,3623,20.600000,,,False,zero_variance
pedal_step_000532,pedal_step_event,pedal_to_throttle_delay,trip_0017,trip_0017_seg_001,2017-07-24 06:23:40+00:00,3677,23.500000,,,False,zero_variance
pedal_step_000533,pedal_step_event,pedal_to_throttle_delay,trip_0017,trip_0017_seg_001,2017-07-24 06:24:43+00:00,3740,27.300000,,,False,zero_variance
pedal_step_000534,pedal_step_event,pedal_to_throttle_delay,trip_0018,trip_0018_seg_001,2017-07-26 05:41:20+00:00,88,25.700000,0.000000,0.839610,True,none
pedal_step_000535,pedal_step_event,pedal_to_throttle_delay,trip_0018,trip_0018_seg_001,2017-07-26 05:41:22+00:00,90,34.350000,,,False,duplicate_or_overlapping_event
pedal_step_000536,pedal_step_event,pedal_to_throttle_delay,trip_0018,trip_0018_seg_001,2017-07-26 05:41:58+00:00,126,28.050000,1.000000,0.523816,True,none
pedal_step_000537,pedal_step_event,pedal_to_throttle_delay,trip_0018,trip_0018_seg_001,2017-07-26 05:42:01+00:00,129,30.600000,,,False,duplicate_or_overlapping_event
pedal_step_000538,pedal_step_event,pedal_to_throttle_delay,trip_0018,trip_0018_seg_001,2017-07-26 05:42:50+00:00,178,34.700000,0.000000,0.535228,True,none
pedal_step_000539,pedal_step_event,pedal_to_throttle_delay,trip_0018,trip_0018_seg_001,2017-07-26 05:42:54+00:00,182,23.450000,,,False,duplicate_or_overlapping_event
pedal_step_000540,pedal_step_event,pedal_to_throttle_delay,trip_0018,trip_0018_seg_001,2017-07-26 05:43:27+00:00,215,23.300000,1.000000,0.426652,True,none
pedal_step_000541,pedal_step_event,pedal_to_throttle_delay,trip_0018,trip_0018_seg_001,2017-07-26 05:44:57+00:00,305,30.200000,,0.261875,False,low_correlation
pedal_step_000542,pedal_step_event,pedal_to_throttle_delay,trip_0018,trip_0018_seg_001,2017-07-26 05:45:32+00:00,340,29.800000,3.000000,0.758276,True,none
pedal_step_000543,pedal_step_event,pedal_to_throttle_delay,trip_0018,trip_0018_seg_001,2017-07-26 05:45:35+00:00,343,43.550000,,,False,duplicate_or_overlapping_event
pedal_step_000544,pedal_step_event,pedal_to_throttle_delay,trip_0018,trip_0018_seg_001,2017-07-26 05:45:50+00:00,358,27.050000,3.000000,0.695103,True,none
pedal_step_000545,pedal_step_event,pedal_to_throttle_delay,trip_0018,trip_0018_seg_001,2017-07-26 05:45:53+00:00,361,22.750000,,,False,duplicate_or_overlapping_event
pedal_step_000546,pedal_step_event,pedal_to_throttle_delay,trip_0018,trip_0018_seg_001,2017-07-26 05:46:39+00:00,407,51.750000,,0.283213,False,low_correlation
pedal_step_000547,pedal_step_event,pedal_to_throttle_delay,trip_0018,trip_0018_seg_001,2017-07-26 05:47:22+00:00,450,41.750000,0.000000,0.557179,True,none
pedal_step_000548,pedal_step_event,pedal_to_throttle_delay,trip_0018,trip_0018_seg_001,2017-07-26 05:51:42+00:00,710,25.100000,,,False,zero_variance
pedal_step_000549,pedal_step_event,pedal_to_throttle_delay,trip_0018,trip_0018_seg_001,2017-07-26 06:04:29+00:00,1477,32.350000,,,False,zero_variance
pedal_step_000550,pedal_step_event,pedal_to_throttle_delay,trip_0018,trip_0018_seg_001,2017-07-26 06:08:34+00:00,1722,22.200000,0.000000,0.350796,True,none
pedal_step_000551,pedal_step_event,pedal_to_throttle_delay,trip_0018,trip_0018_seg_001,2017-07-26 06:11:41+00:00,1909,23.750000,3.000000,0.701021,True,none
pedal_step_000552,pedal_step_event,pedal_to_throttle_delay,trip_0018,trip_0018_seg_001,2017-07-26 06:15:34+00:00,2142,22.150000,,,False,zero_variance
pedal_step_000553,pedal_step_event,pedal_to_throttle_delay,trip_0018,trip_0018_seg_001,2017-07-26 06:16:26+00:00,2194,21.600000,,,False,zero_variance
pedal_step_000554,pedal_step_event,pedal_to_throttle_delay,trip_0018,trip_0018_seg_001,2017-07-26 06:16:50+00:00,2218,21.200000,,,False,zero_variance
pedal_step_000555,pedal_step_event,pedal_to_throttle_delay,trip_0018,trip_0018_seg_001,2017-07-26 06:18:27+00:00,2315,25.100000,1.000000,0.902249,True,none
pedal_step_000556,pedal_step_event,pedal_to_throttle_delay,trip_0018,trip_0018_seg_001,2017-07-26 06:18:45+00:00,2333,24.500000,,,False,zero_variance
pedal_step_000557,pedal_step_event,pedal_to_throttle_delay,trip_0018,trip_0018_seg_001,2017-07-26 06:19:22+00:00,2370,34.350000,0.000000,0.982280,True,none
pedal_step_000558,pedal_step_event,pedal_to_throttle_delay,trip_0018,trip_0018_seg_001,2017-07-26 06:21:05+00:00,2473,23.100000,,,False,zero_variance
pedal_step_000559,pedal_step_event,pedal_to_throttle_delay,trip_0018,trip_0018_seg_001,2017-07-26 06:21:33+00:00,2501,34.300000,,,False,zero_variance
pedal_step_000560,pedal_step_event,pedal_to_throttle_delay,trip_0018,trip_0018_seg_001,2017-07-26 06:23:34+00:00,2622,28.450000,,0.000000,False,low_correlation
pedal_step_000561,pedal_step_event,pedal_to_throttle_delay,trip_0018,trip_0018_seg_001,2017-07-26 06:30:36+00:00,3044,39.250000,3.000000,0.740359,True,none
pedal_step_000562,pedal_step_event,pedal_to_throttle_delay,trip_0018,trip_0018_seg_001,2017-07-26 06:33:21+00:00,3209,33.950000,0.000000,0.549266,True,none
pedal_step_000563,pedal_step_event,pedal_to_throttle_delay,trip_0018,trip_0018_seg_001,2017-07-26 06:38:03+00:00,3491,21.600000,3.000000,0.371240,True,none
pedal_step_000564,pedal_step_event,pedal_to_throttle_delay,trip_0018,trip_0018_seg_001,2017-07-26 06:39:19+00:00,3567,37.250000,0.000000,0.695133,True,none
pedal_step_000565,pedal_step_event,pedal_to_throttle_delay,trip_0018,trip_0018_seg_001,2017-07-26 06:39:25+00:00,3573,25.500000,,,False,duplicate_or_overlapping_event
pedal_step_000566,pedal_step_event,pedal_to_throttle_delay,trip_0018,trip_0018_seg_001,2017-07-26 06:39:38+00:00,3586,22.800000,0.000000,0.691272,True,none
pedal_step_000567,pedal_step_event,pedal_to_throttle_delay,trip_0018,trip_0018_seg_001,2017-07-26 06:40:51+00:00,3659,43.300000,0.000000,0.687791,True,none
pedal_step_000568,pedal_step_event,pedal_to_throttle_delay,trip_0018,trip_0018_seg_001,2017-07-26 06:41:13+00:00,3681,41.550000,0.000000,0.995504,True,none
pedal_step_000569,pedal_step_event,pedal_to_throttle_delay,trip_0018,trip_0018_seg_001,2017-07-26 06:41:52+00:00,3720,20.200000,1.000000,0.427030,True,none
pedal_step_000570,pedal_step_event,pedal_to_throttle_delay,trip_0018,trip_0018_seg_001,2017-07-26 06:42:20+00:00,3748,29.050000,0.000000,0.719833,True,none
pedal_step_000571,pedal_step_event,pedal_to_throttle_delay,trip_0018,trip_0018_seg_001,2017-07-26 06:42:48+00:00,3776,20.200000,0.000000,0.624198,True,none
pedal_step_000572,pedal_step_event,pedal_to_throttle_delay,trip_0018,trip_0018_seg_001,2017-07-26 06:43:06+00:00,3794,27.650000,0.000000,0.427586,True,none
pedal_step_000573,pedal_step_event,pedal_to_throttle_delay,trip_0019,trip_0019_seg_001,2017-07-26 16:50:06+00:00,14,23.750000,0.000000,0.581433,True,none
pedal_step_000574,pedal_step_event,pedal_to_throttle_delay,trip_0019,trip_0019_seg_001,2017-07-26 16:50:08+00:00,16,28.000000,,,False,duplicate_or_overlapping_event
pedal_step_000575,pedal_step_event,pedal_to_throttle_delay,trip_0019,trip_0019_seg_001,2017-07-26 16:50:28+00:00,36,27.450000,,0.259075,False,low_correlation
pedal_step_000576,pedal_step_event,pedal_to_throttle_delay,trip_0019,trip_0019_seg_001,2017-07-26 16:51:04+00:00,72,28.600000,,0.235411,False,low_correlation
pedal_step_000577,pedal_step_event,pedal_to_throttle_delay,trip_0019,trip_0019_seg_001,2017-07-26 16:51:06+00:00,74,25.900000,,,False,duplicate_or_overlapping_event
pedal_step_000578,pedal_step_event,pedal_to_throttle_delay,trip_0019,trip_0019_seg_001,2017-07-26 16:51:55+00:00,123,21.350000,0.000000,0.803901,True,none
pedal_step_000579,pedal_step_event,pedal_to_throttle_delay,trip_0019,trip_0019_seg_001,2017-07-26 16:51:57+00:00,125,26.500000,,,False,duplicate_or_overlapping_event
pedal_step_000580,pedal_step_event,pedal_to_throttle_delay,trip_0019,trip_0019_seg_001,2017-07-26 16:52:50+00:00,178,26.700000,0.000000,0.571593,True,none
pedal_step_000581,pedal_step_event,pedal_to_throttle_delay,trip_0019,trip_0019_seg_001,2017-07-26 16:54:03+00:00,251,24.100000,0.000000,0.420622,True,none
pedal_step_000582,pedal_step_event,pedal_to_throttle_delay,trip_0019,trip_0019_seg_001,2017-07-26 16:54:05+00:00,253,32.550000,,,False,duplicate_or_overlapping_event
pedal_step_000583,pedal_step_event,pedal_to_throttle_delay,trip_0019,trip_0019_seg_001,2017-07-26 16:54:12+00:00,260,22.300000,2.000000,0.553026,True,none
pedal_step_000584,pedal_step_event,pedal_to_throttle_delay,trip_0019,trip_0019_seg_001,2017-07-26 16:54:47+00:00,295,27.500000,0.000000,0.611962,True,none
pedal_step_000585,pedal_step_event,pedal_to_throttle_delay,trip_0019,trip_0019_seg_001,2017-07-26 16:55:08+00:00,316,24.900000,,0.188090,False,low_correlation
pedal_step_000586,pedal_step_event,pedal_to_throttle_delay,trip_0019,trip_0019_seg_001,2017-07-26 16:55:14+00:00,322,23.950000,,,False,duplicate_or_overlapping_event
pedal_step_000587,pedal_step_event,pedal_to_throttle_delay,trip_0019,trip_0019_seg_001,2017-07-26 16:55:18+00:00,326,36.650000,0.000000,0.643049,True,none
pedal_step_000588,pedal_step_event,pedal_to_throttle_delay,trip_0019,trip_0019_seg_001,2017-07-26 16:59:21+00:00,569,39.800000,0.000000,0.379406,True,none
pedal_step_000589,pedal_step_event,pedal_to_throttle_delay,trip_0019,trip_0019_seg_001,2017-07-26 17:00:09+00:00,617,28.950000,,0.294958,False,low_correlation
pedal_step_000590,pedal_step_event,pedal_to_throttle_delay,trip_0019,trip_0019_seg_001,2017-07-26 17:00:12+00:00,620,47.100000,,,False,duplicate_or_overlapping_event
pedal_step_000591,pedal_step_event,pedal_to_throttle_delay,trip_0019,trip_0019_seg_001,2017-07-26 17:00:53+00:00,661,25.700000,1.000000,0.516876,True,none
pedal_step_000592,pedal_step_event,pedal_to_throttle_delay,trip_0019,trip_0019_seg_001,2017-07-26 17:01:51+00:00,719,22.750000,,0.238498,False,low_correlation
pedal_step_000593,pedal_step_event,pedal_to_throttle_delay,trip_0019,trip_0019_seg_001,2017-07-26 17:03:26+00:00,814,21.550000,2.000000,0.582364,True,none
pedal_step_000594,pedal_step_event,pedal_to_throttle_delay,trip_0019,trip_0019_seg_001,2017-07-26 17:04:23+00:00,871,50.200000,,,False,zero_variance
pedal_step_000595,pedal_step_event,pedal_to_throttle_delay,trip_0019,trip_0019_seg_001,2017-07-26 17:07:10+00:00,1038,20.400000,,,False,zero_variance
pedal_step_000596,pedal_step_event,pedal_to_throttle_delay,trip_0019,trip_0019_seg_001,2017-07-26 17:08:01+00:00,1089,26.100000,,,False,zero_variance
pedal_step_000597,pedal_step_event,pedal_to_throttle_delay,trip_0019,trip_0019_seg_001,2017-07-26 17:08:12+00:00,1100,35.300000,,,False,zero_variance
pedal_step_000598,pedal_step_event,pedal_to_throttle_delay,trip_0019,trip_0019_seg_001,2017-07-26 17:08:28+00:00,1116,20.600000,,,False,zero_variance
pedal_step_000599,pedal_step_event,pedal_to_throttle_delay,trip_0019,trip_0019_seg_001,2017-07-26 17:08:59+00:00,1147,36.300000,,,False,zero_variance
pedal_step_000600,pedal_step_event,pedal_to_throttle_delay,trip_0019,trip_0019_seg_001,2017-07-26 17:09:20+00:00,1168,21.200000,,,False,zero_variance
pedal_step_000601,pedal_step_event,pedal_to_throttle_delay,trip_0019,trip_0019_seg_001,2017-07-26 17:11:50+00:00,1318,29.250000,,,False,zero_variance
pedal_step_000602,pedal_step_event,pedal_to_throttle_delay,trip_0019,trip_0019_seg_001,2017-07-26 17:19:06+00:00,1754,33.350000,,,False,zero_variance
pedal_step_000603,pedal_step_event,pedal_to_throttle_delay,trip_0019,trip_0019_seg_001,2017-07-26 17:19:31+00:00,1779,21.600000,,,False,zero_variance
pedal_step_000604,pedal_step_event,pedal_to_throttle_delay,trip_0019,trip_0019_seg_001,2017-07-26 17:19:35+00:00,1783,47.650000,,,False,duplicate_or_overlapping_event
pedal_step_000605,pedal_step_event,pedal_to_throttle_delay,trip_0019,trip_0019_seg_001,2017-07-26 17:20:33+00:00,1841,32.150000,,,False,zero_variance
pedal_step_000606,pedal_step_event,pedal_to_throttle_delay,trip_0019,trip_0019_seg_001,2017-07-26 17:21:12+00:00,1880,24.350000,,,False,zero_variance
pedal_step_000607,pedal_step_event,pedal_to_throttle_delay,trip_0019,trip_0019_seg_001,2017-07-26 17:21:58+00:00,1926,21.150000,,,False,zero_variance
pedal_step_000608,pedal_step_event,pedal_to_throttle_delay,trip_0019,trip_0019_seg_001,2017-07-26 17:22:33+00:00,1961,23.150000,,,False,zero_variance
pedal_step_000609,pedal_step_event,pedal_to_throttle_delay,trip_0019,trip_0019_seg_001,2017-07-26 17:23:32+00:00,2020,40.200000,,,False,zero_variance
pedal_step_000610,pedal_step_event,pedal_to_throttle_delay,trip_0019,trip_0019_seg_001,2017-07-26 17:23:59+00:00,2047,26.100000,,,False,zero_variance
pedal_step_000611,pedal_step_event,pedal_to_throttle_delay,trip_0019,trip_0019_seg_001,2017-07-26 17:26:36+00:00,2204,37.100000,,,False,zero_variance
pedal_step_000612,pedal_step_event,pedal_to_throttle_delay,trip_0019,trip_0019_seg_001,2017-07-26 17:28:12+00:00,2300,27.250000,,,False,zero_variance
pedal_step_000613,pedal_step_event,pedal_to_throttle_delay,trip_0019,trip_0019_seg_001,2017-07-26 17:28:39+00:00,2327,33.100000,,,False,zero_variance
pedal_step_000614,pedal_step_event,pedal_to_throttle_delay,trip_0019,trip_0019_seg_001,2017-07-26 17:30:47+00:00,2455,35.900000,,,False,zero_variance
pedal_step_000615,pedal_step_event,pedal_to_throttle_delay,trip_0019,trip_0019_seg_001,2017-07-26 17:32:52+00:00,2580,23.900000,3.000000,0.415189,True,none
pedal_step_000616,pedal_step_event,pedal_to_throttle_delay,trip_0019,trip_0019_seg_001,2017-07-26 17:32:57+00:00,2585,30.000000,,,False,duplicate_or_overlapping_event
pedal_step_000617,pedal_step_event,pedal_to_throttle_delay,trip_0019,trip_0019_seg_001,2017-07-26 17:33:26+00:00,2614,27.050000,,,False,zero_variance
pedal_step_000618,pedal_step_event,pedal_to_throttle_delay,trip_0019,trip_0019_seg_001,2017-07-26 17:33:56+00:00,2644,20.250000,,,False,zero_variance
pedal_step_000619,pedal_step_event,pedal_to_throttle_delay,trip_0019,trip_0019_seg_001,2017-07-26 17:36:14+00:00,2782,21.600000,,0.000000,False,low_correlation
pedal_step_000620,pedal_step_event,pedal_to_throttle_delay,trip_0019,trip_0019_seg_001,2017-07-26 17:36:22+00:00,2790,24.150000,,,False,duplicate_or_overlapping_event
pedal_step_000621,pedal_step_event,pedal_to_throttle_delay,trip_0019,trip_0019_seg_001,2017-07-26 17:37:49+00:00,2877,31.000000,,0.000000,False,low_correlation
pedal_step_000622,pedal_step_event,pedal_to_throttle_delay,trip_0019,trip_0019_seg_001,2017-07-26 17:38:14+00:00,2902,24.500000,,0.054297,False,low_correlation
pedal_step_000623,pedal_step_event,pedal_to_throttle_delay,trip_0019,trip_0019_seg_001,2017-07-26 17:39:54+00:00,3002,22.550000,0.000000,0.604457,True,none
pedal_step_000624,pedal_step_event,pedal_to_throttle_delay,trip_0019,trip_0019_seg_001,2017-07-26 17:40:44+00:00,3052,20.400000,,0.000000,False,low_correlation
pedal_step_000625,pedal_step_event,pedal_to_throttle_delay,trip_0019,trip_0019_seg_001,2017-07-26 17:41:58+00:00,3126,37.500000,,,False,zero_variance
pedal_step_000626,pedal_step_event,pedal_to_throttle_delay,trip_0020,trip_0020_seg_001,2017-07-27 19:12:11+00:00,54,31.800000,3.000000,0.849567,True,none
pedal_step_000627,pedal_step_event,pedal_to_throttle_delay,trip_0020,trip_0020_seg_001,2017-07-27 19:12:30+00:00,73,21.600000,,,False,zero_variance
pedal_step_000628,pedal_step_event,pedal_to_throttle_delay,trip_0020,trip_0020_seg_001,2017-07-27 19:12:53+00:00,96,24.100000,3.000000,0.440825,True,none
pedal_step_000629,pedal_step_event,pedal_to_throttle_delay,trip_0020,trip_0020_seg_001,2017-07-27 19:14:18+00:00,181,24.900000,,,False,zero_variance
pedal_step_000630,pedal_step_event,pedal_to_throttle_delay,trip_0020,trip_0020_seg_001,2017-07-27 19:22:46+00:00,689,20.800000,0.000000,0.728300,True,none
pedal_step_000631,pedal_step_event,pedal_to_throttle_delay,trip_0020,trip_0020_seg_001,2017-07-27 19:23:26+00:00,729,23.700000,0.000000,0.365649,True,none
pedal_step_000632,pedal_step_event,pedal_to_throttle_delay,trip_0020,trip_0020_seg_001,2017-07-27 19:23:37+00:00,740,20.800000,0.000000,0.944434,True,none
pedal_step_000633,pedal_step_event,pedal_to_throttle_delay,trip_0020,trip_0020_seg_001,2017-07-27 19:27:47+00:00,990,35.850000,0.000000,0.934458,True,none
pedal_step_000634,pedal_step_event,pedal_to_throttle_delay,trip_0020,trip_0020_seg_001,2017-07-27 19:27:52+00:00,995,30.950000,,,False,duplicate_or_overlapping_event
pedal_step_000635,pedal_step_event,pedal_to_throttle_delay,trip_0020,trip_0020_seg_001,2017-07-27 19:28:07+00:00,1010,25.250000,0.000000,0.916670,True,none
pedal_step_000636,pedal_step_event,pedal_to_throttle_delay,trip_0020,trip_0020_seg_001,2017-07-27 19:28:13+00:00,1016,50.400000,,,False,duplicate_or_overlapping_event
pedal_step_000637,pedal_step_event,pedal_to_throttle_delay,trip_0020,trip_0020_seg_001,2017-07-27 19:28:18+00:00,1021,27.050000,3.000000,0.780272,True,none
pedal_step_000638,pedal_step_event,pedal_to_throttle_delay,trip_0020,trip_0020_seg_001,2017-07-27 19:28:34+00:00,1037,21.950000,,,False,zero_variance
pedal_step_000639,pedal_step_event,pedal_to_throttle_delay,trip_0020,trip_0020_seg_001,2017-07-27 19:29:46+00:00,1109,33.750000,,0.282678,False,low_correlation
pedal_step_000640,pedal_step_event,pedal_to_throttle_delay,trip_0020,trip_0020_seg_001,2017-07-27 19:29:50+00:00,1113,48.450000,,,False,duplicate_or_overlapping_event
pedal_step_000641,pedal_step_event,pedal_to_throttle_delay,trip_0021,trip_0021_seg_001,2017-07-27 06:44:05+00:00,40,21.000000,,0.253578,False,low_correlation
pedal_step_000642,pedal_step_event,pedal_to_throttle_delay,trip_0021,trip_0021_seg_001,2017-07-27 06:45:03+00:00,98,41.200000,2.000000,0.736674,True,none
pedal_step_000643,pedal_step_event,pedal_to_throttle_delay,trip_0021,trip_0021_seg_001,2017-07-27 06:45:19+00:00,114,22.700000,0.000000,0.886640,True,none
pedal_step_000644,pedal_step_event,pedal_to_throttle_delay,trip_0021,trip_0021_seg_001,2017-07-27 06:46:11+00:00,166,34.900000,0.000000,0.815794,True,none
pedal_step_000645,pedal_step_event,pedal_to_throttle_delay,trip_0021,trip_0021_seg_001,2017-07-27 06:47:04+00:00,219,27.850000,1.000000,0.486738,True,none
pedal_step_000646,pedal_step_event,pedal_to_throttle_delay,trip_0021,trip_0021_seg_001,2017-07-27 06:47:07+00:00,222,23.300000,,,False,duplicate_or_overlapping_event
pedal_step_000647,pedal_step_event,pedal_to_throttle_delay,trip_0021,trip_0021_seg_001,2017-07-27 06:47:12+00:00,227,33.550000,,,False,duplicate_or_overlapping_event
pedal_step_000648,pedal_step_event,pedal_to_throttle_delay,trip_0021,trip_0021_seg_001,2017-07-27 06:48:21+00:00,296,30.200000,,,False,zero_variance
pedal_step_000649,pedal_step_event,pedal_to_throttle_delay,trip_0021,trip_0021_seg_001,2017-07-27 06:49:06+00:00,341,33.550000,0.000000,0.972025,True,none
pedal_step_000650,pedal_step_event,pedal_to_throttle_delay,trip_0021,trip_0021_seg_001,2017-07-27 06:49:22+00:00,357,28.050000,,,False,zero_variance
pedal_step_000651,pedal_step_event,pedal_to_throttle_delay,trip_0021,trip_0021_seg_001,2017-07-27 06:49:25+00:00,360,25.300000,,,False,duplicate_or_overlapping_event
pedal_step_000652,pedal_step_event,pedal_to_throttle_delay,trip_0021,trip_0021_seg_001,2017-07-27 06:52:38+00:00,553,34.700000,0.000000,0.906398,True,none
pedal_step_000653,pedal_step_event,pedal_to_throttle_delay,trip_0021,trip_0021_seg_001,2017-07-27 06:52:42+00:00,557,28.100000,,,False,duplicate_or_overlapping_event
pedal_step_000654,pedal_step_event,pedal_to_throttle_delay,trip_0021,trip_0021_seg_001,2017-07-27 06:53:39+00:00,614,37.450000,2.000000,0.764371,True,none
pedal_step_000655,pedal_step_event,pedal_to_throttle_delay,trip_0021,trip_0021_seg_001,2017-07-27 06:55:24+00:00,719,34.150000,0.000000,0.604038,True,none
pedal_step_000656,pedal_step_event,pedal_to_throttle_delay,trip_0021,trip_0021_seg_001,2017-07-27 06:59:07+00:00,942,22.150000,1.000000,0.708557,True,none
pedal_step_000657,pedal_step_event,pedal_to_throttle_delay,trip_0021,trip_0021_seg_001,2017-07-27 06:59:09+00:00,944,24.700000,,,False,duplicate_or_overlapping_event
pedal_step_000658,pedal_step_event,pedal_to_throttle_delay,trip_0021,trip_0021_seg_001,2017-07-27 07:00:32+00:00,1027,25.300000,1.000000,0.871240,True,none
pedal_step_000659,pedal_step_event,pedal_to_throttle_delay,trip_0022,trip_0022_seg_001,2017-07-28 06:36:32+00:00,17,23.600000,2.000000,0.706953,True,none
pedal_step_000660,pedal_step_event,pedal_to_throttle_delay,trip_0022,trip_0022_seg_001,2017-07-28 06:36:35+00:00,20,30.000000,,,False,duplicate_or_overlapping_event
pedal_step_000661,pedal_step_event,pedal_to_throttle_delay,trip_0022,trip_0022_seg_001,2017-07-28 06:37:57+00:00,102,30.600000,2.000000,0.701642,True,none
pedal_step_000662,pedal_step_event,pedal_to_throttle_delay,trip_0022,trip_0022_seg_001,2017-07-28 06:39:22+00:00,187,20.600000,0.000000,0.736371,True,none
pedal_step_000663,pedal_step_event,pedal_to_throttle_delay,trip_0022,trip_0022_seg_001,2017-07-28 06:40:31+00:00,256,21.750000,1.000000,0.371372,True,none
pedal_step_000664,pedal_step_event,pedal_to_throttle_delay,trip_0022,trip_0022_seg_001,2017-07-28 06:40:35+00:00,260,45.100000,,,False,duplicate_or_overlapping_event
pedal_step_000665,pedal_step_event,pedal_to_throttle_delay,trip_0022,trip_0022_seg_001,2017-07-28 06:41:04+00:00,289,21.800000,,,False,zero_variance
pedal_step_000666,pedal_step_event,pedal_to_throttle_delay,trip_0022,trip_0022_seg_001,2017-07-28 06:41:23+00:00,308,21.600000,,0.091995,False,low_correlation
pedal_step_000667,pedal_step_event,pedal_to_throttle_delay,trip_0022,trip_0022_seg_001,2017-07-28 06:41:36+00:00,321,35.700000,1.000000,0.970915,True,none
pedal_step_000668,pedal_step_event,pedal_to_throttle_delay,trip_0022,trip_0022_seg_001,2017-07-28 06:41:53+00:00,338,21.150000,,,False,zero_variance
pedal_step_000669,pedal_step_event,pedal_to_throttle_delay,trip_0022,trip_0022_seg_001,2017-07-28 06:42:15+00:00,360,22.350000,,,False,zero_variance
pedal_step_000670,pedal_step_event,pedal_to_throttle_delay,trip_0022,trip_0022_seg_001,2017-07-28 06:42:20+00:00,365,39.800000,,,False,duplicate_or_overlapping_event
pedal_step_000671,pedal_step_event,pedal_to_throttle_delay,trip_0022,trip_0022_seg_001,2017-07-28 06:47:26+00:00,671,26.700000,0.000000,0.898226,True,none
pedal_step_000672,pedal_step_event,pedal_to_throttle_delay,trip_0022,trip_0022_seg_001,2017-07-28 06:48:20+00:00,725,23.950000,,0.234131,False,low_correlation
pedal_step_000673,pedal_step_event,pedal_to_throttle_delay,trip_0022,trip_0022_seg_001,2017-07-28 06:50:28+00:00,853,23.500000,1.000000,0.578751,True,none
pedal_step_000674,pedal_step_event,pedal_to_throttle_delay,trip_0022,trip_0022_seg_001,2017-07-28 06:52:32+00:00,977,20.750000,0.000000,0.461033,True,none
pedal_step_000675,pedal_step_event,pedal_to_throttle_delay,trip_0022,trip_0022_seg_001,2017-07-28 06:54:24+00:00,1089,20.400000,,,False,zero_variance
pedal_step_000676,pedal_step_event,pedal_to_throttle_delay,trip_0023,trip_0023_seg_001,2017-07-28 15:37:13+00:00,133,24.900000,,,False,zero_variance
pedal_step_000677,pedal_step_event,pedal_to_throttle_delay,trip_0023,trip_0023_seg_001,2017-07-28 15:47:45+00:00,765,22.350000,1.000000,0.952864,True,none
pedal_step_000678,pedal_step_event,pedal_to_throttle_delay,trip_0023,trip_0023_seg_001,2017-07-28 15:50:03+00:00,903,23.550000,0.000000,0.790729,True,none
pedal_step_000679,pedal_step_event,pedal_to_throttle_delay,trip_0023,trip_0023_seg_001,2017-07-28 15:50:44+00:00,944,27.850000,0.000000,0.741859,True,none
pedal_step_000680,pedal_step_event,pedal_to_throttle_delay,trip_0023,trip_0023_seg_001,2017-07-28 15:51:00+00:00,960,22.800000,,,False,zero_variance
pedal_step_000681,pedal_step_event,pedal_to_throttle_delay,trip_0023,trip_0023_seg_001,2017-07-28 15:51:14+00:00,974,25.300000,,,False,zero_variance
pedal_step_000682,pedal_step_event,pedal_to_throttle_delay,trip_0023,trip_0023_seg_001,2017-07-28 15:51:34+00:00,994,31.600000,,,False,zero_variance
pedal_step_000683,pedal_step_event,pedal_to_throttle_delay,trip_0023,trip_0023_seg_001,2017-07-28 15:52:26+00:00,1046,24.100000,,,False,zero_variance
pedal_step_000684,pedal_step_event,pedal_to_throttle_delay,trip_0023,trip_0023_seg_001,2017-07-28 15:53:24+00:00,1104,21.350000,1.000000,0.537918,True,none
pedal_step_000685,pedal_step_event,pedal_to_throttle_delay,trip_0023,trip_0023_seg_001,2017-07-28 15:53:25+00:00,1105,22.950000,,,False,duplicate_or_overlapping_event
pedal_step_000686,pedal_step_event,pedal_to_throttle_delay,trip_0023,trip_0023_seg_001,2017-07-28 15:56:52+00:00,1312,20.800000,0.000000,0.549524,True,none
pedal_step_000687,pedal_step_event,pedal_to_throttle_delay,trip_0023,trip_0023_seg_001,2017-07-28 15:58:36+00:00,1416,24.500000,,,False,zero_variance
pedal_step_000688,pedal_step_event,pedal_to_throttle_delay,trip_0023,trip_0023_seg_001,2017-07-28 15:59:08+00:00,1448,22.800000,,,False,zero_variance
pedal_step_000689,pedal_step_event,pedal_to_throttle_delay,trip_0023,trip_0023_seg_001,2017-07-28 16:05:08+00:00,1808,21.200000,,0.248073,False,low_correlation
pedal_step_000690,pedal_step_event,pedal_to_throttle_delay,trip_0023,trip_0023_seg_001,2017-07-28 16:08:09+00:00,1989,30.800000,0.000000,0.988600,True,none
pedal_step_000691,pedal_step_event,pedal_to_throttle_delay,trip_0023,trip_0023_seg_001,2017-07-28 16:08:50+00:00,2030,22.400000,,,False,zero_variance
pedal_step_000692,pedal_step_event,pedal_to_throttle_delay,trip_0023,trip_0023_seg_001,2017-07-28 16:09:44+00:00,2084,26.700000,0.000000,0.596785,True,none
pedal_step_000693,pedal_step_event,pedal_to_throttle_delay,trip_0023,trip_0023_seg_001,2017-07-28 16:12:51+00:00,2271,47.500000,0.000000,0.904621,True,none
pedal_step_000694,pedal_step_event,pedal_to_throttle_delay,trip_0023,trip_0023_seg_001,2017-07-28 16:12:55+00:00,2275,41.000000,,,False,duplicate_or_overlapping_event
pedal_step_000695,pedal_step_event,pedal_to_throttle_delay,trip_0023,trip_0023_seg_001,2017-07-28 16:13:10+00:00,2290,21.950000,,,False,zero_variance
pedal_step_000696,pedal_step_event,pedal_to_throttle_delay,trip_0023,trip_0023_seg_001,2017-07-28 16:15:32+00:00,2432,32.800000,,,False,zero_variance
pedal_step_000697,pedal_step_event,pedal_to_throttle_delay,trip_0023,trip_0023_seg_001,2017-07-28 16:20:24+00:00,2724,23.550000,0.000000,0.596183,True,none
pedal_step_000698,pedal_step_event,pedal_to_throttle_delay,trip_0023,trip_0023_seg_001,2017-07-28 16:21:17+00:00,2777,31.400000,0.000000,0.606377,True,none
pedal_step_000699,pedal_step_event,pedal_to_throttle_delay,trip_0023,trip_0023_seg_001,2017-07-28 16:22:53+00:00,2873,23.950000,0.000000,0.847646,True,none
pedal_step_000700,pedal_step_event,pedal_to_throttle_delay,trip_0023,trip_0023_seg_001,2017-07-28 16:26:20+00:00,3080,24.350000,0.000000,0.927050,True,none
pedal_step_000701,pedal_step_event,pedal_to_throttle_delay,trip_0023,trip_0023_seg_001,2017-07-28 16:26:25+00:00,3085,35.900000,,,False,duplicate_or_overlapping_event
pedal_step_000702,pedal_step_event,pedal_to_throttle_delay,trip_0023,trip_0023_seg_001,2017-07-28 16:26:36+00:00,3096,34.550000,0.000000,0.601550,True,none
pedal_step_000703,pedal_step_event,pedal_to_throttle_delay,trip_0023,trip_0023_seg_001,2017-07-28 16:27:14+00:00,3134,22.950000,0.000000,0.314332,True,none
pedal_step_000704,pedal_step_event,pedal_to_throttle_delay,trip_0023,trip_0023_seg_001,2017-07-28 16:29:36+00:00,3276,27.100000,,-0.001885,False,low_correlation
pedal_step_000705,pedal_step_event,pedal_to_throttle_delay,trip_0023,trip_0023_seg_001,2017-07-28 16:29:41+00:00,3281,47.850000,,,False,duplicate_or_overlapping_event
pedal_step_000706,pedal_step_event,pedal_to_throttle_delay,trip_0023,trip_0023_seg_001,2017-07-28 16:29:46+00:00,3286,36.700000,,,False,zero_variance
pedal_step_000707,pedal_step_event,pedal_to_throttle_delay,trip_0023,trip_0023_seg_001,2017-07-28 16:31:32+00:00,3392,22.400000,,,False,zero_variance
pedal_step_000708,pedal_step_event,pedal_to_throttle_delay,trip_0023,trip_0023_seg_001,2017-07-28 16:31:47+00:00,3407,28.650000,,,False,zero_variance
pedal_step_000709,pedal_step_event,pedal_to_throttle_delay,trip_0023,trip_0023_seg_001,2017-07-28 16:32:07+00:00,3427,20.400000,,,False,zero_variance
pedal_step_000710,pedal_step_event,pedal_to_throttle_delay,trip_0023,trip_0023_seg_001,2017-07-28 16:32:45+00:00,3465,20.600000,,,False,zero_variance
pedal_step_000711,pedal_step_event,pedal_to_throttle_delay,trip_0023,trip_0023_seg_001,2017-07-28 16:33:52+00:00,3532,22.600000,,,False,zero_variance
pedal_step_000712,pedal_step_event,pedal_to_throttle_delay,trip_0023,trip_0023_seg_001,2017-07-28 16:34:08+00:00,3548,21.000000,,,False,zero_variance
pedal_step_000713,pedal_step_event,pedal_to_throttle_delay,trip_0023,trip_0023_seg_001,2017-07-28 16:36:46+00:00,3706,20.400000,,,False,zero_variance
pedal_step_000714,pedal_step_event,pedal_to_throttle_delay,trip_0023,trip_0023_seg_001,2017-07-28 16:37:24+00:00,3744,25.500000,,,False,zero_variance
pedal_step_000715,pedal_step_event,pedal_to_throttle_delay,trip_0023,trip_0023_seg_002,2017-07-28 16:50:55+00:00,273,24.700000,,,False,zero_variance
pedal_step_000716,pedal_step_event,pedal_to_throttle_delay,trip_0023,trip_0023_seg_002,2017-07-28 16:51:10+00:00,288,20.200000,,,False,zero_variance
pedal_step_000717,pedal_step_event,pedal_to_throttle_delay,trip_0023,trip_0023_seg_002,2017-07-28 16:52:45+00:00,383,22.700000,0.000000,0.478844,True,none
pedal_step_000718,pedal_step_event,pedal_to_throttle_delay,trip_0023,trip_0023_seg_002,2017-07-28 16:56:21+00:00,599,22.550000,,,False,zero_variance
pedal_step_000719,pedal_step_event,pedal_to_throttle_delay,trip_0023,trip_0023_seg_002,2017-07-28 16:57:04+00:00,642,29.400000,,,False,zero_variance
pedal_step_000720,pedal_step_event,pedal_to_throttle_delay,trip_0023,trip_0023_seg_002,2017-07-28 16:57:06+00:00,644,22.100000,,,False,duplicate_or_overlapping_event
pedal_step_000721,pedal_step_event,pedal_to_throttle_delay,trip_0023,trip_0023_seg_002,2017-07-28 17:04:04+00:00,1062,35.900000,0.000000,0.726656,True,none
pedal_step_000722,pedal_step_event,pedal_to_throttle_delay,trip_0023,trip_0023_seg_002,2017-07-28 17:04:07+00:00,1065,22.150000,,,False,duplicate_or_overlapping_event
pedal_step_000723,pedal_step_event,pedal_to_throttle_delay,trip_0023,trip_0023_seg_002,2017-07-28 17:08:05+00:00,1303,20.250000,,0.297225,False,low_correlation
pedal_step_000724,pedal_step_event,pedal_to_throttle_delay,trip_0023,trip_0023_seg_002,2017-07-28 17:08:07+00:00,1305,33.750000,,,False,duplicate_or_overlapping_event
pedal_step_000725,pedal_step_event,pedal_to_throttle_delay,trip_0023,trip_0023_seg_002,2017-07-28 17:08:12+00:00,1310,39.650000,,,False,duplicate_or_overlapping_event
pedal_step_000726,pedal_step_event,pedal_to_throttle_delay,trip_0023,trip_0023_seg_002,2017-07-28 17:09:02+00:00,1360,37.050000,3.000000,0.614784,True,none
pedal_step_000727,pedal_step_event,pedal_to_throttle_delay,trip_0023,trip_0023_seg_002,2017-07-28 17:09:36+00:00,1394,26.450000,3.000000,0.593684,True,none
pedal_step_000728,pedal_step_event,pedal_to_throttle_delay,trip_0023,trip_0023_seg_002,2017-07-28 17:10:33+00:00,1451,28.600000,0.000000,0.894648,True,none
pedal_step_000729,pedal_step_event,pedal_to_throttle_delay,trip_0023,trip_0023_seg_002,2017-07-28 17:13:19+00:00,1617,23.350000,0.000000,0.777493,True,none
pedal_step_000730,pedal_step_event,pedal_to_throttle_delay,trip_0023,trip_0023_seg_002,2017-07-28 17:19:26+00:00,1984,21.750000,0.000000,0.791817,True,none
pedal_step_000731,pedal_step_event,pedal_to_throttle_delay,trip_0023,trip_0023_seg_002,2017-07-28 17:19:30+00:00,1988,28.050000,,,False,duplicate_or_overlapping_event
pedal_step_000732,pedal_step_event,pedal_to_throttle_delay,trip_0023,trip_0023_seg_002,2017-07-28 17:20:00+00:00,2018,25.100000,2.000000,0.568196,True,none
pedal_step_000733,pedal_step_event,pedal_to_throttle_delay,trip_0024,trip_0024_seg_001,2017-07-31 17:54:33+00:00,106,22.300000,0.000000,0.704526,True,none
pedal_step_000734,pedal_step_event,pedal_to_throttle_delay,trip_0024,trip_0024_seg_001,2017-07-31 17:54:35+00:00,108,29.200000,,,False,duplicate_or_overlapping_event
pedal_step_000735,pedal_step_event,pedal_to_throttle_delay,trip_0024,trip_0024_seg_001,2017-07-31 17:56:59+00:00,252,26.300000,,,False,zero_variance
pedal_step_000736,pedal_step_event,pedal_to_throttle_delay,trip_0024,trip_0024_seg_001,2017-07-31 17:58:15+00:00,328,28.200000,3.000000,0.502069,True,none
pedal_step_000737,pedal_step_event,pedal_to_throttle_delay,trip_0024,trip_0024_seg_001,2017-07-31 17:59:07+00:00,380,25.900000,0.000000,0.720490,True,none
pedal_step_000738,pedal_step_event,pedal_to_throttle_delay,trip_0024,trip_0024_seg_001,2017-07-31 18:00:43+00:00,476,25.100000,1.000000,0.345673,True,none
pedal_step_000739,pedal_step_event,pedal_to_throttle_delay,trip_0024,trip_0024_seg_001,2017-07-31 18:01:35+00:00,528,25.450000,3.000000,0.692049,True,none
pedal_step_000740,pedal_step_event,pedal_to_throttle_delay,trip_0024,trip_0024_seg_001,2017-07-31 18:02:51+00:00,604,23.700000,,,False,zero_variance
pedal_step_000741,pedal_step_event,pedal_to_throttle_delay,trip_0024,trip_0024_seg_001,2017-07-31 18:05:46+00:00,779,21.600000,,,False,zero_variance
pedal_step_000742,pedal_step_event,pedal_to_throttle_delay,trip_0024,trip_0024_seg_001,2017-07-31 18:05:53+00:00,786,29.400000,,,False,duplicate_or_overlapping_event
pedal_step_000743,pedal_step_event,pedal_to_throttle_delay,trip_0024,trip_0024_seg_001,2017-07-31 18:06:22+00:00,815,24.700000,,,False,zero_variance
pedal_step_000744,pedal_step_event,pedal_to_throttle_delay,trip_0024,trip_0024_seg_001,2017-07-31 18:06:39+00:00,832,29.250000,,,False,zero_variance
pedal_step_000745,pedal_step_event,pedal_to_throttle_delay,trip_0024,trip_0024_seg_001,2017-07-31 18:06:53+00:00,846,22.200000,,0.250728,False,low_correlation
pedal_step_000746,pedal_step_event,pedal_to_throttle_delay,trip_0024,trip_0024_seg_001,2017-07-31 18:08:53+00:00,966,22.950000,,,False,zero_variance
pedal_step_000747,pedal_step_event,pedal_to_throttle_delay,trip_0025,trip_0025_seg_001,2017-07-31 05:32:07+00:00,207,21.550000,0.000000,0.647738,True,none
pedal_step_000748,pedal_step_event,pedal_to_throttle_delay,trip_0025,trip_0025_seg_001,2017-07-31 05:32:10+00:00,210,35.450000,,,False,duplicate_or_overlapping_event
pedal_step_000749,pedal_step_event,pedal_to_throttle_delay,trip_0025,trip_0025_seg_001,2017-07-31 05:32:49+00:00,249,23.300000,0.000000,0.751610,True,none
pedal_step_000750,pedal_step_event,pedal_to_throttle_delay,trip_0025,trip_0025_seg_001,2017-07-31 05:33:27+00:00,287,23.750000,0.000000,0.325959,True,none
pedal_step_000751,pedal_step_event,pedal_to_throttle_delay,trip_0025,trip_0025_seg_001,2017-07-31 05:33:30+00:00,290,29.200000,,,False,duplicate_or_overlapping_event
pedal_step_000752,pedal_step_event,pedal_to_throttle_delay,trip_0025,trip_0025_seg_001,2017-07-31 05:33:58+00:00,318,22.550000,,,False,zero_variance
pedal_step_000753,pedal_step_event,pedal_to_throttle_delay,trip_0025,trip_0025_seg_001,2017-07-31 05:35:31+00:00,411,31.000000,,0.209680,False,low_correlation
pedal_step_000754,pedal_step_event,pedal_to_throttle_delay,trip_0025,trip_0025_seg_001,2017-07-31 05:35:36+00:00,416,35.500000,,,False,duplicate_or_overlapping_event
pedal_step_000755,pedal_step_event,pedal_to_throttle_delay,trip_0025,trip_0025_seg_001,2017-07-31 05:35:56+00:00,436,20.400000,,,False,zero_variance
pedal_step_000756,pedal_step_event,pedal_to_throttle_delay,trip_0025,trip_0025_seg_001,2017-07-31 05:36:10+00:00,450,20.000000,0.000000,0.308605,True,none
pedal_step_000757,pedal_step_event,pedal_to_throttle_delay,trip_0025,trip_0025_seg_001,2017-07-31 05:37:38+00:00,538,31.550000,0.000000,0.839775,True,none
pedal_step_000758,pedal_step_event,pedal_to_throttle_delay,trip_0025,trip_0025_seg_001,2017-07-31 05:38:10+00:00,570,31.650000,0.000000,0.728963,True,none
pedal_step_000759,pedal_step_event,pedal_to_throttle_delay,trip_0025,trip_0025_seg_001,2017-07-31 05:38:20+00:00,580,22.750000,1.000000,0.731112,True,none
pedal_step_000760,pedal_step_event,pedal_to_throttle_delay,trip_0025,trip_0025_seg_001,2017-07-31 05:38:29+00:00,589,35.050000,0.000000,0.903762,True,none
pedal_step_000761,pedal_step_event,pedal_to_throttle_delay,trip_0025,trip_0025_seg_001,2017-07-31 05:38:37+00:00,597,22.150000,,,False,duplicate_or_overlapping_event
pedal_step_000762,pedal_step_event,pedal_to_throttle_delay,trip_0025,trip_0025_seg_001,2017-07-31 05:42:46+00:00,846,20.250000,,,False,zero_variance
pedal_step_000763,pedal_step_event,pedal_to_throttle_delay,trip_0025,trip_0025_seg_001,2017-07-31 05:54:24+00:00,1544,26.500000,,,False,zero_variance
pedal_step_000764,pedal_step_event,pedal_to_throttle_delay,trip_0025,trip_0025_seg_001,2017-07-31 05:56:07+00:00,1647,25.050000,,,False,zero_variance
pedal_step_000765,pedal_step_event,pedal_to_throttle_delay,trip_0025,trip_0025_seg_001,2017-07-31 05:56:10+00:00,1650,20.400000,,,False,duplicate_or_overlapping_event
pedal_step_000766,pedal_step_event,pedal_to_throttle_delay,trip_0025,trip_0025_seg_001,2017-07-31 05:57:41+00:00,1741,31.550000,0.000000,0.609947,True,none
pedal_step_000767,pedal_step_event,pedal_to_throttle_delay,trip_0025,trip_0025_seg_001,2017-07-31 06:01:10+00:00,1950,30.000000,0.000000,0.756334,True,none
pedal_step_000768,pedal_step_event,pedal_to_throttle_delay,trip_0025,trip_0025_seg_001,2017-07-31 06:01:14+00:00,1954,30.050000,,,False,duplicate_or_overlapping_event
pedal_step_000769,pedal_step_event,pedal_to_throttle_delay,trip_0025,trip_0025_seg_001,2017-07-31 06:01:25+00:00,1965,42.000000,,,False,zero_variance
pedal_step_000770,pedal_step_event,pedal_to_throttle_delay,trip_0025,trip_0025_seg_001,2017-07-31 06:01:35+00:00,1975,20.200000,0.000000,0.835524,True,none
pedal_step_000771,pedal_step_event,pedal_to_throttle_delay,trip_0025,trip_0025_seg_001,2017-07-31 06:01:36+00:00,1976,21.600000,,,False,duplicate_or_overlapping_event
pedal_step_000772,pedal_step_event,pedal_to_throttle_delay,trip_0025,trip_0025_seg_001,2017-07-31 06:14:04+00:00,2724,30.950000,3.000000,0.789949,True,none
pedal_step_000773,pedal_step_event,pedal_to_throttle_delay,trip_0025,trip_0025_seg_001,2017-07-31 06:15:06+00:00,2786,25.650000,,,False,zero_variance
pedal_step_000774,pedal_step_event,pedal_to_throttle_delay,trip_0025,trip_0025_seg_001,2017-07-31 06:16:18+00:00,2858,27.500000,,,False,zero_variance
pedal_step_000775,pedal_step_event,pedal_to_throttle_delay,trip_0025,trip_0025_seg_001,2017-07-31 06:17:16+00:00,2916,33.950000,,,False,zero_variance
pedal_step_000776,pedal_step_event,pedal_to_throttle_delay,trip_0025,trip_0025_seg_001,2017-07-31 06:19:55+00:00,3075,20.000000,,,False,zero_variance
pedal_step_000777,pedal_step_event,pedal_to_throttle_delay,trip_0025,trip_0025_seg_001,2017-07-31 06:20:45+00:00,3125,20.950000,,,False,zero_variance
pedal_step_000778,pedal_step_event,pedal_to_throttle_delay,trip_0025,trip_0025_seg_001,2017-07-31 06:21:16+00:00,3156,21.350000,,,False,zero_variance
pedal_step_000779,pedal_step_event,pedal_to_throttle_delay,trip_0025,trip_0025_seg_001,2017-07-31 06:21:37+00:00,3177,22.800000,,,False,zero_variance
pedal_step_000780,pedal_step_event,pedal_to_throttle_delay,trip_0025,trip_0025_seg_001,2017-07-31 06:22:57+00:00,3257,22.200000,,,False,zero_variance
pedal_step_000781,pedal_step_event,pedal_to_throttle_delay,trip_0025,trip_0025_seg_001,2017-07-31 06:23:33+00:00,3293,23.550000,,,False,zero_variance
pedal_step_000782,pedal_step_event,pedal_to_throttle_delay,trip_0025,trip_0025_seg_001,2017-07-31 06:23:55+00:00,3315,28.100000,,,False,zero_variance
pedal_step_000783,pedal_step_event,pedal_to_throttle_delay,trip_0025,trip_0025_seg_001,2017-07-31 06:24:21+00:00,3341,23.150000,,,False,zero_variance
pedal_step_000784,pedal_step_event,pedal_to_throttle_delay,trip_0025,trip_0025_seg_001,2017-07-31 06:27:43+00:00,3543,24.550000,,,False,zero_variance
pedal_step_000785,pedal_step_event,pedal_to_throttle_delay,trip_0025,trip_0025_seg_001,2017-07-31 06:28:26+00:00,3586,32.150000,,,False,zero_variance
pedal_step_000786,pedal_step_event,pedal_to_throttle_delay,trip_0025,trip_0025_seg_001,2017-07-31 06:28:30+00:00,3590,22.400000,,,False,duplicate_or_overlapping_event
pedal_step_000787,pedal_step_event,pedal_to_throttle_delay,trip_0025,trip_0025_seg_001,2017-07-31 06:31:32+00:00,3772,31.600000,,,False,zero_variance
pedal_step_000788,pedal_step_event,pedal_to_throttle_delay,trip_0025,trip_0025_seg_001,2017-07-31 06:33:48+00:00,3908,32.600000,,,False,zero_variance
pedal_step_000789,pedal_step_event,pedal_to_throttle_delay,trip_0025,trip_0025_seg_001,2017-07-31 06:35:03+00:00,3983,30.950000,3.000000,0.422529,True,none
pedal_step_000790,pedal_step_event,pedal_to_throttle_delay,trip_0025,trip_0025_seg_001,2017-07-31 06:36:00+00:00,4040,23.550000,,,False,zero_variance
pedal_step_000791,pedal_step_event,pedal_to_throttle_delay,trip_0025,trip_0025_seg_001,2017-07-31 06:36:58+00:00,4098,44.950000,,,False,zero_variance
pedal_step_000792,pedal_step_event,pedal_to_throttle_delay,trip_0025,trip_0025_seg_001,2017-07-31 06:40:12+00:00,4292,39.400000,1.000000,0.706575,True,none
pedal_step_000793,pedal_step_event,pedal_to_throttle_delay,trip_0025,trip_0025_seg_001,2017-07-31 06:43:39+00:00,4499,24.300000,,,False,zero_variance
pedal_step_000794,pedal_step_event,pedal_to_throttle_delay,trip_0025,trip_0025_seg_001,2017-07-31 06:44:34+00:00,4554,22.350000,,0.254497,False,low_correlation
pedal_step_000795,pedal_step_event,pedal_to_throttle_delay,trip_0025,trip_0025_seg_001,2017-07-31 06:45:00+00:00,4580,20.750000,3.000000,0.629149,True,none
pedal_step_000796,pedal_step_event,pedal_to_throttle_delay,trip_0025,trip_0025_seg_001,2017-07-31 06:45:01+00:00,4581,20.250000,,,False,duplicate_or_overlapping_event
pedal_step_000797,pedal_step_event,pedal_to_throttle_delay,trip_0025,trip_0025_seg_001,2017-07-31 06:45:48+00:00,4628,21.150000,0.000000,0.679618,True,none
pedal_step_000798,pedal_step_event,pedal_to_throttle_delay,trip_0025,trip_0025_seg_001,2017-07-31 06:45:49+00:00,4629,21.550000,,,False,duplicate_or_overlapping_event
pedal_step_000799,pedal_step_event,pedal_to_throttle_delay,trip_0025,trip_0025_seg_001,2017-07-31 06:46:19+00:00,4659,27.100000,,,False,zero_variance
pedal_step_000800,pedal_step_event,pedal_to_throttle_delay,trip_0025,trip_0025_seg_001,2017-07-31 06:47:26+00:00,4726,21.200000,1.000000,0.693947,True,none
pedal_step_000801,pedal_step_event,pedal_to_throttle_delay,trip_0025,trip_0025_seg_001,2017-07-31 06:49:54+00:00,4874,32.200000,3.000000,0.390872,True,none
pedal_step_000802,pedal_step_event,pedal_to_throttle_delay,trip_0025,trip_0025_seg_001,2017-07-31 06:49:59+00:00,4879,33.750000,,,False,duplicate_or_overlapping_event
pedal_step_000803,pedal_step_event,pedal_to_throttle_delay,trip_0026,trip_0026_seg_001,2017-08-01 06:47:29+00:00,278,24.050000,,,False,zero_variance
pedal_step_000804,pedal_step_event,pedal_to_throttle_delay,trip_0026,trip_0026_seg_001,2017-08-01 06:47:44+00:00,293,27.650000,1.000000,0.662296,True,none
pedal_step_000805,pedal_step_event,pedal_to_throttle_delay,trip_0026,trip_0026_seg_001,2017-08-01 06:47:48+00:00,297,33.350000,,,False,duplicate_or_overlapping_event
pedal_step_000806,pedal_step_event,pedal_to_throttle_delay,trip_0026,trip_0026_seg_001,2017-08-01 06:47:52+00:00,301,27.850000,,,False,duplicate_or_overlapping_event
pedal_step_000807,pedal_step_event,pedal_to_throttle_delay,trip_0026,trip_0026_seg_001,2017-08-01 06:49:10+00:00,379,20.250000,0.000000,0.794003,True,none
pedal_step_000808,pedal_step_event,pedal_to_throttle_delay,trip_0026,trip_0026_seg_001,2017-08-01 06:49:59+00:00,428,29.800000,,,False,zero_variance
pedal_step_000809,pedal_step_event,pedal_to_throttle_delay,trip_0026,trip_0026_seg_001,2017-08-01 06:54:40+00:00,709,22.300000,1.000000,0.447679,True,none
pedal_step_000810,pedal_step_event,pedal_to_throttle_delay,trip_0026,trip_0026_seg_001,2017-08-01 06:55:43+00:00,772,27.850000,,,False,zero_variance
pedal_step_000811,pedal_step_event,pedal_to_throttle_delay,trip_0026,trip_0026_seg_001,2017-08-01 06:56:00+00:00,789,26.500000,0.000000,0.535617,True,none
pedal_step_000812,pedal_step_event,pedal_to_throttle_delay,trip_0026,trip_0026_seg_001,2017-08-01 06:57:59+00:00,908,21.000000,0.000000,0.432797,True,none
pedal_step_000813,pedal_step_event,pedal_to_throttle_delay,trip_0026,trip_0026_seg_001,2017-08-01 06:58:02+00:00,911,23.150000,,,False,duplicate_or_overlapping_event
pedal_step_000814,pedal_step_event,pedal_to_throttle_delay,trip_0026,trip_0026_seg_001,2017-08-01 06:59:16+00:00,985,20.950000,0.000000,0.567911,True,none
pedal_step_000815,pedal_step_event,pedal_to_throttle_delay,trip_0026,trip_0026_seg_001,2017-08-01 06:59:41+00:00,1010,22.550000,0.000000,0.848631,True,none
pedal_step_000816,pedal_step_event,pedal_to_throttle_delay,trip_0027,trip_0027_seg_001,2017-08-01 16:26:02+00:00,61,26.900000,,0.177107,False,low_correlation
pedal_step_000817,pedal_step_event,pedal_to_throttle_delay,trip_0027,trip_0027_seg_001,2017-08-01 16:26:05+00:00,64,22.350000,,,False,duplicate_or_overlapping_event
pedal_step_000818,pedal_step_event,pedal_to_throttle_delay,trip_0027,trip_0027_seg_001,2017-08-01 16:26:17+00:00,76,28.400000,0.000000,0.738937,True,none
pedal_step_000819,pedal_step_event,pedal_to_throttle_delay,trip_0027,trip_0027_seg_001,2017-08-01 16:27:05+00:00,124,28.800000,3.000000,0.670063,True,none
pedal_step_000820,pedal_step_event,pedal_to_throttle_delay,trip_0027,trip_0027_seg_001,2017-08-01 16:29:42+00:00,281,33.750000,,,False,zero_variance
pedal_step_000821,pedal_step_event,pedal_to_throttle_delay,trip_0027,trip_0027_seg_001,2017-08-01 16:31:11+00:00,370,37.650000,3.000000,0.817701,True,none
pedal_step_000822,pedal_step_event,pedal_to_throttle_delay,trip_0027,trip_0027_seg_001,2017-08-01 16:34:35+00:00,574,28.800000,1.000000,0.714522,True,none
pedal_step_000823,pedal_step_event,pedal_to_throttle_delay,trip_0027,trip_0027_seg_001,2017-08-01 16:34:38+00:00,577,28.650000,,,False,duplicate_or_overlapping_event
pedal_step_000824,pedal_step_event,pedal_to_throttle_delay,trip_0027,trip_0027_seg_001,2017-08-01 16:34:51+00:00,590,20.950000,0.000000,0.367702,True,none
pedal_step_000825,pedal_step_event,pedal_to_throttle_delay,trip_0027,trip_0027_seg_001,2017-08-01 16:35:20+00:00,619,31.800000,0.000000,0.857658,True,none
pedal_step_000826,pedal_step_event,pedal_to_throttle_delay,trip_0027,trip_0027_seg_001,2017-08-01 16:36:40+00:00,699,21.800000,0.000000,0.823723,True,none
pedal_step_000827,pedal_step_event,pedal_to_throttle_delay,trip_0027,trip_0027_seg_001,2017-08-01 16:36:43+00:00,702,28.800000,,,False,duplicate_or_overlapping_event
pedal_step_000828,pedal_step_event,pedal_to_throttle_delay,trip_0027,trip_0027_seg_001,2017-08-01 16:37:00+00:00,719,25.650000,0.000000,0.789897,True,none
pedal_step_000829,pedal_step_event,pedal_to_throttle_delay,trip_0027,trip_0027_seg_001,2017-08-01 16:37:02+00:00,721,21.800000,,,False,duplicate_or_overlapping_event
pedal_step_000830,pedal_step_event,pedal_to_throttle_delay,trip_0027,trip_0027_seg_001,2017-08-01 16:37:50+00:00,769,20.950000,0.000000,0.917306,True,none
pedal_step_000831,pedal_step_event,pedal_to_throttle_delay,trip_0027,trip_0027_seg_001,2017-08-01 16:37:52+00:00,771,33.750000,,,False,duplicate_or_overlapping_event
pedal_step_000832,pedal_step_event,pedal_to_throttle_delay,trip_0027,trip_0027_seg_001,2017-08-01 16:37:55+00:00,774,35.900000,,,False,duplicate_or_overlapping_event
pedal_step_000833,pedal_step_event,pedal_to_throttle_delay,trip_0027,trip_0027_seg_001,2017-08-01 16:40:52+00:00,951,26.700000,,0.000000,False,low_correlation
pedal_step_000834,pedal_step_event,pedal_to_throttle_delay,trip_0027,trip_0027_seg_001,2017-08-01 16:40:53+00:00,952,22.350000,,,False,duplicate_or_overlapping_event
pedal_step_000835,pedal_step_event,pedal_to_throttle_delay,trip_0027,trip_0027_seg_001,2017-08-01 16:42:16+00:00,1035,24.950000,,,False,zero_variance
pedal_step_000836,pedal_step_event,pedal_to_throttle_delay,trip_0027,trip_0027_seg_001,2017-08-01 16:46:43+00:00,1302,36.100000,,,False,zero_variance
pedal_step_000837,pedal_step_event,pedal_to_throttle_delay,trip_0027,trip_0027_seg_001,2017-08-01 16:47:39+00:00,1358,31.000000,,,False,zero_variance
pedal_step_000838,pedal_step_event,pedal_to_throttle_delay,trip_0027,trip_0027_seg_001,2017-08-01 16:48:11+00:00,1390,36.100000,,,False,zero_variance
pedal_step_000839,pedal_step_event,pedal_to_throttle_delay,trip_0027,trip_0027_seg_001,2017-08-01 16:49:46+00:00,1485,62.000000,,,False,zero_variance
pedal_step_000840,pedal_step_event,pedal_to_throttle_delay,trip_0027,trip_0027_seg_001,2017-08-01 16:50:18+00:00,1517,28.450000,0.000000,0.430821,True,none
pedal_step_000841,pedal_step_event,pedal_to_throttle_delay,trip_0027,trip_0027_seg_001,2017-08-01 16:51:34+00:00,1593,25.650000,,,False,zero_variance
pedal_step_000842,pedal_step_event,pedal_to_throttle_delay,trip_0027,trip_0027_seg_001,2017-08-01 16:52:02+00:00,1621,23.700000,,,False,zero_variance
pedal_step_000843,pedal_step_event,pedal_to_throttle_delay,trip_0027,trip_0027_seg_001,2017-08-01 16:52:11+00:00,1630,22.000000,,,False,zero_variance
pedal_step_000844,pedal_step_event,pedal_to_throttle_delay,trip_0027,trip_0027_seg_001,2017-08-01 16:54:01+00:00,1740,29.400000,,,False,zero_variance
pedal_step_000845,pedal_step_event,pedal_to_throttle_delay,trip_0027,trip_0027_seg_001,2017-08-01 16:54:33+00:00,1772,24.150000,,,False,zero_variance
pedal_step_000846,pedal_step_event,pedal_to_throttle_delay,trip_0027,trip_0027_seg_001,2017-08-01 16:54:34+00:00,1773,21.350000,,,False,duplicate_or_overlapping_event
pedal_step_000847,pedal_step_event,pedal_to_throttle_delay,trip_0027,trip_0027_seg_001,2017-08-01 16:59:38+00:00,2077,23.150000,,,False,zero_variance
pedal_step_000848,pedal_step_event,pedal_to_throttle_delay,trip_0027,trip_0027_seg_001,2017-08-01 16:59:56+00:00,2095,21.950000,,,False,zero_variance
pedal_step_000849,pedal_step_event,pedal_to_throttle_delay,trip_0027,trip_0027_seg_001,2017-08-01 17:00:12+00:00,2111,22.800000,,,False,zero_variance
pedal_step_000850,pedal_step_event,pedal_to_throttle_delay,trip_0027,trip_0027_seg_001,2017-08-01 17:00:38+00:00,2137,22.350000,,,False,zero_variance
pedal_step_000851,pedal_step_event,pedal_to_throttle_delay,trip_0027,trip_0027_seg_001,2017-08-01 17:00:44+00:00,2143,23.500000,,,False,duplicate_or_overlapping_event
pedal_step_000852,pedal_step_event,pedal_to_throttle_delay,trip_0027,trip_0027_seg_001,2017-08-01 17:10:36+00:00,2735,23.550000,,,False,zero_variance
pedal_step_000853,pedal_step_event,pedal_to_throttle_delay,trip_0027,trip_0027_seg_001,2017-08-01 17:10:47+00:00,2746,29.600000,,,False,zero_variance
pedal_step_000854,pedal_step_event,pedal_to_throttle_delay,trip_0027,trip_0027_seg_001,2017-08-01 17:13:39+00:00,2918,23.700000,,,False,zero_variance
pedal_step_000855,pedal_step_event,pedal_to_throttle_delay,trip_0027,trip_0027_seg_001,2017-08-01 17:13:56+00:00,2935,31.900000,0.000000,0.626395,True,none
pedal_step_000856,pedal_step_event,pedal_to_throttle_delay,trip_0027,trip_0027_seg_001,2017-08-01 17:15:18+00:00,3017,35.100000,,0.122293,False,low_correlation
pedal_step_000857,pedal_step_event,pedal_to_throttle_delay,trip_0027,trip_0027_seg_001,2017-08-01 17:16:29+00:00,3088,26.500000,1.000000,0.963748,True,none
pedal_step_000858,pedal_step_event,pedal_to_throttle_delay,trip_0027,trip_0027_seg_001,2017-08-01 17:20:31+00:00,3330,21.000000,0.000000,0.780040,True,none
pedal_step_000859,pedal_step_event,pedal_to_throttle_delay,trip_0027,trip_0027_seg_001,2017-08-01 17:21:51+00:00,3410,35.300000,0.000000,0.969898,True,none
pedal_step_000860,pedal_step_event,pedal_to_throttle_delay,trip_0027,trip_0027_seg_001,2017-08-01 17:23:47+00:00,3526,24.550000,1.000000,0.495341,True,none
pedal_step_000861,pedal_step_event,pedal_to_throttle_delay,trip_0027,trip_0027_seg_001,2017-08-01 17:24:49+00:00,3588,23.000000,0.000000,0.371887,True,none
pedal_step_000862,pedal_step_event,pedal_to_throttle_delay,trip_0027,trip_0027_seg_001,2017-08-01 17:25:36+00:00,3635,33.150000,0.000000,0.625577,True,none
pedal_step_000863,pedal_step_event,pedal_to_throttle_delay,trip_0027,trip_0027_seg_001,2017-08-01 17:25:41+00:00,3640,23.500000,,,False,duplicate_or_overlapping_event
pedal_step_000864,pedal_step_event,pedal_to_throttle_delay,trip_0027,trip_0027_seg_001,2017-08-01 17:26:39+00:00,3698,23.950000,,,False,zero_variance
pedal_step_000865,pedal_step_event,pedal_to_throttle_delay,trip_0027,trip_0027_seg_001,2017-08-01 17:38:51+00:00,4430,22.300000,0.000000,0.568925,True,none
pedal_step_000866,pedal_step_event,pedal_to_throttle_delay,trip_0027,trip_0027_seg_001,2017-08-01 17:40:46+00:00,4545,20.200000,,,False,zero_variance
pedal_step_000867,pedal_step_event,pedal_to_throttle_delay,trip_0027,trip_0027_seg_001,2017-08-01 17:44:53+00:00,4792,22.750000,,,False,zero_variance
pedal_step_000868,pedal_step_event,pedal_to_throttle_delay,trip_0028,trip_0028_seg_001,2017-08-02 05:32:11+00:00,135,22.950000,,0.274048,False,low_correlation
pedal_step_000869,pedal_step_event,pedal_to_throttle_delay,trip_0028,trip_0028_seg_001,2017-08-02 05:32:44+00:00,168,29.000000,3.000000,0.842025,True,none
pedal_step_000870,pedal_step_event,pedal_to_throttle_delay,trip_0028,trip_0028_seg_001,2017-08-02 05:33:29+00:00,213,25.650000,1.000000,0.708767,True,none
pedal_step_000871,pedal_step_event,pedal_to_throttle_delay,trip_0028,trip_0028_seg_001,2017-08-02 05:33:32+00:00,216,22.150000,,,False,duplicate_or_overlapping_event
pedal_step_000872,pedal_step_event,pedal_to_throttle_delay,trip_0028,trip_0028_seg_001,2017-08-02 05:35:37+00:00,341,24.900000,0.000000,0.877317,True,none
pedal_step_000873,pedal_step_event,pedal_to_throttle_delay,trip_0028,trip_0028_seg_001,2017-08-02 05:36:24+00:00,388,23.150000,,,False,zero_variance
pedal_step_000874,pedal_step_event,pedal_to_throttle_delay,trip_0028,trip_0028_seg_001,2017-08-02 05:37:35+00:00,459,37.700000,0.000000,0.689390,True,none
pedal_step_000875,pedal_step_event,pedal_to_throttle_delay,trip_0028,trip_0028_seg_001,2017-08-02 05:38:22+00:00,506,20.600000,1.000000,0.637150,True,none
pedal_step_000876,pedal_step_event,pedal_to_throttle_delay,trip_0028,trip_0028_seg_001,2017-08-02 05:42:54+00:00,778,34.350000,,,False,zero_variance
pedal_step_000877,pedal_step_event,pedal_to_throttle_delay,trip_0028,trip_0028_seg_001,2017-08-02 05:50:33+00:00,1237,24.300000,0.000000,0.938852,True,none
pedal_step_000878,pedal_step_event,pedal_to_throttle_delay,trip_0028,trip_0028_seg_001,2017-08-02 05:50:41+00:00,1245,20.150000,,,False,duplicate_or_overlapping_event
pedal_step_000879,pedal_step_event,pedal_to_throttle_delay,trip_0028,trip_0028_seg_001,2017-08-02 05:55:39+00:00,1543,22.550000,,,False,zero_variance
pedal_step_000880,pedal_step_event,pedal_to_throttle_delay,trip_0028,trip_0028_seg_001,2017-08-02 05:56:14+00:00,1578,21.950000,,,False,zero_variance
pedal_step_000881,pedal_step_event,pedal_to_throttle_delay,trip_0028,trip_0028_seg_001,2017-08-02 06:00:33+00:00,1837,27.500000,,,False,zero_variance
pedal_step_000882,pedal_step_event,pedal_to_throttle_delay,trip_0028,trip_0028_seg_001,2017-08-02 06:03:14+00:00,1998,29.200000,0.000000,0.788443,True,none
pedal_step_000883,pedal_step_event,pedal_to_throttle_delay,trip_0028,trip_0028_seg_001,2017-08-02 06:04:16+00:00,2060,32.550000,0.000000,0.674756,True,none
pedal_step_000884,pedal_step_event,pedal_to_throttle_delay,trip_0028,trip_0028_seg_001,2017-08-02 06:05:30+00:00,2134,22.550000,0.000000,0.867266,True,none
pedal_step_000885,pedal_step_event,pedal_to_throttle_delay,trip_0028,trip_0028_seg_001,2017-08-02 06:06:11+00:00,2175,20.400000,3.000000,0.851230,True,none
pedal_step_000886,pedal_step_event,pedal_to_throttle_delay,trip_0028,trip_0028_seg_001,2017-08-02 06:06:13+00:00,2177,28.250000,,,False,duplicate_or_overlapping_event
pedal_step_000887,pedal_step_event,pedal_to_throttle_delay,trip_0028,trip_0028_seg_001,2017-08-02 06:07:28+00:00,2252,32.350000,3.000000,0.770891,True,none
pedal_step_000888,pedal_step_event,pedal_to_throttle_delay,trip_0028,trip_0028_seg_001,2017-08-02 06:08:08+00:00,2292,20.450000,0.000000,0.654413,True,none
pedal_step_000889,pedal_step_event,pedal_to_throttle_delay,trip_0028,trip_0028_seg_001,2017-08-02 06:10:31+00:00,2435,20.400000,,,False,zero_variance
pedal_step_000890,pedal_step_event,pedal_to_throttle_delay,trip_0028,trip_0028_seg_001,2017-08-02 06:13:43+00:00,2627,20.400000,,,False,zero_variance
pedal_step_000891,pedal_step_event,pedal_to_throttle_delay,trip_0028,trip_0028_seg_001,2017-08-02 06:14:05+00:00,2649,36.100000,0.000000,0.866465,True,none
pedal_step_000892,pedal_step_event,pedal_to_throttle_delay,trip_0028,trip_0028_seg_001,2017-08-02 06:14:15+00:00,2659,24.850000,1.000000,0.748440,True,none
pedal_step_000893,pedal_step_event,pedal_to_throttle_delay,trip_0028,trip_0028_seg_001,2017-08-02 06:18:48+00:00,2932,30.350000,0.000000,0.929253,True,none
pedal_step_000894,pedal_step_event,pedal_to_throttle_delay,trip_0028,trip_0028_seg_001,2017-08-02 06:18:51+00:00,2935,24.900000,,,False,duplicate_or_overlapping_event
pedal_step_000895,pedal_step_event,pedal_to_throttle_delay,trip_0028,trip_0028_seg_001,2017-08-02 06:23:07+00:00,3191,21.600000,,,False,zero_variance
pedal_step_000896,pedal_step_event,pedal_to_throttle_delay,trip_0029,trip_0029_seg_001,2017-08-03 17:46:13+00:00,18,23.900000,1.000000,0.544319,True,none
pedal_step_000897,pedal_step_event,pedal_to_throttle_delay,trip_0029,trip_0029_seg_001,2017-08-03 17:46:18+00:00,23,25.150000,,,False,duplicate_or_overlapping_event
pedal_step_000898,pedal_step_event,pedal_to_throttle_delay,trip_0029,trip_0029_seg_001,2017-08-03 17:46:28+00:00,33,23.300000,0.000000,0.933789,True,none
pedal_step_000899,pedal_step_event,pedal_to_throttle_delay,trip_0029,trip_0029_seg_001,2017-08-03 17:46:40+00:00,45,25.500000,2.000000,0.775531,True,none
pedal_step_000900,pedal_step_event,pedal_to_throttle_delay,trip_0029,trip_0029_seg_001,2017-08-03 18:16:13+00:00,1818,26.100000,3.000000,0.664710,True,none
pedal_step_000901,pedal_step_event,pedal_to_throttle_delay,trip_0029,trip_0029_seg_001,2017-08-03 18:16:37+00:00,1842,29.000000,0.000000,0.550660,True,none
pedal_step_000902,pedal_step_event,pedal_to_throttle_delay,trip_0029,trip_0029_seg_001,2017-08-03 18:20:12+00:00,2057,20.550000,0.000000,0.758823,True,none
pedal_step_000903,pedal_step_event,pedal_to_throttle_delay,trip_0029,trip_0029_seg_001,2017-08-03 18:20:15+00:00,2060,23.750000,,,False,duplicate_or_overlapping_event
pedal_step_000904,pedal_step_event,pedal_to_throttle_delay,trip_0029,trip_0029_seg_001,2017-08-03 18:20:23+00:00,2068,29.800000,,,False,zero_variance
pedal_step_000905,pedal_step_event,pedal_to_throttle_delay,trip_0029,trip_0029_seg_001,2017-08-03 18:20:32+00:00,2077,35.700000,0.000000,0.576112,True,none
pedal_step_000906,pedal_step_event,pedal_to_throttle_delay,trip_0030,trip_0030_seg_001,2017-08-04 16:53:49+00:00,41,21.800000,1.000000,0.313785,True,none
pedal_step_000907,pedal_step_event,pedal_to_throttle_delay,trip_0030,trip_0030_seg_001,2017-08-04 16:53:51+00:00,43,33.550000,,,False,duplicate_or_overlapping_event
pedal_step_000908,pedal_step_event,pedal_to_throttle_delay,trip_0030,trip_0030_seg_001,2017-08-04 16:55:03+00:00,115,29.200000,1.000000,0.881084,True,none
pedal_step_000909,pedal_step_event,pedal_to_throttle_delay,trip_0030,trip_0030_seg_001,2017-08-04 16:55:29+00:00,141,29.050000,3.000000,0.695737,True,none
pedal_step_000910,pedal_step_event,pedal_to_throttle_delay,trip_0030,trip_0030_seg_001,2017-08-04 16:56:08+00:00,180,21.400000,0.000000,0.871924,True,none
pedal_step_000911,pedal_step_event,pedal_to_throttle_delay,trip_0030,trip_0030_seg_001,2017-08-04 16:57:17+00:00,249,20.150000,1.000000,0.519235,True,none
pedal_step_000912,pedal_step_event,pedal_to_throttle_delay,trip_0030,trip_0030_seg_001,2017-08-04 16:57:20+00:00,252,30.850000,,,False,duplicate_or_overlapping_event
pedal_step_000913,pedal_step_event,pedal_to_throttle_delay,trip_0030,trip_0030_seg_001,2017-08-04 16:58:29+00:00,321,23.950000,2.000000,0.519226,True,none
pedal_step_000914,pedal_step_event,pedal_to_throttle_delay,trip_0030,trip_0030_seg_001,2017-08-04 16:58:32+00:00,324,27.250000,,,False,duplicate_or_overlapping_event
pedal_step_000915,pedal_step_event,pedal_to_throttle_delay,trip_0030,trip_0030_seg_001,2017-08-04 16:58:36+00:00,328,30.200000,,,False,duplicate_or_overlapping_event
pedal_step_000916,pedal_step_event,pedal_to_throttle_delay,trip_0030,trip_0030_seg_001,2017-08-04 16:59:13+00:00,365,23.350000,0.000000,0.849288,True,none
pedal_step_000917,pedal_step_event,pedal_to_throttle_delay,trip_0030,trip_0030_seg_001,2017-08-04 16:59:16+00:00,368,26.300000,,,False,duplicate_or_overlapping_event
pedal_step_000918,pedal_step_event,pedal_to_throttle_delay,trip_0030,trip_0030_seg_001,2017-08-04 16:59:35+00:00,387,26.650000,,,False,zero_variance
pedal_step_000919,pedal_step_event,pedal_to_throttle_delay,trip_0030,trip_0030_seg_001,2017-08-04 17:05:54+00:00,766,41.200000,0.000000,0.821135,True,none
pedal_step_000920,pedal_step_event,pedal_to_throttle_delay,trip_0030,trip_0030_seg_001,2017-08-04 17:05:56+00:00,768,45.100000,,,False,duplicate_or_overlapping_event
pedal_step_000921,pedal_step_event,pedal_to_throttle_delay,trip_0030,trip_0030_seg_001,2017-08-04 17:06:30+00:00,802,39.800000,,,False,zero_variance
pedal_step_000922,pedal_step_event,pedal_to_throttle_delay,trip_0030,trip_0030_seg_001,2017-08-04 17:09:56+00:00,1008,21.750000,,0.205479,False,low_correlation
pedal_step_000923,pedal_step_event,pedal_to_throttle_delay,trip_0030,trip_0030_seg_001,2017-08-04 17:12:26+00:00,1158,31.000000,1.000000,0.750374,True,none
pedal_step_000924,pedal_step_event,pedal_to_throttle_delay,trip_0030,trip_0030_seg_001,2017-08-04 17:14:04+00:00,1256,32.800000,1.000000,0.309094,True,none
pedal_step_000925,pedal_step_event,pedal_to_throttle_delay,trip_0030,trip_0030_seg_001,2017-08-04 17:14:10+00:00,1262,27.650000,,,False,duplicate_or_overlapping_event
pedal_step_000926,pedal_step_event,pedal_to_throttle_delay,trip_0030,trip_0030_seg_001,2017-08-04 17:15:58+00:00,1370,20.600000,,0.015745,False,low_correlation
pedal_step_000927,pedal_step_event,pedal_to_throttle_delay,trip_0030,trip_0030_seg_001,2017-08-04 17:27:21+00:00,2053,26.100000,,,False,zero_variance
pedal_step_000928,pedal_step_event,pedal_to_throttle_delay,trip_0030,trip_0030_seg_001,2017-08-04 17:27:24+00:00,2056,50.200000,,,False,duplicate_or_overlapping_event
pedal_step_000929,pedal_step_event,pedal_to_throttle_delay,trip_0030,trip_0030_seg_001,2017-08-04 17:27:28+00:00,2060,45.100000,,,False,duplicate_or_overlapping_event
pedal_step_000930,pedal_step_event,pedal_to_throttle_delay,trip_0030,trip_0030_seg_001,2017-08-04 17:27:37+00:00,2069,32.900000,2.000000,0.762182,True,none
pedal_step_000931,pedal_step_event,pedal_to_throttle_delay,trip_0030,trip_0030_seg_001,2017-08-04 17:29:22+00:00,2174,28.250000,0.000000,0.891522,True,none
pedal_step_000932,pedal_step_event,pedal_to_throttle_delay,trip_0030,trip_0030_seg_001,2017-08-04 17:30:03+00:00,2215,42.950000,0.000000,0.838179,True,none
pedal_step_000933,pedal_step_event,pedal_to_throttle_delay,trip_0030,trip_0030_seg_001,2017-08-04 17:31:23+00:00,2295,24.300000,0.000000,0.709078,True,none
pedal_step_000934,pedal_step_event,pedal_to_throttle_delay,trip_0030,trip_0030_seg_001,2017-08-04 17:32:15+00:00,2347,29.600000,1.000000,0.676748,True,none
pedal_step_000935,pedal_step_event,pedal_to_throttle_delay,trip_0030,trip_0030_seg_001,2017-08-04 17:32:30+00:00,2362,21.150000,,,False,zero_variance
pedal_step_000936,pedal_step_event,pedal_to_throttle_delay,trip_0030,trip_0030_seg_001,2017-08-04 17:32:56+00:00,2388,21.400000,0.000000,0.675359,True,none
pedal_step_000937,pedal_step_event,pedal_to_throttle_delay,trip_0030,trip_0030_seg_001,2017-08-04 17:33:59+00:00,2451,24.700000,1.000000,0.317725,True,none
pedal_step_000938,pedal_step_event,pedal_to_throttle_delay,trip_0030,trip_0030_seg_001,2017-08-04 17:34:37+00:00,2489,35.500000,0.000000,0.675331,True,none
pedal_step_000939,pedal_step_event,pedal_to_throttle_delay,trip_0030,trip_0030_seg_001,2017-08-04 17:34:42+00:00,2494,35.300000,,,False,duplicate_or_overlapping_event
pedal_step_000940,pedal_step_event,pedal_to_throttle_delay,trip_0030,trip_0030_seg_001,2017-08-04 17:35:59+00:00,2571,20.600000,0.000000,0.832835,True,none
pedal_step_000941,pedal_step_event,pedal_to_throttle_delay,trip_0030,trip_0030_seg_001,2017-08-04 17:36:48+00:00,2620,29.050000,1.000000,0.894320,True,none
pedal_step_000942,pedal_step_event,pedal_to_throttle_delay,trip_0031,trip_0031_seg_001,2017-08-05 07:21:38+00:00,39,27.450000,3.000000,0.634330,True,none
pedal_step_000943,pedal_step_event,pedal_to_throttle_delay,trip_0031,trip_0031_seg_001,2017-08-05 07:22:17+00:00,78,24.300000,,,False,zero_variance
pedal_step_000944,pedal_step_event,pedal_to_throttle_delay,trip_0031,trip_0031_seg_001,2017-08-05 07:23:48+00:00,169,22.950000,,0.220659,False,low_correlation
pedal_step_000945,pedal_step_event,pedal_to_throttle_delay,trip_0031,trip_0031_seg_001,2017-08-05 07:23:51+00:00,172,28.650000,,,False,duplicate_or_overlapping_event
pedal_step_000946,pedal_step_event,pedal_to_throttle_delay,trip_0031,trip_0031_seg_001,2017-08-05 07:24:00+00:00,181,23.200000,,,False,zero_variance
pedal_step_000947,pedal_step_event,pedal_to_throttle_delay,trip_0031,trip_0031_seg_001,2017-08-05 07:25:53+00:00,294,27.450000,,,False,zero_variance
pedal_step_000948,pedal_step_event,pedal_to_throttle_delay,trip_0031,trip_0031_seg_001,2017-08-05 07:32:07+00:00,668,33.500000,,,False,zero_variance
pedal_step_000949,pedal_step_event,pedal_to_throttle_delay,trip_0031,trip_0031_seg_001,2017-08-05 07:44:03+00:00,1384,25.050000,,,False,zero_variance
pedal_step_000950,pedal_step_event,pedal_to_throttle_delay,trip_0031,trip_0031_seg_001,2017-08-05 07:47:29+00:00,1590,28.250000,,,False,zero_variance
pedal_step_000951,pedal_step_event,pedal_to_throttle_delay,trip_0031,trip_0031_seg_001,2017-08-05 07:50:15+00:00,1756,28.850000,1.000000,0.914715,True,none
pedal_step_000952,pedal_step_event,pedal_to_throttle_delay,trip_0031,trip_0031_seg_001,2017-08-05 07:50:53+00:00,1794,23.750000,0.000000,0.362546,True,none
pedal_step_000953,pedal_step_event,pedal_to_throttle_delay,trip_0031,trip_0031_seg_001,2017-08-05 07:58:07+00:00,2228,22.600000,,0.247466,False,low_correlation
pedal_step_000954,pedal_step_event,pedal_to_throttle_delay,trip_0031,trip_0031_seg_001,2017-08-05 08:00:03+00:00,2344,21.150000,,-0.053590,False,low_correlation
pedal_step_000955,pedal_step_event,pedal_to_throttle_delay,trip_0031,trip_0031_seg_001,2017-08-05 08:00:08+00:00,2349,28.600000,,,False,duplicate_or_overlapping_event
pedal_step_000956,pedal_step_event,pedal_to_throttle_delay,trip_0031,trip_0031_seg_001,2017-08-05 08:08:55+00:00,2876,20.200000,1.000000,0.409214,True,none
pedal_step_000957,pedal_step_event,pedal_to_throttle_delay,trip_0031,trip_0031_seg_001,2017-08-05 08:12:36+00:00,3097,32.200000,0.000000,0.544348,True,none
pedal_step_000958,pedal_step_event,pedal_to_throttle_delay,trip_0031,trip_0031_seg_001,2017-08-05 08:15:24+00:00,3265,20.200000,0.000000,0.779588,True,none
pedal_step_000959,pedal_step_event,pedal_to_throttle_delay,trip_0031,trip_0031_seg_001,2017-08-05 08:17:37+00:00,3398,35.900000,1.000000,0.972835,True,none
pedal_step_000960,pedal_step_event,pedal_to_throttle_delay,trip_0031,trip_0031_seg_001,2017-08-05 08:18:10+00:00,3431,28.450000,,0.257845,False,low_correlation
pedal_step_000961,pedal_step_event,pedal_to_throttle_delay,trip_0031,trip_0031_seg_001,2017-08-05 08:20:30+00:00,3571,36.250000,0.000000,0.790820,True,none
pedal_step_000962,pedal_step_event,pedal_to_throttle_delay,trip_0031,trip_0031_seg_001,2017-08-05 08:20:48+00:00,3589,20.600000,,0.019562,False,low_correlation
pedal_step_000963,pedal_step_event,pedal_to_throttle_delay,trip_0031,trip_0031_seg_001,2017-08-05 08:21:32+00:00,3633,33.750000,1.000000,0.995461,True,none
pedal_step_000964,pedal_step_event,pedal_to_throttle_delay,trip_0031,trip_0031_seg_001,2017-08-05 08:23:04+00:00,3725,32.350000,3.000000,0.567306,True,none
pedal_step_000965,pedal_step_event,pedal_to_throttle_delay,trip_0031,trip_0031_seg_001,2017-08-05 08:23:49+00:00,3770,21.950000,,,False,zero_variance
pedal_step_000966,pedal_step_event,pedal_to_throttle_delay,trip_0031,trip_0031_seg_001,2017-08-05 08:24:41+00:00,3822,26.700000,1.000000,0.972849,True,none
pedal_step_000967,pedal_step_event,pedal_to_throttle_delay,trip_0031,trip_0031_seg_001,2017-08-05 08:27:30+00:00,3991,25.700000,0.000000,0.513371,True,none
pedal_step_000968,pedal_step_event,pedal_to_throttle_delay,trip_0031,trip_0031_seg_001,2017-08-05 08:29:22+00:00,4103,36.500000,,0.202952,False,low_correlation
pedal_step_000969,pedal_step_event,pedal_to_throttle_delay,trip_0031,trip_0031_seg_001,2017-08-05 08:29:28+00:00,4109,36.300000,,,False,duplicate_or_overlapping_event
pedal_step_000970,pedal_step_event,pedal_to_throttle_delay,trip_0031,trip_0031_seg_001,2017-08-05 08:29:54+00:00,4135,29.050000,1.000000,0.774568,True,none
pedal_step_000971,pedal_step_event,pedal_to_throttle_delay,trip_0031,trip_0031_seg_001,2017-08-05 08:30:12+00:00,4153,24.500000,3.000000,0.673282,True,none
pedal_step_000972,pedal_step_event,pedal_to_throttle_delay,trip_0031,trip_0031_seg_001,2017-08-05 08:30:20+00:00,4161,44.500000,,,False,duplicate_or_overlapping_event
pedal_step_000973,pedal_step_event,pedal_to_throttle_delay,trip_0031,trip_0031_seg_001,2017-08-05 08:31:12+00:00,4213,27.850000,,,False,zero_variance
pedal_step_000974,pedal_step_event,pedal_to_throttle_delay,trip_0032,trip_0032_seg_001,2017-08-07 17:07:59+00:00,155,32.750000,,0.255687,False,low_correlation
pedal_step_000975,pedal_step_event,pedal_to_throttle_delay,trip_0032,trip_0032_seg_001,2017-08-07 17:08:02+00:00,158,33.750000,,,False,duplicate_or_overlapping_event
pedal_step_000976,pedal_step_event,pedal_to_throttle_delay,trip_0032,trip_0032_seg_001,2017-08-07 17:08:56+00:00,212,32.950000,,0.265585,False,low_correlation
pedal_step_000977,pedal_step_event,pedal_to_throttle_delay,trip_0032,trip_0032_seg_001,2017-08-07 17:09:04+00:00,220,20.200000,,,False,duplicate_or_overlapping_event
pedal_step_000978,pedal_step_event,pedal_to_throttle_delay,trip_0032,trip_0032_seg_001,2017-08-07 17:10:32+00:00,308,39.200000,1.000000,0.827121,True,none
pedal_step_000979,pedal_step_event,pedal_to_throttle_delay,trip_0032,trip_0032_seg_001,2017-08-07 17:11:05+00:00,341,28.200000,,,False,zero_variance
pedal_step_000980,pedal_step_event,pedal_to_throttle_delay,trip_0032,trip_0032_seg_001,2017-08-07 17:12:13+00:00,409,22.900000,0.000000,0.390596,True,none
pedal_step_000981,pedal_step_event,pedal_to_throttle_delay,trip_0032,trip_0032_seg_001,2017-08-07 17:13:20+00:00,476,34.100000,,0.194573,False,low_correlation
pedal_step_000982,pedal_step_event,pedal_to_throttle_delay,trip_0032,trip_0032_seg_001,2017-08-07 17:14:12+00:00,528,32.750000,1.000000,0.760644,True,none
pedal_step_000983,pedal_step_event,pedal_to_throttle_delay,trip_0032,trip_0032_seg_001,2017-08-07 17:14:22+00:00,538,26.100000,1.000000,0.822600,True,none
pedal_step_000984,pedal_step_event,pedal_to_throttle_delay,trip_0032,trip_0032_seg_001,2017-08-07 17:15:15+00:00,591,32.000000,,,False,zero_variance
pedal_step_000985,pedal_step_event,pedal_to_throttle_delay,trip_0032,trip_0032_seg_001,2017-08-07 17:23:22+00:00,1078,50.400000,,,False,zero_variance
pedal_step_000986,pedal_step_event,pedal_to_throttle_delay,trip_0032,trip_0032_seg_001,2017-08-07 17:25:29+00:00,1205,41.400000,,,False,zero_variance
pedal_step_000987,pedal_step_event,pedal_to_throttle_delay,trip_0032,trip_0032_seg_001,2017-08-07 17:26:09+00:00,1245,27.900000,,,False,zero_variance
pedal_step_000988,pedal_step_event,pedal_to_throttle_delay,trip_0032,trip_0032_seg_001,2017-08-07 17:26:18+00:00,1254,20.200000,,,False,zero_variance
pedal_step_000989,pedal_step_event,pedal_to_throttle_delay,trip_0032,trip_0032_seg_001,2017-08-07 17:26:23+00:00,1259,35.650000,,,False,duplicate_or_overlapping_event
pedal_step_000990,pedal_step_event,pedal_to_throttle_delay,trip_0032,trip_0032_seg_001,2017-08-07 17:30:30+00:00,1506,30.050000,,,False,zero_variance
pedal_step_000991,pedal_step_event,pedal_to_throttle_delay,trip_0032,trip_0032_seg_001,2017-08-07 17:32:47+00:00,1643,31.550000,,,False,zero_variance
pedal_step_000992,pedal_step_event,pedal_to_throttle_delay,trip_0032,trip_0032_seg_001,2017-08-07 17:34:15+00:00,1731,58.100000,,,False,zero_variance
pedal_step_000993,pedal_step_event,pedal_to_throttle_delay,trip_0032,trip_0032_seg_001,2017-08-07 17:34:47+00:00,1763,20.800000,,,False,zero_variance
pedal_step_000994,pedal_step_event,pedal_to_throttle_delay,trip_0032,trip_0032_seg_001,2017-08-07 17:35:08+00:00,1784,25.900000,,,False,zero_variance
pedal_step_000995,pedal_step_event,pedal_to_throttle_delay,trip_0032,trip_0032_seg_001,2017-08-07 17:35:11+00:00,1787,21.400000,,,False,duplicate_or_overlapping_event
pedal_step_000996,pedal_step_event,pedal_to_throttle_delay,trip_0032,trip_0032_seg_001,2017-08-07 17:36:26+00:00,1862,39.650000,,,False,zero_variance
pedal_step_000997,pedal_step_event,pedal_to_throttle_delay,trip_0032,trip_0032_seg_001,2017-08-07 17:50:53+00:00,2729,20.600000,,,False,zero_variance
pedal_step_000998,pedal_step_event,pedal_to_throttle_delay,trip_0032,trip_0032_seg_001,2017-08-07 17:51:03+00:00,2739,23.950000,,,False,zero_variance
pedal_step_000999,pedal_step_event,pedal_to_throttle_delay,trip_0032,trip_0032_seg_001,2017-08-07 18:03:14+00:00,3470,22.950000,2.000000,0.301422,True,none
pedal_step_001000,pedal_step_event,pedal_to_throttle_delay,trip_0032,trip_0032_seg_001,2017-08-07 18:03:51+00:00,3507,23.150000,,,False,zero_variance
pedal_step_001001,pedal_step_event,pedal_to_throttle_delay,trip_0032,trip_0032_seg_001,2017-08-07 18:06:45+00:00,3681,41.000000,1.000000,0.656248,True,none
pedal_step_001002,pedal_step_event,pedal_to_throttle_delay,trip_0032,trip_0032_seg_001,2017-08-07 18:06:49+00:00,3685,38.450000,,,False,duplicate_or_overlapping_event
pedal_step_001003,pedal_step_event,pedal_to_throttle_delay,trip_0032,trip_0032_seg_001,2017-08-07 18:07:03+00:00,3699,20.700000,,,False,zero_variance
pedal_step_001004,pedal_step_event,pedal_to_throttle_delay,trip_0033,trip_0033_seg_001,2017-08-07 05:37:20+00:00,7,20.600000,0.000000,0.565678,True,none
pedal_step_001005,pedal_step_event,pedal_to_throttle_delay,trip_0033,trip_0033_seg_001,2017-08-07 05:37:51+00:00,38,20.800000,,,False,zero_variance
pedal_step_001006,pedal_step_event,pedal_to_throttle_delay,trip_0033,trip_0033_seg_001,2017-08-07 05:39:24+00:00,131,21.150000,,0.207807,False,low_correlation
pedal_step_001007,pedal_step_event,pedal_to_throttle_delay,trip_0033,trip_0033_seg_001,2017-08-07 05:40:04+00:00,171,31.950000,1.000000,0.537467,True,none
pedal_step_001008,pedal_step_event,pedal_to_throttle_delay,trip_0033,trip_0033_seg_001,2017-08-07 05:40:08+00:00,175,40.200000,,,False,duplicate_or_overlapping_event
pedal_step_001009,pedal_step_event,pedal_to_throttle_delay,trip_0033,trip_0033_seg_001,2017-08-07 05:40:50+00:00,217,37.450000,,-0.002297,False,low_correlation
pedal_step_001010,pedal_step_event,pedal_to_throttle_delay,trip_0033,trip_0033_seg_001,2017-08-07 05:40:54+00:00,221,44.700000,,,False,duplicate_or_overlapping_event
pedal_step_001011,pedal_step_event,pedal_to_throttle_delay,trip_0033,trip_0033_seg_001,2017-08-07 05:43:14+00:00,361,38.800000,,0.052003,False,low_correlation
pedal_step_001012,pedal_step_event,pedal_to_throttle_delay,trip_0033,trip_0033_seg_001,2017-08-07 05:44:24+00:00,431,30.200000,0.000000,0.984723,True,none
pedal_step_001013,pedal_step_event,pedal_to_throttle_delay,trip_0033,trip_0033_seg_001,2017-08-07 05:45:04+00:00,471,21.150000,0.000000,0.666183,True,none
pedal_step_001014,pedal_step_event,pedal_to_throttle_delay,trip_0033,trip_0033_seg_001,2017-08-07 05:45:06+00:00,473,36.900000,,,False,duplicate_or_overlapping_event
pedal_step_001015,pedal_step_event,pedal_to_throttle_delay,trip_0033,trip_0033_seg_001,2017-08-07 05:45:10+00:00,477,29.600000,,,False,duplicate_or_overlapping_event
pedal_step_001016,pedal_step_event,pedal_to_throttle_delay,trip_0033,trip_0033_seg_001,2017-08-07 05:45:58+00:00,525,24.500000,2.000000,0.736769,True,none
pedal_step_001017,pedal_step_event,pedal_to_throttle_delay,trip_0033,trip_0033_seg_001,2017-08-07 05:48:58+00:00,705,33.900000,,0.150209,False,low_correlation
pedal_step_001018,pedal_step_event,pedal_to_throttle_delay,trip_0033,trip_0033_seg_001,2017-08-07 05:49:01+00:00,708,24.250000,,,False,duplicate_or_overlapping_event
pedal_step_001019,pedal_step_event,pedal_to_throttle_delay,trip_0033,trip_0033_seg_001,2017-08-07 05:50:05+00:00,772,23.350000,,,False,zero_variance
pedal_step_001020,pedal_step_event,pedal_to_throttle_delay,trip_0033,trip_0033_seg_001,2017-08-07 05:50:13+00:00,780,24.700000,,,False,duplicate_or_overlapping_event
pedal_step_001021,pedal_step_event,pedal_to_throttle_delay,trip_0033,trip_0033_seg_001,2017-08-07 05:50:14+00:00,781,23.700000,,,False,zero_variance
pedal_step_001022,pedal_step_event,pedal_to_throttle_delay,trip_0033,trip_0033_seg_001,2017-08-07 05:55:13+00:00,1080,30.950000,0.000000,0.313736,True,none
pedal_step_001023,pedal_step_event,pedal_to_throttle_delay,trip_0033,trip_0033_seg_001,2017-08-07 05:55:21+00:00,1088,20.850000,,,False,duplicate_or_overlapping_event
pedal_step_001024,pedal_step_event,pedal_to_throttle_delay,trip_0033,trip_0033_seg_001,2017-08-07 05:58:35+00:00,1282,43.750000,0.000000,0.528546,True,none
pedal_step_001025,pedal_step_event,pedal_to_throttle_delay,trip_0033,trip_0033_seg_001,2017-08-07 06:02:27+00:00,1514,47.650000,,,False,zero_variance
pedal_step_001026,pedal_step_event,pedal_to_throttle_delay,trip_0033,trip_0033_seg_001,2017-08-07 06:02:42+00:00,1529,24.900000,,,False,zero_variance
pedal_step_001027,pedal_step_event,pedal_to_throttle_delay,trip_0033,trip_0033_seg_001,2017-08-07 06:02:57+00:00,1544,33.350000,,,False,zero_variance
pedal_step_001028,pedal_step_event,pedal_to_throttle_delay,trip_0033,trip_0033_seg_001,2017-08-07 06:07:50+00:00,1837,23.900000,1.000000,0.769038,True,none
pedal_step_001029,pedal_step_event,pedal_to_throttle_delay,trip_0033,trip_0033_seg_001,2017-08-07 06:08:54+00:00,1901,32.350000,1.000000,0.891950,True,none
pedal_step_001030,pedal_step_event,pedal_to_throttle_delay,trip_0033,trip_0033_seg_001,2017-08-07 06:14:29+00:00,2236,29.850000,,,False,zero_variance
pedal_step_001031,pedal_step_event,pedal_to_throttle_delay,trip_0033,trip_0033_seg_001,2017-08-07 06:15:45+00:00,2312,20.400000,,,False,zero_variance
pedal_step_001032,pedal_step_event,pedal_to_throttle_delay,trip_0033,trip_0033_seg_001,2017-08-07 06:15:46+00:00,2313,23.150000,,,False,duplicate_or_overlapping_event
pedal_step_001033,pedal_step_event,pedal_to_throttle_delay,trip_0033,trip_0033_seg_001,2017-08-07 06:16:05+00:00,2332,23.900000,,,False,zero_variance
pedal_step_001034,pedal_step_event,pedal_to_throttle_delay,trip_0033,trip_0033_seg_001,2017-08-07 06:17:00+00:00,2387,22.350000,,,False,zero_variance
pedal_step_001035,pedal_step_event,pedal_to_throttle_delay,trip_0033,trip_0033_seg_001,2017-08-07 06:19:20+00:00,2527,21.400000,,,False,zero_variance
pedal_step_001036,pedal_step_event,pedal_to_throttle_delay,trip_0033,trip_0033_seg_001,2017-08-07 06:19:52+00:00,2559,32.950000,,,False,zero_variance
pedal_step_001037,pedal_step_event,pedal_to_throttle_delay,trip_0033,trip_0033_seg_001,2017-08-07 06:20:16+00:00,2583,21.200000,,,False,zero_variance
pedal_step_001038,pedal_step_event,pedal_to_throttle_delay,trip_0033,trip_0033_seg_001,2017-08-07 06:20:19+00:00,2586,38.450000,,,False,duplicate_or_overlapping_event
pedal_step_001039,pedal_step_event,pedal_to_throttle_delay,trip_0033,trip_0033_seg_001,2017-08-07 06:21:02+00:00,2629,23.350000,,,False,zero_variance
pedal_step_001040,pedal_step_event,pedal_to_throttle_delay,trip_0033,trip_0033_seg_001,2017-08-07 06:21:03+00:00,2630,33.750000,,,False,duplicate_or_overlapping_event
pedal_step_001041,pedal_step_event,pedal_to_throttle_delay,trip_0033,trip_0033_seg_001,2017-08-07 06:21:32+00:00,2659,27.200000,,,False,zero_variance
pedal_step_001042,pedal_step_event,pedal_to_throttle_delay,trip_0033,trip_0033_seg_001,2017-08-07 06:22:18+00:00,2705,42.750000,,,False,zero_variance
pedal_step_001043,pedal_step_event,pedal_to_throttle_delay,trip_0033,trip_0033_seg_001,2017-08-07 06:22:39+00:00,2726,23.150000,,,False,zero_variance
pedal_step_001044,pedal_step_event,pedal_to_throttle_delay,trip_0033,trip_0033_seg_001,2017-08-07 06:22:51+00:00,2738,22.800000,,,False,zero_variance
pedal_step_001045,pedal_step_event,pedal_to_throttle_delay,trip_0033,trip_0033_seg_001,2017-08-07 06:26:54+00:00,2981,35.900000,,,False,zero_variance
pedal_step_001046,pedal_step_event,pedal_to_throttle_delay,trip_0033,trip_0033_seg_001,2017-08-07 06:28:51+00:00,3098,24.250000,,,False,zero_variance
pedal_step_001047,pedal_step_event,pedal_to_throttle_delay,trip_0033,trip_0033_seg_001,2017-08-07 06:35:20+00:00,3487,35.300000,,,False,zero_variance
pedal_step_001048,pedal_step_event,pedal_to_throttle_delay,trip_0033,trip_0033_seg_001,2017-08-07 06:43:07+00:00,3954,22.700000,0.000000,0.825826,True,none
pedal_step_001049,pedal_step_event,pedal_to_throttle_delay,trip_0033,trip_0033_seg_001,2017-08-07 06:43:29+00:00,3976,41.200000,1.000000,0.806265,True,none
pedal_step_001050,pedal_step_event,pedal_to_throttle_delay,trip_0033,trip_0033_seg_001,2017-08-07 06:43:47+00:00,3994,21.200000,,,False,zero_variance
pedal_step_001051,pedal_step_event,pedal_to_throttle_delay,trip_0033,trip_0033_seg_001,2017-08-07 06:45:20+00:00,4087,22.300000,3.000000,0.442508,True,none
pedal_step_001052,pedal_step_event,pedal_to_throttle_delay,trip_0033,trip_0033_seg_001,2017-08-07 06:47:54+00:00,4241,24.150000,0.000000,0.901684,True,none
pedal_step_001053,pedal_step_event,pedal_to_throttle_delay,trip_0033,trip_0033_seg_001,2017-08-07 06:49:04+00:00,4311,34.700000,,,False,zero_variance
pedal_step_001054,pedal_step_event,pedal_to_throttle_delay,trip_0033,trip_0033_seg_001,2017-08-07 06:49:40+00:00,4347,20.450000,3.000000,0.595519,True,none
pedal_step_001055,pedal_step_event,pedal_to_throttle_delay,trip_0034,trip_0034_seg_001,2017-08-08 05:34:16+00:00,53,21.950000,1.000000,0.545562,True,none
pedal_step_001056,pedal_step_event,pedal_to_throttle_delay,trip_0034,trip_0034_seg_001,2017-08-08 05:35:42+00:00,139,24.100000,2.000000,0.519128,True,none
pedal_step_001057,pedal_step_event,pedal_to_throttle_delay,trip_0034,trip_0034_seg_001,2017-08-08 05:35:44+00:00,141,46.500000,,,False,duplicate_or_overlapping_event
pedal_step_001058,pedal_step_event,pedal_to_throttle_delay,trip_0034,trip_0034_seg_001,2017-08-08 05:35:48+00:00,145,35.100000,,,False,duplicate_or_overlapping_event
pedal_step_001059,pedal_step_event,pedal_to_throttle_delay,trip_0034,trip_0034_seg_001,2017-08-08 05:36:27+00:00,184,34.350000,3.000000,0.647174,True,none
pedal_step_001060,pedal_step_event,pedal_to_throttle_delay,trip_0034,trip_0034_seg_001,2017-08-08 05:37:15+00:00,232,25.500000,3.000000,0.789533,True,none
pedal_step_001061,pedal_step_event,pedal_to_throttle_delay,trip_0034,trip_0034_seg_001,2017-08-08 05:37:17+00:00,234,22.950000,,,False,duplicate_or_overlapping_event
pedal_step_001062,pedal_step_event,pedal_to_throttle_delay,trip_0034,trip_0034_seg_001,2017-08-08 05:37:20+00:00,237,41.400000,,,False,duplicate_or_overlapping_event
pedal_step_001063,pedal_step_event,pedal_to_throttle_delay,trip_0034,trip_0034_seg_001,2017-08-08 05:37:52+00:00,269,27.250000,,0.212021,False,low_correlation
pedal_step_001064,pedal_step_event,pedal_to_throttle_delay,trip_0034,trip_0034_seg_001,2017-08-08 05:38:35+00:00,312,43.000000,3.000000,0.699664,True,none
pedal_step_001065,pedal_step_event,pedal_to_throttle_delay,trip_0034,trip_0034_seg_001,2017-08-08 05:38:40+00:00,317,28.250000,,,False,duplicate_or_overlapping_event
pedal_step_001066,pedal_step_event,pedal_to_throttle_delay,trip_0034,trip_0034_seg_001,2017-08-08 05:39:10+00:00,347,34.150000,,0.038324,False,low_correlation
pedal_step_001067,pedal_step_event,pedal_to_throttle_delay,trip_0034,trip_0034_seg_001,2017-08-08 05:39:16+00:00,353,30.400000,,,False,duplicate_or_overlapping_event
pedal_step_001068,pedal_step_event,pedal_to_throttle_delay,trip_0034,trip_0034_seg_001,2017-08-08 05:40:19+00:00,416,21.000000,,,False,zero_variance
pedal_step_001069,pedal_step_event,pedal_to_throttle_delay,trip_0034,trip_0034_seg_001,2017-08-08 05:40:31+00:00,428,29.800000,0.000000,0.319877,True,none
pedal_step_001070,pedal_step_event,pedal_to_throttle_delay,trip_0034,trip_0034_seg_001,2017-08-08 05:41:59+00:00,516,45.900000,,,False,zero_variance
pedal_step_001071,pedal_step_event,pedal_to_throttle_delay,trip_0034,trip_0034_seg_001,2017-08-08 05:43:29+00:00,606,26.500000,,,False,zero_variance
pedal_step_001072,pedal_step_event,pedal_to_throttle_delay,trip_0034,trip_0034_seg_001,2017-08-08 05:48:30+00:00,907,31.750000,,,False,zero_variance
pedal_step_001073,pedal_step_event,pedal_to_throttle_delay,trip_0034,trip_0034_seg_001,2017-08-08 05:56:52+00:00,1409,20.600000,,,False,zero_variance
pedal_step_001074,pedal_step_event,pedal_to_throttle_delay,trip_0034,trip_0034_seg_001,2017-08-08 05:57:13+00:00,1430,27.450000,,,False,zero_variance
pedal_step_001075,pedal_step_event,pedal_to_throttle_delay,trip_0034,trip_0034_seg_001,2017-08-08 06:04:59+00:00,1896,22.950000,0.000000,0.504066,True,none
pedal_step_001076,pedal_step_event,pedal_to_throttle_delay,trip_0034,trip_0034_seg_001,2017-08-08 06:05:00+00:00,1897,23.750000,,,False,duplicate_or_overlapping_event
pedal_step_001077,pedal_step_event,pedal_to_throttle_delay,trip_0034,trip_0034_seg_001,2017-08-08 06:05:18+00:00,1915,21.400000,,,False,zero_variance
pedal_step_001078,pedal_step_event,pedal_to_throttle_delay,trip_0034,trip_0034_seg_001,2017-08-08 06:05:42+00:00,1939,21.200000,,,False,zero_variance
pedal_step_001079,pedal_step_event,pedal_to_throttle_delay,trip_0034,trip_0034_seg_001,2017-08-08 06:07:57+00:00,2074,42.400000,,0.038711,False,low_correlation
pedal_step_001080,pedal_step_event,pedal_to_throttle_delay,trip_0034,trip_0034_seg_001,2017-08-08 06:10:24+00:00,2221,26.500000,,,False,zero_variance
pedal_step_001081,pedal_step_event,pedal_to_throttle_delay,trip_0034,trip_0034_seg_001,2017-08-08 06:11:51+00:00,2308,38.800000,,,False,zero_variance
pedal_step_001082,pedal_step_event,pedal_to_throttle_delay,trip_0034,trip_0034_seg_001,2017-08-08 06:14:45+00:00,2482,41.600000,,0.229341,False,low_correlation
pedal_step_001083,pedal_step_event,pedal_to_throttle_delay,trip_0034,trip_0034_seg_001,2017-08-08 06:19:40+00:00,2777,26.850000,1.000000,0.616480,True,none
pedal_step_001084,pedal_step_event,pedal_to_throttle_delay,trip_0034,trip_0034_seg_001,2017-08-08 06:19:44+00:00,2781,39.400000,,,False,duplicate_or_overlapping_event
pedal_step_001085,pedal_step_event,pedal_to_throttle_delay,trip_0034,trip_0034_seg_001,2017-08-08 06:21:06+00:00,2863,25.100000,2.000000,0.480057,True,none
pedal_step_001086,pedal_step_event,pedal_to_throttle_delay,trip_0034,trip_0034_seg_001,2017-08-08 06:21:12+00:00,2869,27.600000,,,False,duplicate_or_overlapping_event
pedal_step_001087,pedal_step_event,pedal_to_throttle_delay,trip_0034,trip_0034_seg_001,2017-08-08 06:21:42+00:00,2899,20.350000,3.000000,0.651363,True,none
pedal_step_001088,pedal_step_event,pedal_to_throttle_delay,trip_0034,trip_0034_seg_001,2017-08-08 06:21:49+00:00,2906,20.600000,,,False,duplicate_or_overlapping_event
pedal_step_001089,pedal_step_event,pedal_to_throttle_delay,trip_0035,trip_0035_seg_001,2017-08-08 16:34:11+00:00,10,29.400000,0.000000,0.918717,True,none
pedal_step_001090,pedal_step_event,pedal_to_throttle_delay,trip_0035,trip_0035_seg_001,2017-08-08 16:34:24+00:00,23,26.500000,,,False,zero_variance
pedal_step_001091,pedal_step_event,pedal_to_throttle_delay,trip_0035,trip_0035_seg_001,2017-08-08 16:47:29+00:00,808,30.750000,,,False,zero_variance
pedal_step_001092,pedal_step_event,pedal_to_throttle_delay,trip_0035,trip_0035_seg_001,2017-08-08 17:08:15+00:00,2054,21.550000,1.000000,0.334925,True,none
pedal_step_001093,pedal_step_event,pedal_to_throttle_delay,trip_0035,trip_0035_seg_001,2017-08-08 17:08:18+00:00,2057,37.450000,,,False,duplicate_or_overlapping_event
pedal_step_001094,pedal_step_event,pedal_to_throttle_delay,trip_0035,trip_0035_seg_001,2017-08-08 17:08:29+00:00,2068,37.050000,,,False,zero_variance
pedal_step_001095,pedal_step_event,pedal_to_throttle_delay,trip_0036,trip_0036_seg_001,2017-08-09 05:25:34+00:00,36,27.100000,0.000000,0.741911,True,none
pedal_step_001096,pedal_step_event,pedal_to_throttle_delay,trip_0036,trip_0036_seg_001,2017-08-09 05:26:03+00:00,65,26.300000,,,False,zero_variance
pedal_step_001097,pedal_step_event,pedal_to_throttle_delay,trip_0036,trip_0036_seg_001,2017-08-09 05:28:01+00:00,183,25.650000,0.000000,0.629152,True,none
pedal_step_001098,pedal_step_event,pedal_to_throttle_delay,trip_0036,trip_0036_seg_001,2017-08-09 05:28:04+00:00,186,29.400000,,,False,duplicate_or_overlapping_event
pedal_step_001099,pedal_step_event,pedal_to_throttle_delay,trip_0036,trip_0036_seg_001,2017-08-09 05:28:38+00:00,220,23.950000,,,False,zero_variance
pedal_step_001100,pedal_step_event,pedal_to_throttle_delay,trip_0036,trip_0036_seg_001,2017-08-09 05:29:31+00:00,273,34.300000,0.000000,0.839668,True,none
pedal_step_001101,pedal_step_event,pedal_to_throttle_delay,trip_0036,trip_0036_seg_001,2017-08-09 05:29:41+00:00,283,42.150000,3.000000,0.565498,True,none
pedal_step_001102,pedal_step_event,pedal_to_throttle_delay,trip_0036,trip_0036_seg_001,2017-08-09 05:31:38+00:00,400,20.200000,0.000000,0.305332,True,none
pedal_step_001103,pedal_step_event,pedal_to_throttle_delay,trip_0036,trip_0036_seg_001,2017-08-09 05:31:40+00:00,402,38.600000,,,False,duplicate_or_overlapping_event
pedal_step_001104,pedal_step_event,pedal_to_throttle_delay,trip_0036,trip_0036_seg_001,2017-08-09 05:31:44+00:00,406,26.650000,,,False,duplicate_or_overlapping_event
pedal_step_001105,pedal_step_event,pedal_to_throttle_delay,trip_0036,trip_0036_seg_001,2017-08-09 05:31:49+00:00,411,33.150000,,0.032285,False,low_correlation
pedal_step_001106,pedal_step_event,pedal_to_throttle_delay,trip_0036,trip_0036_seg_001,2017-08-09 05:32:13+00:00,435,30.150000,,0.267160,False,low_correlation
pedal_step_001107,pedal_step_event,pedal_to_throttle_delay,trip_0036,trip_0036_seg_001,2017-08-09 05:32:21+00:00,443,20.400000,,,False,duplicate_or_overlapping_event
pedal_step_001108,pedal_step_event,pedal_to_throttle_delay,trip_0036,trip_0036_seg_001,2017-08-09 05:32:27+00:00,449,31.600000,0.000000,0.869174,True,none
pedal_step_001109,pedal_step_event,pedal_to_throttle_delay,trip_0036,trip_0036_seg_001,2017-08-09 05:32:33+00:00,455,23.000000,,,False,duplicate_or_overlapping_event
pedal_step_001110,pedal_step_event,pedal_to_throttle_delay,trip_0036,trip_0036_seg_001,2017-08-09 05:34:13+00:00,555,32.350000,,0.299217,False,low_correlation
pedal_step_001111,pedal_step_event,pedal_to_throttle_delay,trip_0036,trip_0036_seg_001,2017-08-09 05:42:31+00:00,1053,31.200000,,,False,zero_variance
pedal_step_001112,pedal_step_event,pedal_to_throttle_delay,trip_0036,trip_0036_seg_001,2017-08-09 05:43:40+00:00,1122,41.600000,,,False,zero_variance
pedal_step_001113,pedal_step_event,pedal_to_throttle_delay,trip_0036,trip_0036_seg_001,2017-08-09 05:46:31+00:00,1293,22.150000,1.000000,0.495526,True,none
pedal_step_001114,pedal_step_event,pedal_to_throttle_delay,trip_0036,trip_0036_seg_001,2017-08-09 05:47:41+00:00,1363,23.550000,,0.102405,False,low_correlation
pedal_step_001115,pedal_step_event,pedal_to_throttle_delay,trip_0036,trip_0036_seg_001,2017-08-09 05:50:08+00:00,1510,31.350000,,,False,zero_variance
pedal_step_001116,pedal_step_event,pedal_to_throttle_delay,trip_0036,trip_0036_seg_001,2017-08-09 05:50:13+00:00,1515,39.450000,,,False,duplicate_or_overlapping_event
pedal_step_001117,pedal_step_event,pedal_to_throttle_delay,trip_0036,trip_0036_seg_001,2017-08-09 05:57:22+00:00,1944,31.600000,,,False,zero_variance
pedal_step_001118,pedal_step_event,pedal_to_throttle_delay,trip_0036,trip_0036_seg_001,2017-08-09 05:57:32+00:00,1954,31.350000,0.000000,0.882144,True,none
pedal_step_001119,pedal_step_event,pedal_to_throttle_delay,trip_0036,trip_0036_seg_001,2017-08-09 06:10:02+00:00,2704,25.300000,,,False,zero_variance
pedal_step_001120,pedal_step_event,pedal_to_throttle_delay,trip_0036,trip_0036_seg_001,2017-08-09 06:13:29+00:00,2911,35.500000,3.000000,0.886165,True,none
pedal_step_001121,pedal_step_event,pedal_to_throttle_delay,trip_0036,trip_0036_seg_001,2017-08-09 06:14:22+00:00,2964,32.150000,0.000000,0.665354,True,none
pedal_step_001122,pedal_step_event,pedal_to_throttle_delay,trip_0036,trip_0036_seg_001,2017-08-09 06:15:13+00:00,3015,27.650000,2.000000,0.349383,True,none
pedal_step_001123,pedal_step_event,pedal_to_throttle_delay,trip_0036,trip_0036_seg_001,2017-08-09 06:15:18+00:00,3020,46.700000,,,False,duplicate_or_overlapping_event
pedal_step_001124,pedal_step_event,pedal_to_throttle_delay,trip_0037,trip_0037_seg_001,2017-08-09 17:00:56+00:00,10,21.800000,0.000000,0.675797,True,none
pedal_step_001125,pedal_step_event,pedal_to_throttle_delay,trip_0037,trip_0037_seg_001,2017-08-09 17:01:29+00:00,43,38.050000,,,False,zero_variance
pedal_step_001126,pedal_step_event,pedal_to_throttle_delay,trip_0037,trip_0037_seg_001,2017-08-09 17:03:21+00:00,155,34.350000,0.000000,0.552932,True,none
pedal_step_001127,pedal_step_event,pedal_to_throttle_delay,trip_0037,trip_0037_seg_001,2017-08-09 17:03:24+00:00,158,26.500000,,,False,duplicate_or_overlapping_event
pedal_step_001128,pedal_step_event,pedal_to_throttle_delay,trip_0037,trip_0037_seg_001,2017-08-09 17:03:29+00:00,163,23.150000,,,False,duplicate_or_overlapping_event
pedal_step_001129,pedal_step_event,pedal_to_throttle_delay,trip_0037,trip_0037_seg_001,2017-08-09 17:04:36+00:00,230,41.800000,0.000000,0.694886,True,none
pedal_step_001130,pedal_step_event,pedal_to_throttle_delay,trip_0037,trip_0037_seg_001,2017-08-09 17:05:10+00:00,264,20.200000,,0.007095,False,low_correlation
pedal_step_001131,pedal_step_event,pedal_to_throttle_delay,trip_0037,trip_0037_seg_001,2017-08-09 17:12:45+00:00,719,31.950000,,,False,zero_variance
pedal_step_001132,pedal_step_event,pedal_to_throttle_delay,trip_0037,trip_0037_seg_001,2017-08-09 17:32:20+00:00,1894,22.200000,0.000000,0.535663,True,none
pedal_step_001133,pedal_step_event,pedal_to_throttle_delay,trip_0037,trip_0037_seg_001,2017-08-09 17:35:27+00:00,2081,31.400000,0.000000,0.856628,True,none
pedal_step_001134,pedal_step_event,pedal_to_throttle_delay,trip_0037,trip_0037_seg_001,2017-08-09 17:36:08+00:00,2122,41.000000,2.000000,0.823474,True,none
pedal_step_001135,pedal_step_event,pedal_to_throttle_delay,trip_0037,trip_0037_seg_001,2017-08-09 17:39:43+00:00,2337,20.600000,0.000000,0.358923,True,none
pedal_step_001136,pedal_step_event,pedal_to_throttle_delay,trip_0037,trip_0037_seg_001,2017-08-09 17:39:45+00:00,2339,28.450000,,,False,duplicate_or_overlapping_event
pedal_step_001137,pedal_step_event,pedal_to_throttle_delay,trip_0037,trip_0037_seg_001,2017-08-09 17:39:52+00:00,2346,31.400000,0.000000,0.670102,True,none
pedal_step_001138,pedal_step_event,pedal_to_throttle_delay,trip_0038,trip_0038_seg_001,2017-08-10 06:08:33+00:00,192,34.300000,0.000000,0.766776,True,none
pedal_step_001139,pedal_step_event,pedal_to_throttle_delay,trip_0038,trip_0038_seg_001,2017-08-10 06:08:41+00:00,200,30.150000,,,False,duplicate_or_overlapping_event
pedal_step_001140,pedal_step_event,pedal_to_throttle_delay,trip_0038,trip_0038_seg_001,2017-08-10 06:09:11+00:00,230,40.600000,0.000000,0.409925,True,none
pedal_step_001141,pedal_step_event,pedal_to_throttle_delay,trip_0038,trip_0038_seg_001,2017-08-10 06:09:22+00:00,241,20.400000,0.000000,0.580554,True,none
pedal_step_001142,pedal_step_event,pedal_to_throttle_delay,trip_0038,trip_0038_seg_001,2017-08-10 06:16:05+00:00,644,40.800000,0.000000,0.741821,True,none
pedal_step_001143,pedal_step_event,pedal_to_throttle_delay,trip_0038,trip_0038_seg_001,2017-08-10 06:23:36+00:00,1095,35.900000,1.000000,0.923400,True,none
pedal_step_001144,pedal_step_event,pedal_to_throttle_delay,trip_0038,trip_0038_seg_001,2017-08-10 06:32:08+00:00,1607,31.200000,,,False,zero_variance
pedal_step_001145,pedal_step_event,pedal_to_throttle_delay,trip_0038,trip_0038_seg_001,2017-08-10 06:34:00+00:00,1719,25.300000,,,False,zero_variance
pedal_step_001146,pedal_step_event,pedal_to_throttle_delay,trip_0038,trip_0038_seg_001,2017-08-10 06:40:35+00:00,2114,24.300000,,,False,zero_variance
pedal_step_001147,pedal_step_event,pedal_to_throttle_delay,trip_0038,trip_0038_seg_001,2017-08-10 06:42:22+00:00,2221,22.200000,,,False,zero_variance
pedal_step_001148,pedal_step_event,pedal_to_throttle_delay,trip_0038,trip_0038_seg_001,2017-08-10 06:44:28+00:00,2347,27.900000,0.000000,0.681878,True,none
pedal_step_001149,pedal_step_event,pedal_to_throttle_delay,trip_0038,trip_0038_seg_001,2017-08-10 06:44:35+00:00,2354,25.350000,,,False,duplicate_or_overlapping_event
pedal_step_001150,pedal_step_event,pedal_to_throttle_delay,trip_0038,trip_0038_seg_001,2017-08-10 06:45:17+00:00,2396,24.100000,1.000000,0.683273,True,none
pedal_step_001151,pedal_step_event,pedal_to_throttle_delay,trip_0038,trip_0038_seg_001,2017-08-10 06:45:23+00:00,2402,25.300000,,,False,duplicate_or_overlapping_event
pedal_step_001152,pedal_step_event,pedal_to_throttle_delay,trip_0038,trip_0038_seg_001,2017-08-10 06:46:45+00:00,2484,21.900000,1.000000,0.723879,True,none
pedal_step_001153,pedal_step_event,pedal_to_throttle_delay,trip_0038,trip_0038_seg_001,2017-08-10 06:46:48+00:00,2487,35.100000,,,False,duplicate_or_overlapping_event
pedal_step_001154,pedal_step_event,pedal_to_throttle_delay,trip_0038,trip_0038_seg_001,2017-08-10 06:47:10+00:00,2509,20.200000,,,False,zero_variance
pedal_step_001155,pedal_step_event,pedal_to_throttle_delay,trip_0038,trip_0038_seg_001,2017-08-10 06:49:40+00:00,2659,35.900000,,0.245582,False,low_correlation
pedal_step_001156,pedal_step_event,pedal_to_throttle_delay,trip_0039,trip_0039_seg_001,2017-08-10 17:04:33+00:00,11,39.200000,0.000000,0.592129,True,none
pedal_step_001157,pedal_step_event,pedal_to_throttle_delay,trip_0039,trip_0039_seg_001,2017-08-10 17:04:37+00:00,15,40.150000,,,False,duplicate_or_overlapping_event
pedal_step_001158,pedal_step_event,pedal_to_throttle_delay,trip_0039,trip_0039_seg_001,2017-08-10 17:04:40+00:00,18,21.350000,,,False,duplicate_or_overlapping_event
pedal_step_001159,pedal_step_event,pedal_to_throttle_delay,trip_0039,trip_0039_seg_001,2017-08-10 17:05:19+00:00,57,20.200000,,0.206618,False,low_correlation
pedal_step_001160,pedal_step_event,pedal_to_throttle_delay,trip_0039,trip_0039_seg_001,2017-08-10 17:37:39+00:00,1997,21.150000,,,False,zero_variance
pedal_step_001161,pedal_step_event,pedal_to_throttle_delay,trip_0039,trip_0039_seg_001,2017-08-10 17:38:48+00:00,2066,26.450000,0.000000,0.661934,True,none
pedal_step_001162,pedal_step_event,pedal_to_throttle_delay,trip_0039,trip_0039_seg_001,2017-08-10 17:39:47+00:00,2125,22.600000,0.000000,0.634395,True,none
pedal_step_001163,pedal_step_event,pedal_to_throttle_delay,trip_0039,trip_0039_seg_001,2017-08-10 17:39:49+00:00,2127,33.350000,,,False,duplicate_or_overlapping_event
pedal_step_001164,pedal_step_event,pedal_to_throttle_delay,trip_0039,trip_0039_seg_001,2017-08-10 17:42:13+00:00,2271,20.600000,0.000000,0.341165,True,none
pedal_step_001165,pedal_step_event,pedal_to_throttle_delay,trip_0039,trip_0039_seg_001,2017-08-10 17:42:19+00:00,2277,26.100000,,,False,duplicate_or_overlapping_event
pedal_step_001166,pedal_step_event,pedal_to_throttle_delay,trip_0040,trip_0040_seg_001,2018-02-14 06:10:04+00:00,210,20.950000,0.000000,0.813434,True,none
pedal_step_001167,pedal_step_event,pedal_to_throttle_delay,trip_0040,trip_0040_seg_001,2018-02-14 06:10:06+00:00,212,35.850000,,,False,duplicate_or_overlapping_event
pedal_step_001168,pedal_step_event,pedal_to_throttle_delay,trip_0040,trip_0040_seg_001,2018-02-14 06:10:42+00:00,248,22.550000,0.000000,0.711997,True,none
pedal_step_001169,pedal_step_event,pedal_to_throttle_delay,trip_0040,trip_0040_seg_001,2018-02-14 06:10:44+00:00,250,29.850000,,,False,duplicate_or_overlapping_event
pedal_step_001170,pedal_step_event,pedal_to_throttle_delay,trip_0040,trip_0040_seg_001,2018-02-14 06:11:35+00:00,301,28.600000,3.000000,0.726285,True,none
pedal_step_001171,pedal_step_event,pedal_to_throttle_delay,trip_0040,trip_0040_seg_001,2018-02-14 06:11:47+00:00,313,34.300000,0.000000,0.953914,True,none
pedal_step_001172,pedal_step_event,pedal_to_throttle_delay,trip_0040,trip_0040_seg_001,2018-02-14 06:12:18+00:00,344,24.150000,1.000000,0.945446,True,none
pedal_step_001173,pedal_step_event,pedal_to_throttle_delay,trip_0040,trip_0040_seg_001,2018-02-14 06:12:54+00:00,380,21.000000,1.000000,0.845663,True,none
pedal_step_001174,pedal_step_event,pedal_to_throttle_delay,trip_0040,trip_0040_seg_001,2018-02-14 06:12:59+00:00,385,43.950000,,,False,duplicate_or_overlapping_event
pedal_step_001175,pedal_step_event,pedal_to_throttle_delay,trip_0040,trip_0040_seg_001,2018-02-14 06:13:21+00:00,407,32.500000,1.000000,0.503486,True,none
pedal_step_001176,pedal_step_event,pedal_to_throttle_delay,trip_0040,trip_0040_seg_001,2018-02-14 06:13:23+00:00,409,46.900000,,,False,duplicate_or_overlapping_event
pedal_step_001177,pedal_step_event,pedal_to_throttle_delay,trip_0040,trip_0040_seg_001,2018-02-14 06:13:26+00:00,412,30.000000,,,False,duplicate_or_overlapping_event
pedal_step_001178,pedal_step_event,pedal_to_throttle_delay,trip_0040,trip_0040_seg_001,2018-02-14 06:13:59+00:00,445,37.500000,0.000000,0.874871,True,none
pedal_step_001179,pedal_step_event,pedal_to_throttle_delay,trip_0040,trip_0040_seg_001,2018-02-14 06:15:04+00:00,510,32.400000,,,False,zero_variance
pedal_step_001180,pedal_step_event,pedal_to_throttle_delay,trip_0040,trip_0040_seg_001,2018-02-14 06:15:08+00:00,514,29.000000,,,False,duplicate_or_overlapping_event
pedal_step_001181,pedal_step_event,pedal_to_throttle_delay,trip_0040,trip_0040_seg_001,2018-02-14 06:15:36+00:00,542,26.700000,,,False,zero_variance
pedal_step_001182,pedal_step_event,pedal_to_throttle_delay,trip_0040,trip_0040_seg_001,2018-02-14 06:15:51+00:00,557,24.100000,,,False,zero_variance
pedal_step_001183,pedal_step_event,pedal_to_throttle_delay,trip_0040,trip_0040_seg_001,2018-02-14 06:16:05+00:00,571,36.100000,1.000000,0.956356,True,none
pedal_step_001184,pedal_step_event,pedal_to_throttle_delay,trip_0040,trip_0040_seg_001,2018-02-14 06:21:38+00:00,904,25.450000,,,False,zero_variance
pedal_step_001185,pedal_step_event,pedal_to_throttle_delay,trip_0040,trip_0040_seg_001,2018-02-14 06:24:33+00:00,1079,23.900000,,,False,zero_variance
pedal_step_001186,pedal_step_event,pedal_to_throttle_delay,trip_0040,trip_0040_seg_001,2018-02-14 06:27:49+00:00,1275,32.000000,,,False,zero_variance
pedal_step_001187,pedal_step_event,pedal_to_throttle_delay,trip_0040,trip_0040_seg_001,2018-02-14 06:27:58+00:00,1284,24.700000,,,False,zero_variance
pedal_step_001188,pedal_step_event,pedal_to_throttle_delay,trip_0040,trip_0040_seg_001,2018-02-14 06:30:35+00:00,1441,21.200000,,,False,zero_variance
pedal_step_001189,pedal_step_event,pedal_to_throttle_delay,trip_0040,trip_0040_seg_001,2018-02-14 06:31:46+00:00,1512,35.300000,0.000000,0.794100,True,none
pedal_step_001190,pedal_step_event,pedal_to_throttle_delay,trip_0040,trip_0040_seg_001,2018-02-14 06:31:53+00:00,1519,29.600000,,,False,duplicate_or_overlapping_event
pedal_step_001191,pedal_step_event,pedal_to_throttle_delay,trip_0040,trip_0040_seg_001,2018-02-14 06:32:31+00:00,1557,32.750000,,,False,zero_variance
pedal_step_001192,pedal_step_event,pedal_to_throttle_delay,trip_0040,trip_0040_seg_001,2018-02-14 06:38:37+00:00,1923,31.800000,,,False,zero_variance
pedal_step_001193,pedal_step_event,pedal_to_throttle_delay,trip_0040,trip_0040_seg_001,2018-02-14 06:41:04+00:00,2070,22.800000,,,False,zero_variance
pedal_step_001194,pedal_step_event,pedal_to_throttle_delay,trip_0040,trip_0040_seg_001,2018-02-14 06:43:42+00:00,2228,27.050000,,,False,zero_variance
pedal_step_001195,pedal_step_event,pedal_to_throttle_delay,trip_0040,trip_0040_seg_001,2018-02-14 06:46:34+00:00,2400,25.300000,1.000000,0.696159,True,none
pedal_step_001196,pedal_step_event,pedal_to_throttle_delay,trip_0040,trip_0040_seg_001,2018-02-14 06:46:41+00:00,2407,20.200000,,,False,duplicate_or_overlapping_event
pedal_step_001197,pedal_step_event,pedal_to_throttle_delay,trip_0040,trip_0040_seg_001,2018-02-14 06:47:03+00:00,2429,30.450000,,,False,zero_variance
pedal_step_001198,pedal_step_event,pedal_to_throttle_delay,trip_0040,trip_0040_seg_001,2018-02-14 06:49:11+00:00,2557,24.550000,,,False,zero_variance
pedal_step_001199,pedal_step_event,pedal_to_throttle_delay,trip_0041,trip_0041_seg_001,2018-02-14 16:32:59+00:00,142,33.950000,1.000000,0.684901,True,none
pedal_step_001200,pedal_step_event,pedal_to_throttle_delay,trip_0041,trip_0041_seg_001,2018-02-14 16:33:04+00:00,147,33.950000,,,False,duplicate_or_overlapping_event
pedal_step_001201,pedal_step_event,pedal_to_throttle_delay,trip_0041,trip_0041_seg_001,2018-02-14 16:35:31+00:00,294,25.100000,1.000000,0.818316,True,none
pedal_step_001202,pedal_step_event,pedal_to_throttle_delay,trip_0041,trip_0041_seg_001,2018-02-14 16:36:24+00:00,347,22.950000,,,False,zero_variance
pedal_step_001203,pedal_step_event,pedal_to_throttle_delay,trip_0041,trip_0041_seg_001,2018-02-14 16:39:50+00:00,553,26.650000,,0.235409,False,low_correlation
pedal_step_001204,pedal_step_event,pedal_to_throttle_delay,trip_0041,trip_0041_seg_001,2018-02-14 16:41:19+00:00,642,35.100000,,,False,zero_variance
pedal_step_001205,pedal_step_event,pedal_to_throttle_delay,trip_0041,trip_0041_seg_001,2018-02-14 16:42:50+00:00,733,27.300000,,0.290008,False,low_correlation
pedal_step_001206,pedal_step_event,pedal_to_throttle_delay,trip_0041,trip_0041_seg_001,2018-02-14 16:43:20+00:00,763,27.050000,1.000000,0.462115,True,none
pedal_step_001207,pedal_step_event,pedal_to_throttle_delay,trip_0041,trip_0041_seg_001,2018-02-14 16:43:47+00:00,790,28.250000,0.000000,0.912079,True,none
pedal_step_001208,pedal_step_event,pedal_to_throttle_delay,trip_0041,trip_0041_seg_001,2018-02-14 17:11:57+00:00,2480,38.800000,0.000000,0.374192,True,none
pedal_step_001209,pedal_step_event,pedal_to_throttle_delay,trip_0041,trip_0041_seg_001,2018-02-14 17:12:04+00:00,2487,38.700000,,,False,duplicate_or_overlapping_event
pedal_step_001210,pedal_step_event,pedal_to_throttle_delay,trip_0041,trip_0041_seg_001,2018-02-14 17:12:08+00:00,2491,28.650000,,,False,zero_variance
pedal_step_001211,pedal_step_event,pedal_to_throttle_delay,trip_0041,trip_0041_seg_001,2018-02-14 17:12:09+00:00,2492,25.050000,,,False,duplicate_or_overlapping_event
pedal_step_001212,pedal_step_event,pedal_to_throttle_delay,trip_0041,trip_0041_seg_001,2018-02-14 17:14:21+00:00,2624,21.000000,0.000000,0.743661,True,none
pedal_step_001213,pedal_step_event,pedal_to_throttle_delay,trip_0041,trip_0041_seg_001,2018-02-14 17:21:52+00:00,3075,22.750000,,,False,zero_variance
pedal_step_001214,pedal_step_event,pedal_to_throttle_delay,trip_0041,trip_0041_seg_001,2018-02-14 17:22:25+00:00,3108,22.950000,0.000000,0.659582,True,none
pedal_step_001215,pedal_step_event,pedal_to_throttle_delay,trip_0042,trip_0042_seg_001,2018-02-16 17:16:10+00:00,85,39.850000,2.000000,0.672331,True,none
pedal_step_001216,pedal_step_event,pedal_to_throttle_delay,trip_0042,trip_0042_seg_001,2018-02-16 17:16:32+00:00,107,23.550000,3.000000,0.754644,True,none
pedal_step_001217,pedal_step_event,pedal_to_throttle_delay,trip_0042,trip_0042_seg_001,2018-02-16 17:16:58+00:00,133,25.700000,3.000000,0.520695,True,none
pedal_step_001218,pedal_step_event,pedal_to_throttle_delay,trip_0042,trip_0042_seg_001,2018-02-16 17:17:00+00:00,135,30.200000,,,False,duplicate_or_overlapping_event
pedal_step_001219,pedal_step_event,pedal_to_throttle_delay,trip_0042,trip_0042_seg_001,2018-02-16 17:18:24+00:00,219,48.400000,3.000000,0.357543,True,none
pedal_step_001220,pedal_step_event,pedal_to_throttle_delay,trip_0042,trip_0042_seg_001,2018-02-16 17:19:29+00:00,284,23.500000,1.000000,0.605428,True,none
pedal_step_001221,pedal_step_event,pedal_to_throttle_delay,trip_0042,trip_0042_seg_001,2018-02-16 17:19:31+00:00,286,35.900000,,,False,duplicate_or_overlapping_event
pedal_step_001222,pedal_step_event,pedal_to_throttle_delay,trip_0042,trip_0042_seg_001,2018-02-16 17:19:34+00:00,289,22.300000,,,False,duplicate_or_overlapping_event
pedal_step_001223,pedal_step_event,pedal_to_throttle_delay,trip_0042,trip_0042_seg_001,2018-02-16 17:19:38+00:00,293,33.150000,,0.263816,False,low_correlation
pedal_step_001224,pedal_step_event,pedal_to_throttle_delay,trip_0042,trip_0042_seg_001,2018-02-16 17:20:00+00:00,315,20.250000,,,False,zero_variance
pedal_step_001225,pedal_step_event,pedal_to_throttle_delay,trip_0042,trip_0042_seg_001,2018-02-16 17:23:02+00:00,497,20.800000,,,False,zero_variance
pedal_step_001226,pedal_step_event,pedal_to_throttle_delay,trip_0042,trip_0042_seg_001,2018-02-16 17:33:15+00:00,1110,28.450000,,,False,zero_variance
pedal_step_001227,pedal_step_event,pedal_to_throttle_delay,trip_0042,trip_0042_seg_001,2018-02-16 17:33:59+00:00,1154,21.200000,0.000000,0.864048,True,none
pedal_step_001228,pedal_step_event,pedal_to_throttle_delay,trip_0042,trip_0042_seg_001,2018-02-16 17:34:37+00:00,1192,31.150000,0.000000,0.846220,True,none
pedal_step_001229,pedal_step_event,pedal_to_throttle_delay,trip_0042,trip_0042_seg_001,2018-02-16 17:36:22+00:00,1297,22.950000,,,False,zero_variance
pedal_step_001230,pedal_step_event,pedal_to_throttle_delay,trip_0042,trip_0042_seg_001,2018-02-16 17:38:12+00:00,1407,32.200000,,,False,zero_variance
pedal_step_001231,pedal_step_event,pedal_to_throttle_delay,trip_0042,trip_0042_seg_001,2018-02-16 17:38:51+00:00,1446,22.750000,,,False,zero_variance
pedal_step_001232,pedal_step_event,pedal_to_throttle_delay,trip_0042,trip_0042_seg_001,2018-02-16 17:39:24+00:00,1479,32.000000,,,False,zero_variance
pedal_step_001233,pedal_step_event,pedal_to_throttle_delay,trip_0042,trip_0042_seg_001,2018-02-16 17:48:44+00:00,2039,22.700000,,,False,zero_variance
pedal_step_001234,pedal_step_event,pedal_to_throttle_delay,trip_0042,trip_0042_seg_001,2018-02-16 17:49:25+00:00,2080,26.650000,,,False,zero_variance
pedal_step_001235,pedal_step_event,pedal_to_throttle_delay,trip_0042,trip_0042_seg_001,2018-02-16 17:49:30+00:00,2085,37.700000,,,False,duplicate_or_overlapping_event
pedal_step_001236,pedal_step_event,pedal_to_throttle_delay,trip_0042,trip_0042_seg_001,2018-02-16 17:49:38+00:00,2093,28.800000,0.000000,0.494447,True,none
pedal_step_001237,pedal_step_event,pedal_to_throttle_delay,trip_0042,trip_0042_seg_001,2018-02-16 17:50:06+00:00,2121,41.350000,,,False,zero_variance
pedal_step_001238,pedal_step_event,pedal_to_throttle_delay,trip_0042,trip_0042_seg_001,2018-02-16 17:52:00+00:00,2235,36.900000,1.000000,0.773891,True,none
pedal_step_001239,pedal_step_event,pedal_to_throttle_delay,trip_0042,trip_0042_seg_001,2018-02-16 17:52:05+00:00,2240,39.450000,,,False,duplicate_or_overlapping_event
pedal_step_001240,pedal_step_event,pedal_to_throttle_delay,trip_0042,trip_0042_seg_001,2018-02-16 17:52:12+00:00,2247,51.400000,,,False,zero_variance
pedal_step_001241,pedal_step_event,pedal_to_throttle_delay,trip_0043,trip_0043_seg_001,2018-02-17 13:18:21+00:00,155,22.350000,0.000000,0.531351,True,none
pedal_step_001242,pedal_step_event,pedal_to_throttle_delay,trip_0043,trip_0043_seg_001,2018-02-17 13:20:03+00:00,257,25.850000,1.000000,0.733130,True,none
pedal_step_001243,pedal_step_event,pedal_to_throttle_delay,trip_0043,trip_0043_seg_001,2018-02-17 13:20:07+00:00,261,30.600000,,,False,duplicate_or_overlapping_event
pedal_step_001244,pedal_step_event,pedal_to_throttle_delay,trip_0043,trip_0043_seg_001,2018-02-17 13:21:19+00:00,333,35.900000,0.000000,0.918912,True,none
pedal_step_001245,pedal_step_event,pedal_to_throttle_delay,trip_0043,trip_0043_seg_001,2018-02-17 13:22:24+00:00,398,23.300000,,,False,zero_variance
pedal_step_001246,pedal_step_event,pedal_to_throttle_delay,trip_0043,trip_0043_seg_001,2018-02-17 13:23:20+00:00,454,26.100000,0.000000,0.797050,True,none
pedal_step_001247,pedal_step_event,pedal_to_throttle_delay,trip_0043,trip_0043_seg_001,2018-02-17 13:24:16+00:00,510,30.600000,3.000000,0.837679,True,none
pedal_step_001248,pedal_step_event,pedal_to_throttle_delay,trip_0043,trip_0043_seg_001,2018-02-17 13:24:19+00:00,513,37.900000,,,False,duplicate_or_overlapping_event
pedal_step_001249,pedal_step_event,pedal_to_throttle_delay,trip_0043,trip_0043_seg_001,2018-02-17 13:24:45+00:00,539,26.100000,1.000000,0.916611,True,none
pedal_step_001250,pedal_step_event,pedal_to_throttle_delay,trip_0043,trip_0043_seg_001,2018-02-17 13:30:02+00:00,856,27.300000,0.000000,0.768809,True,none
pedal_step_001251,pedal_step_event,pedal_to_throttle_delay,trip_0043,trip_0043_seg_001,2018-02-17 13:30:05+00:00,859,23.750000,,,False,duplicate_or_overlapping_event
pedal_step_001252,pedal_step_event,pedal_to_throttle_delay,trip_0043,trip_0043_seg_001,2018-02-17 13:30:56+00:00,910,23.350000,0.000000,0.395429,True,none
pedal_step_001253,pedal_step_event,pedal_to_throttle_delay,trip_0043,trip_0043_seg_001,2018-02-17 13:31:01+00:00,915,32.800000,,,False,duplicate_or_overlapping_event
pedal_step_001254,pedal_step_event,pedal_to_throttle_delay,trip_0043,trip_0043_seg_001,2018-02-17 13:33:22+00:00,1056,37.850000,0.000000,0.812001,True,none
pedal_step_001255,pedal_step_event,pedal_to_throttle_delay,trip_0043,trip_0043_seg_001,2018-02-17 13:33:28+00:00,1062,21.200000,,,False,duplicate_or_overlapping_event
pedal_step_001256,pedal_step_event,pedal_to_throttle_delay,trip_0043,trip_0043_seg_001,2018-02-17 13:34:03+00:00,1097,31.900000,,0.171018,False,low_correlation
pedal_step_001257,pedal_step_event,pedal_to_throttle_delay,trip_0043,trip_0043_seg_001,2018-02-17 13:35:47+00:00,1201,22.950000,,,False,zero_variance
pedal_step_001258,pedal_step_event,pedal_to_throttle_delay,trip_0043,trip_0043_seg_001,2018-02-17 13:37:36+00:00,1310,26.850000,,,False,zero_variance
pedal_step_001259,pedal_step_event,pedal_to_throttle_delay,trip_0043,trip_0043_seg_001,2018-02-17 13:41:43+00:00,1557,23.150000,,,False,zero_variance
pedal_step_001260,pedal_step_event,pedal_to_throttle_delay,trip_0043,trip_0043_seg_001,2018-02-17 13:42:47+00:00,1621,36.000000,,,False,zero_variance
pedal_step_001261,pedal_step_event,pedal_to_throttle_delay,trip_0043,trip_0043_seg_001,2018-02-17 13:43:46+00:00,1680,39.650000,0.000000,0.596181,True,none
pedal_step_001262,pedal_step_event,pedal_to_throttle_delay,trip_0043,trip_0043_seg_001,2018-02-17 13:49:30+00:00,2024,27.250000,1.000000,0.770804,True,none
pedal_step_001263,pedal_step_event,pedal_to_throttle_delay,trip_0043,trip_0043_seg_001,2018-02-17 13:50:49+00:00,2103,36.850000,0.000000,0.755212,True,none
pedal_step_001264,pedal_step_event,pedal_to_throttle_delay,trip_0043,trip_0043_seg_001,2018-02-17 13:51:45+00:00,2159,49.000000,3.000000,0.570484,True,none
pedal_step_001265,pedal_step_event,pedal_to_throttle_delay,trip_0043,trip_0043_seg_001,2018-02-17 13:52:29+00:00,2203,40.350000,,,False,zero_variance
pedal_step_001266,pedal_step_event,pedal_to_throttle_delay,trip_0043,trip_0043_seg_001,2018-02-17 13:58:45+00:00,2579,39.400000,0.000000,0.710338,True,none
pedal_step_001267,pedal_step_event,pedal_to_throttle_delay,trip_0043,trip_0043_seg_001,2018-02-17 13:58:48+00:00,2582,20.250000,,,False,duplicate_or_overlapping_event
pedal_step_001268,pedal_step_event,pedal_to_throttle_delay,trip_0043,trip_0043_seg_001,2018-02-17 14:00:43+00:00,2697,51.400000,,,False,zero_variance
pedal_step_001269,pedal_step_event,pedal_to_throttle_delay,trip_0043,trip_0043_seg_001,2018-02-17 14:01:54+00:00,2768,38.050000,0.000000,0.456334,True,none
pedal_step_001270,pedal_step_event,pedal_to_throttle_delay,trip_0043,trip_0043_seg_001,2018-02-17 14:01:59+00:00,2773,31.550000,,,False,duplicate_or_overlapping_event
pedal_step_001271,pedal_step_event,pedal_to_throttle_delay,trip_0043,trip_0043_seg_001,2018-02-17 14:05:54+00:00,3008,20.400000,,-0.023938,False,low_correlation
pedal_step_001272,pedal_step_event,pedal_to_throttle_delay,trip_0043,trip_0043_seg_001,2018-02-17 14:06:03+00:00,3017,42.200000,1.000000,0.364483,True,none
pedal_step_001273,pedal_step_event,pedal_to_throttle_delay,trip_0043,trip_0043_seg_001,2018-02-17 14:08:40+00:00,3174,29.400000,,0.215141,False,low_correlation
pedal_step_001274,pedal_step_event,pedal_to_throttle_delay,trip_0043,trip_0043_seg_001,2018-02-17 14:09:06+00:00,3200,23.350000,0.000000,0.695728,True,none
pedal_step_001275,pedal_step_event,pedal_to_throttle_delay,trip_0043,trip_0043_seg_001,2018-02-17 14:09:11+00:00,3205,24.900000,,,False,duplicate_or_overlapping_event
pedal_step_001276,pedal_step_event,pedal_to_throttle_delay,trip_0043,trip_0043_seg_001,2018-02-17 14:13:13+00:00,3447,20.950000,2.000000,0.395518,True,none
pedal_step_001277,pedal_step_event,pedal_to_throttle_delay,trip_0044,trip_0044_seg_001,2018-02-17 10:37:55+00:00,59,22.550000,3.000000,0.457631,True,none
pedal_step_001278,pedal_step_event,pedal_to_throttle_delay,trip_0044,trip_0044_seg_001,2018-02-17 10:37:58+00:00,62,22.150000,,,False,duplicate_or_overlapping_event
pedal_step_001279,pedal_step_event,pedal_to_throttle_delay,trip_0044,trip_0044_seg_001,2018-02-17 10:40:31+00:00,215,26.900000,,,False,zero_variance
pedal_step_001280,pedal_step_event,pedal_to_throttle_delay,trip_0044,trip_0044_seg_001,2018-02-17 10:41:51+00:00,295,23.550000,0.000000,0.855841,True,none
pedal_step_001281,pedal_step_event,pedal_to_throttle_delay,trip_0044,trip_0044_seg_001,2018-02-17 10:42:09+00:00,313,26.050000,0.000000,0.669708,True,none
pedal_step_001282,pedal_step_event,pedal_to_throttle_delay,trip_0044,trip_0044_seg_001,2018-02-17 10:42:48+00:00,352,28.800000,0.000000,0.574613,True,none
pedal_step_001283,pedal_step_event,pedal_to_throttle_delay,trip_0044,trip_0044_seg_001,2018-02-17 10:43:31+00:00,395,21.300000,2.000000,0.611043,True,none
pedal_step_001284,pedal_step_event,pedal_to_throttle_delay,trip_0044,trip_0044_seg_001,2018-02-17 10:43:33+00:00,397,25.900000,,,False,duplicate_or_overlapping_event
pedal_step_001285,pedal_step_event,pedal_to_throttle_delay,trip_0044,trip_0044_seg_001,2018-02-17 10:43:36+00:00,400,26.300000,,,False,duplicate_or_overlapping_event
pedal_step_001286,pedal_step_event,pedal_to_throttle_delay,trip_0044,trip_0044_seg_001,2018-02-17 10:44:17+00:00,441,35.900000,0.000000,0.549281,True,none
pedal_step_001287,pedal_step_event,pedal_to_throttle_delay,trip_0044,trip_0044_seg_001,2018-02-17 10:44:30+00:00,454,20.250000,0.000000,0.836532,True,none
pedal_step_001288,pedal_step_event,pedal_to_throttle_delay,trip_0044,trip_0044_seg_001,2018-02-17 10:48:06+00:00,670,27.050000,,,False,zero_variance
pedal_step_001289,pedal_step_event,pedal_to_throttle_delay,trip_0044,trip_0044_seg_001,2018-02-17 10:58:17+00:00,1281,25.100000,,,False,zero_variance
pedal_step_001290,pedal_step_event,pedal_to_throttle_delay,trip_0044,trip_0044_seg_001,2018-02-17 10:58:18+00:00,1282,21.000000,,,False,duplicate_or_overlapping_event
pedal_step_001291,pedal_step_event,pedal_to_throttle_delay,trip_0044,trip_0044_seg_001,2018-02-17 11:00:07+00:00,1391,20.400000,0.000000,0.477240,True,none
pedal_step_001292,pedal_step_event,pedal_to_throttle_delay,trip_0044,trip_0044_seg_001,2018-02-17 11:00:20+00:00,1404,24.300000,0.000000,0.398305,True,none
pedal_step_001293,pedal_step_event,pedal_to_throttle_delay,trip_0044,trip_0044_seg_001,2018-02-17 11:00:43+00:00,1427,30.400000,,,False,zero_variance
pedal_step_001294,pedal_step_event,pedal_to_throttle_delay,trip_0044,trip_0044_seg_001,2018-02-17 11:00:54+00:00,1438,24.500000,1.000000,0.888841,True,none
pedal_step_001295,pedal_step_event,pedal_to_throttle_delay,trip_0044,trip_0044_seg_001,2018-02-17 11:01:13+00:00,1457,37.850000,3.000000,0.812354,True,none
pedal_step_001296,pedal_step_event,pedal_to_throttle_delay,trip_0044,trip_0044_seg_001,2018-02-17 11:02:45+00:00,1549,41.400000,,,False,zero_variance
pedal_step_001297,pedal_step_event,pedal_to_throttle_delay,trip_0044,trip_0044_seg_001,2018-02-17 11:03:06+00:00,1570,28.600000,,,False,zero_variance
pedal_step_001298,pedal_step_event,pedal_to_throttle_delay,trip_0044,trip_0044_seg_001,2018-02-17 11:03:52+00:00,1616,29.200000,0.000000,0.352954,True,none
pedal_step_001299,pedal_step_event,pedal_to_throttle_delay,trip_0044,trip_0044_seg_001,2018-02-17 11:05:57+00:00,1741,22.550000,,-0.051996,False,low_correlation
pedal_step_001300,pedal_step_event,pedal_to_throttle_delay,trip_0044,trip_0044_seg_001,2018-02-17 11:06:11+00:00,1755,27.100000,,,False,zero_variance
pedal_step_001301,pedal_step_event,pedal_to_throttle_delay,trip_0044,trip_0044_seg_001,2018-02-17 11:08:50+00:00,1914,31.000000,0.000000,0.884725,True,none
pedal_step_001302,pedal_step_event,pedal_to_throttle_delay,trip_0044,trip_0044_seg_001,2018-02-17 11:12:26+00:00,2130,22.950000,2.000000,0.558818,True,none
pedal_step_001303,pedal_step_event,pedal_to_throttle_delay,trip_0045,trip_0045_seg_001,2018-02-18 06:09:43+00:00,97,23.350000,1.000000,0.655285,True,none
pedal_step_001304,pedal_step_event,pedal_to_throttle_delay,trip_0045,trip_0045_seg_001,2018-02-18 06:09:45+00:00,99,23.750000,,,False,duplicate_or_overlapping_event
pedal_step_001305,pedal_step_event,pedal_to_throttle_delay,trip_0045,trip_0045_seg_001,2018-02-18 06:09:53+00:00,107,28.050000,0.000000,0.890118,True,none
pedal_step_001306,pedal_step_event,pedal_to_throttle_delay,trip_0045,trip_0045_seg_001,2018-02-18 06:11:39+00:00,213,22.600000,0.000000,0.410570,True,none
pedal_step_001307,pedal_step_event,pedal_to_throttle_delay,trip_0045,trip_0045_seg_001,2018-02-18 06:11:43+00:00,217,26.500000,,,False,duplicate_or_overlapping_event
pedal_step_001308,pedal_step_event,pedal_to_throttle_delay,trip_0045,trip_0045_seg_001,2018-02-18 06:11:45+00:00,219,31.400000,,,False,duplicate_or_overlapping_event
pedal_step_001309,pedal_step_event,pedal_to_throttle_delay,trip_0045,trip_0045_seg_001,2018-02-18 06:11:47+00:00,221,23.000000,,,False,duplicate_or_overlapping_event
pedal_step_001310,pedal_step_event,pedal_to_throttle_delay,trip_0045,trip_0045_seg_001,2018-02-18 06:13:00+00:00,294,25.100000,1.000000,0.456247,True,none
pedal_step_001311,pedal_step_event,pedal_to_throttle_delay,trip_0045,trip_0045_seg_001,2018-02-18 06:15:04+00:00,418,20.200000,0.000000,0.684152,True,none
pedal_step_001312,pedal_step_event,pedal_to_throttle_delay,trip_0045,trip_0045_seg_001,2018-02-18 06:15:06+00:00,420,33.350000,,,False,duplicate_or_overlapping_event
pedal_step_001313,pedal_step_event,pedal_to_throttle_delay,trip_0045,trip_0045_seg_001,2018-02-18 06:15:50+00:00,464,50.600000,,0.150452,False,low_correlation
pedal_step_001314,pedal_step_event,pedal_to_throttle_delay,trip_0045,trip_0045_seg_001,2018-02-18 06:23:43+00:00,937,22.350000,,,False,zero_variance
pedal_step_001315,pedal_step_event,pedal_to_throttle_delay,trip_0045,trip_0045_seg_001,2018-02-18 06:24:55+00:00,1009,26.500000,,,False,insufficient_context
pedal_step_001316,pedal_step_event,pedal_to_throttle_delay,trip_0045,trip_0045_seg_002,2018-02-18 06:49:33+00:00,953,32.350000,,,False,zero_variance
pedal_step_001317,pedal_step_event,pedal_to_throttle_delay,trip_0045,trip_0045_seg_002,2018-02-18 06:51:12+00:00,1052,23.950000,,,False,zero_variance
pedal_step_001318,pedal_step_event,pedal_to_throttle_delay,trip_0045,trip_0045_seg_002,2018-02-18 06:59:22+00:00,1542,32.150000,0.000000,0.712683,True,none
pedal_step_001319,pedal_step_event,pedal_to_throttle_delay,trip_0045,trip_0045_seg_002,2018-02-18 07:01:30+00:00,1670,49.400000,0.000000,0.573326,True,none
pedal_step_001320,pedal_step_event,pedal_to_throttle_delay,trip_0045,trip_0045_seg_002,2018-02-18 07:01:41+00:00,1681,29.200000,,0.239630,False,low_correlation
pedal_step_001321,pedal_step_event,pedal_to_throttle_delay,trip_0045,trip_0045_seg_002,2018-02-18 07:01:53+00:00,1693,22.950000,1.000000,0.599584,True,none
pedal_step_001322,pedal_step_event,pedal_to_throttle_delay,trip_0045,trip_0045_seg_002,2018-02-18 07:04:18+00:00,1838,35.100000,,-0.005217,False,low_correlation
pedal_step_001323,pedal_step_event,pedal_to_throttle_delay,trip_0045,trip_0045_seg_002,2018-02-18 07:05:27+00:00,1907,23.850000,,,False,zero_variance
pedal_step_001324,pedal_step_event,pedal_to_throttle_delay,trip_0045,trip_0045_seg_002,2018-02-18 07:08:48+00:00,2108,24.350000,,,False,zero_variance
pedal_step_001325,pedal_step_event,pedal_to_throttle_delay,trip_0045,trip_0045_seg_002,2018-02-18 07:11:55+00:00,2295,34.700000,,,False,zero_variance
pedal_step_001326,pedal_step_event,pedal_to_throttle_delay,trip_0045,trip_0045_seg_002,2018-02-18 07:12:44+00:00,2344,25.700000,,,False,zero_variance
pedal_step_001327,pedal_step_event,pedal_to_throttle_delay,trip_0045,trip_0045_seg_002,2018-02-18 07:13:17+00:00,2377,22.550000,,,False,zero_variance
pedal_step_001328,pedal_step_event,pedal_to_throttle_delay,trip_0045,trip_0045_seg_002,2018-02-18 07:13:18+00:00,2378,32.950000,,,False,duplicate_or_overlapping_event
pedal_step_001329,pedal_step_event,pedal_to_throttle_delay,trip_0045,trip_0045_seg_002,2018-02-18 07:14:16+00:00,2436,20.900000,,,False,zero_variance
pedal_step_001330,pedal_step_event,pedal_to_throttle_delay,trip_0045,trip_0045_seg_002,2018-02-18 07:17:56+00:00,2656,28.650000,,,False,zero_variance
pedal_step_001331,pedal_step_event,pedal_to_throttle_delay,trip_0045,trip_0045_seg_002,2018-02-18 07:25:31+00:00,3111,27.250000,,,False,zero_variance
pedal_step_001332,pedal_step_event,pedal_to_throttle_delay,trip_0045,trip_0045_seg_002,2018-02-18 07:29:02+00:00,3322,23.000000,0.000000,0.615875,True,none
pedal_step_001333,pedal_step_event,pedal_to_throttle_delay,trip_0045,trip_0045_seg_002,2018-02-18 07:29:24+00:00,3344,23.150000,,,False,zero_variance
pedal_step_001334,pedal_step_event,pedal_to_throttle_delay,trip_0045,trip_0045_seg_002,2018-02-18 07:32:22+00:00,3522,29.200000,0.000000,0.920146,True,none
pedal_step_001335,pedal_step_event,pedal_to_throttle_delay,trip_0045,trip_0045_seg_002,2018-02-18 07:32:52+00:00,3552,22.600000,0.000000,0.940179,True,none
pedal_step_001336,pedal_step_event,pedal_to_throttle_delay,trip_0046,trip_0046_seg_001,2018-02-20 18:24:22+00:00,56,20.600000,,,False,zero_variance
pedal_step_001337,pedal_step_event,pedal_to_throttle_delay,trip_0046,trip_0046_seg_001,2018-02-20 18:26:22+00:00,176,29.200000,0.000000,0.967097,True,none
pedal_step_001338,pedal_step_event,pedal_to_throttle_delay,trip_0046,trip_0046_seg_001,2018-02-20 18:27:23+00:00,237,24.100000,1.000000,0.883003,True,none
pedal_step_001339,pedal_step_event,pedal_to_throttle_delay,trip_0046,trip_0046_seg_001,2018-02-20 18:29:01+00:00,335,35.100000,1.000000,0.935456,True,none
pedal_step_001340,pedal_step_event,pedal_to_throttle_delay,trip_0046,trip_0046_seg_001,2018-02-20 18:29:24+00:00,358,25.700000,0.000000,0.840059,True,none
pedal_step_001341,pedal_step_event,pedal_to_throttle_delay,trip_0046,trip_0046_seg_001,2018-02-20 18:30:02+00:00,396,39.400000,0.000000,0.843886,True,none
pedal_step_001342,pedal_step_event,pedal_to_throttle_delay,trip_0046,trip_0046_seg_001,2018-02-20 18:30:06+00:00,400,32.000000,,,False,duplicate_or_overlapping_event
pedal_step_001343,pedal_step_event,pedal_to_throttle_delay,trip_0046,trip_0046_seg_001,2018-02-20 18:30:09+00:00,403,26.100000,,,False,duplicate_or_overlapping_event
pedal_step_001344,pedal_step_event,pedal_to_throttle_delay,trip_0046,trip_0046_seg_001,2018-02-20 18:30:49+00:00,443,26.700000,0.000000,0.536870,True,none
pedal_step_001345,pedal_step_event,pedal_to_throttle_delay,trip_0046,trip_0046_seg_001,2018-02-20 18:30:53+00:00,447,20.200000,,,False,duplicate_or_overlapping_event
pedal_step_001346,pedal_step_event,pedal_to_throttle_delay,trip_0046,trip_0046_seg_001,2018-02-20 18:30:56+00:00,450,26.300000,,,False,duplicate_or_overlapping_event
pedal_step_001347,pedal_step_event,pedal_to_throttle_delay,trip_0046,trip_0046_seg_001,2018-02-20 18:33:12+00:00,586,31.200000,,,False,zero_variance
pedal_step_001348,pedal_step_event,pedal_to_throttle_delay,trip_0046,trip_0046_seg_001,2018-02-20 18:33:43+00:00,617,21.200000,,,False,zero_variance
pedal_step_001349,pedal_step_event,pedal_to_throttle_delay,trip_0046,trip_0046_seg_001,2018-02-20 18:34:09+00:00,643,20.450000,,,False,zero_variance
pedal_step_001350,pedal_step_event,pedal_to_throttle_delay,trip_0046,trip_0046_seg_001,2018-02-20 18:34:34+00:00,668,26.300000,,,False,zero_variance
pedal_step_001351,pedal_step_event,pedal_to_throttle_delay,trip_0046,trip_0046_seg_001,2018-02-20 18:34:40+00:00,674,43.150000,,,False,duplicate_or_overlapping_event
pedal_step_001352,pedal_step_event,pedal_to_throttle_delay,trip_0046,trip_0046_seg_001,2018-02-20 18:35:07+00:00,701,25.350000,,,False,zero_variance
pedal_step_001353,pedal_step_event,pedal_to_throttle_delay,trip_0046,trip_0046_seg_001,2018-02-20 18:37:07+00:00,821,23.150000,,,False,zero_variance
pedal_step_001354,pedal_step_event,pedal_to_throttle_delay,trip_0046,trip_0046_seg_001,2018-02-20 18:38:11+00:00,885,20.800000,,,False,zero_variance
pedal_step_001355,pedal_step_event,pedal_to_throttle_delay,trip_0047,trip_0047_seg_001,2018-02-21 18:45:20+00:00,79,21.600000,3.000000,0.519892,True,none
pedal_step_001356,pedal_step_event,pedal_to_throttle_delay,trip_0047,trip_0047_seg_001,2018-02-21 18:45:35+00:00,94,22.550000,,0.169886,False,low_correlation
pedal_step_001357,pedal_step_event,pedal_to_throttle_delay,trip_0047,trip_0047_seg_001,2018-02-21 18:46:12+00:00,131,50.200000,1.000000,0.312549,True,none
pedal_step_001358,pedal_step_event,pedal_to_throttle_delay,trip_0047,trip_0047_seg_001,2018-02-21 18:47:31+00:00,210,33.150000,,,False,zero_variance
pedal_step_001359,pedal_step_event,pedal_to_throttle_delay,trip_0047,trip_0047_seg_001,2018-02-21 18:47:41+00:00,220,23.500000,3.000000,0.656179,True,none
pedal_step_001360,pedal_step_event,pedal_to_throttle_delay,trip_0047,trip_0047_seg_001,2018-02-21 18:47:44+00:00,223,22.550000,,,False,duplicate_or_overlapping_event
pedal_step_001361,pedal_step_event,pedal_to_throttle_delay,trip_0047,trip_0047_seg_001,2018-02-21 18:50:00+00:00,359,37.850000,,,False,zero_variance
pedal_step_001362,pedal_step_event,pedal_to_throttle_delay,trip_0047,trip_0047_seg_001,2018-02-21 18:51:24+00:00,443,24.300000,,,False,zero_variance
pedal_step_001363,pedal_step_event,pedal_to_throttle_delay,trip_0047,trip_0047_seg_001,2018-02-21 18:52:32+00:00,511,26.100000,0.000000,0.554116,True,none
pedal_step_001364,pedal_step_event,pedal_to_throttle_delay,trip_0047,trip_0047_seg_001,2018-02-21 18:53:57+00:00,596,41.600000,3.000000,0.487488,True,none
pedal_step_001365,pedal_step_event,pedal_to_throttle_delay,trip_0047,trip_0047_seg_001,2018-02-21 18:54:00+00:00,599,22.950000,,,False,duplicate_or_overlapping_event
pedal_step_001366,pedal_step_event,pedal_to_throttle_delay,trip_0047,trip_0047_seg_001,2018-02-21 19:09:03+00:00,1502,27.050000,1.000000,0.862391,True,none
pedal_step_001367,pedal_step_event,pedal_to_throttle_delay,trip_0047,trip_0047_seg_001,2018-02-21 19:09:04+00:00,1503,22.750000,,,False,duplicate_or_overlapping_event
pedal_step_001368,pedal_step_event,pedal_to_throttle_delay,trip_0047,trip_0047_seg_001,2018-02-21 19:11:00+00:00,1619,21.750000,,,False,zero_variance
pedal_step_001369,pedal_step_event,pedal_to_throttle_delay,trip_0048,trip_0048_seg_001,2018-02-21 17:22:21+00:00,93,22.950000,3.000000,0.479272,True,none
pedal_step_001370,pedal_step_event,pedal_to_throttle_delay,trip_0048,trip_0048_seg_001,2018-02-21 17:22:52+00:00,124,25.500000,1.000000,0.304462,True,none
pedal_step_001371,pedal_step_event,pedal_to_throttle_delay,trip_0048,trip_0048_seg_001,2018-02-21 17:22:54+00:00,126,37.850000,,,False,duplicate_or_overlapping_event
pedal_step_001372,pedal_step_event,pedal_to_throttle_delay,trip_0048,trip_0048_seg_001,2018-02-21 17:23:41+00:00,173,36.300000,1.000000,0.453018,True,none
pedal_step_001373,pedal_step_event,pedal_to_throttle_delay,trip_0048,trip_0048_seg_001,2018-02-21 17:23:44+00:00,176,25.900000,,,False,duplicate_or_overlapping_event
pedal_step_001374,pedal_step_event,pedal_to_throttle_delay,trip_0048,trip_0048_seg_001,2018-02-21 17:23:48+00:00,180,23.500000,,,False,duplicate_or_overlapping_event
pedal_step_001375,pedal_step_event,pedal_to_throttle_delay,trip_0048,trip_0048_seg_001,2018-02-21 17:28:02+00:00,434,23.550000,0.000000,0.922096,True,none
pedal_step_001376,pedal_step_event,pedal_to_throttle_delay,trip_0048,trip_0048_seg_001,2018-02-21 17:29:28+00:00,520,21.750000,0.000000,0.686327,True,none
pedal_step_001377,pedal_step_event,pedal_to_throttle_delay,trip_0048,trip_0048_seg_001,2018-02-21 17:30:08+00:00,560,32.150000,0.000000,0.903080,True,none
pedal_step_001378,pedal_step_event,pedal_to_throttle_delay,trip_0048,trip_0048_seg_001,2018-02-21 17:30:19+00:00,571,22.950000,0.000000,0.916148,True,none
pedal_step_001379,pedal_step_event,pedal_to_throttle_delay,trip_0048,trip_0048_seg_001,2018-02-21 17:31:42+00:00,654,35.650000,0.000000,0.973886,True,none
pedal_step_001380,pedal_step_event,pedal_to_throttle_delay,trip_0048,trip_0048_seg_001,2018-02-21 17:39:28+00:00,1120,24.700000,0.000000,0.833117,True,none
pedal_step_001381,pedal_step_event,pedal_to_throttle_delay,trip_0048,trip_0048_seg_001,2018-02-21 17:40:50+00:00,1202,29.650000,1.000000,0.440328,True,none
pedal_step_001382,pedal_step_event,pedal_to_throttle_delay,trip_0048,trip_0048_seg_001,2018-02-21 17:42:00+00:00,1272,25.700000,,,False,zero_variance
pedal_step_001383,pedal_step_event,pedal_to_throttle_delay,trip_0048,trip_0048_seg_001,2018-02-21 17:43:00+00:00,1332,23.700000,0.000000,0.768967,True,none
pedal_step_001384,pedal_step_event,pedal_to_throttle_delay,trip_0048,trip_0048_seg_001,2018-02-21 17:43:59+00:00,1391,41.750000,,,False,zero_variance
pedal_step_001385,pedal_step_event,pedal_to_throttle_delay,trip_0048,trip_0048_seg_001,2018-02-21 17:49:54+00:00,1746,22.200000,,,False,zero_variance
pedal_step_001386,pedal_step_event,pedal_to_throttle_delay,trip_0048,trip_0048_seg_001,2018-02-21 17:50:26+00:00,1778,28.050000,,,False,zero_variance
pedal_step_001387,pedal_step_event,pedal_to_throttle_delay,trip_0048,trip_0048_seg_001,2018-02-21 17:51:04+00:00,1816,26.800000,,,False,zero_variance
pedal_step_001388,pedal_step_event,pedal_to_throttle_delay,trip_0048,trip_0048_seg_001,2018-02-21 17:51:19+00:00,1831,20.350000,,,False,zero_variance
pedal_step_001389,pedal_step_event,pedal_to_throttle_delay,trip_0048,trip_0048_seg_001,2018-02-21 17:51:42+00:00,1854,27.700000,,,False,zero_variance
pedal_step_001390,pedal_step_event,pedal_to_throttle_delay,trip_0048,trip_0048_seg_001,2018-02-21 17:52:05+00:00,1877,31.800000,,,False,zero_variance
pedal_step_001391,pedal_step_event,pedal_to_throttle_delay,trip_0048,trip_0048_seg_001,2018-02-21 17:52:16+00:00,1888,20.800000,,,False,zero_variance
pedal_step_001392,pedal_step_event,pedal_to_throttle_delay,trip_0048,trip_0048_seg_001,2018-02-21 17:52:23+00:00,1895,24.500000,,,False,duplicate_or_overlapping_event
pedal_step_001393,pedal_step_event,pedal_to_throttle_delay,trip_0048,trip_0048_seg_001,2018-02-21 17:52:33+00:00,1905,61.150000,,,False,zero_variance
pedal_step_001394,pedal_step_event,pedal_to_throttle_delay,trip_0048,trip_0048_seg_001,2018-02-21 17:53:31+00:00,1963,27.100000,,,False,zero_variance
pedal_step_001395,pedal_step_event,pedal_to_throttle_delay,trip_0048,trip_0048_seg_001,2018-02-21 17:57:09+00:00,2181,28.050000,0.000000,0.915619,True,none
pedal_step_001396,pedal_step_event,pedal_to_throttle_delay,trip_0048,trip_0048_seg_001,2018-02-21 17:57:50+00:00,2222,24.300000,3.000000,0.798851,True,none
pedal_step_001397,pedal_step_event,pedal_to_throttle_delay,trip_0048,trip_0048_seg_001,2018-02-21 18:04:31+00:00,2623,24.700000,,,False,zero_variance
pedal_step_001398,pedal_step_event,pedal_to_throttle_delay,trip_0048,trip_0048_seg_001,2018-02-21 18:05:11+00:00,2663,20.350000,,,False,zero_variance
pedal_step_001399,pedal_step_event,pedal_to_throttle_delay,trip_0048,trip_0048_seg_001,2018-02-21 18:05:18+00:00,2670,20.150000,,,False,duplicate_or_overlapping_event
pedal_step_001400,pedal_step_event,pedal_to_throttle_delay,trip_0048,trip_0048_seg_001,2018-02-21 18:05:28+00:00,2680,23.750000,,,False,zero_variance
pedal_step_001401,pedal_step_event,pedal_to_throttle_delay,trip_0048,trip_0048_seg_001,2018-02-21 18:12:48+00:00,3120,23.950000,,-0.106696,False,low_correlation
pedal_step_001402,pedal_step_event,pedal_to_throttle_delay,trip_0048,trip_0048_seg_001,2018-02-21 18:14:27+00:00,3219,21.300000,,,False,zero_variance
pedal_step_001403,pedal_step_event,pedal_to_throttle_delay,trip_0048,trip_0048_seg_001,2018-02-21 18:14:38+00:00,3230,20.400000,,,False,zero_variance
pedal_step_001404,pedal_step_event,pedal_to_throttle_delay,trip_0048,trip_0048_seg_001,2018-02-21 18:14:39+00:00,3231,20.200000,,,False,duplicate_or_overlapping_event
pedal_step_001405,pedal_step_event,pedal_to_throttle_delay,trip_0048,trip_0048_seg_001,2018-02-21 18:17:32+00:00,3404,31.600000,,,False,zero_variance
pedal_step_001406,pedal_step_event,pedal_to_throttle_delay,trip_0049,trip_0049_seg_001,2018-02-21 07:32:54+00:00,147,22.200000,3.000000,0.681555,True,none
pedal_step_001407,pedal_step_event,pedal_to_throttle_delay,trip_0049,trip_0049_seg_001,2018-02-21 07:33:50+00:00,203,27.800000,0.000000,0.902757,True,none
pedal_step_001408,pedal_step_event,pedal_to_throttle_delay,trip_0049,trip_0049_seg_001,2018-02-21 07:33:53+00:00,206,21.600000,,,False,duplicate_or_overlapping_event
pedal_step_001409,pedal_step_event,pedal_to_throttle_delay,trip_0049,trip_0049_seg_001,2018-02-21 07:34:51+00:00,264,21.950000,0.000000,0.417323,True,none
pedal_step_001410,pedal_step_event,pedal_to_throttle_delay,trip_0049,trip_0049_seg_001,2018-02-21 07:35:47+00:00,320,27.450000,3.000000,0.903800,True,none
pedal_step_001411,pedal_step_event,pedal_to_throttle_delay,trip_0049,trip_0049_seg_001,2018-02-21 07:36:47+00:00,380,21.400000,1.000000,0.766545,True,none
pedal_step_001412,pedal_step_event,pedal_to_throttle_delay,trip_0049,trip_0049_seg_001,2018-02-21 07:37:04+00:00,397,51.400000,0.000000,0.449507,True,none
pedal_step_001413,pedal_step_event,pedal_to_throttle_delay,trip_0049,trip_0049_seg_001,2018-02-21 07:37:08+00:00,401,27.650000,,,False,duplicate_or_overlapping_event
pedal_step_001414,pedal_step_event,pedal_to_throttle_delay,trip_0049,trip_0049_seg_001,2018-02-21 07:41:23+00:00,656,20.050000,0.000000,0.389540,True,none
pedal_step_001415,pedal_step_event,pedal_to_throttle_delay,trip_0049,trip_0049_seg_001,2018-02-21 07:42:54+00:00,747,20.400000,3.000000,0.698145,True,none
pedal_step_001416,pedal_step_event,pedal_to_throttle_delay,trip_0049,trip_0049_seg_001,2018-02-21 07:42:59+00:00,752,49.200000,,,False,duplicate_or_overlapping_event
pedal_step_001417,pedal_step_event,pedal_to_throttle_delay,trip_0049,trip_0049_seg_001,2018-02-21 07:43:06+00:00,759,21.750000,3.000000,0.346587,True,none
pedal_step_001418,pedal_step_event,pedal_to_throttle_delay,trip_0049,trip_0049_seg_001,2018-02-21 07:44:52+00:00,865,43.750000,0.000000,0.529356,True,none
pedal_step_001419,pedal_step_event,pedal_to_throttle_delay,trip_0049,trip_0049_seg_001,2018-02-21 07:44:56+00:00,869,27.500000,,,False,duplicate_or_overlapping_event
pedal_step_001420,pedal_step_event,pedal_to_throttle_delay,trip_0049,trip_0049_seg_001,2018-02-21 07:49:31+00:00,1144,34.500000,0.000000,0.806240,True,none
pedal_step_001421,pedal_step_event,pedal_to_throttle_delay,trip_0049,trip_0049_seg_001,2018-02-21 07:50:08+00:00,1181,39.400000,,,False,zero_variance
pedal_step_001422,pedal_step_event,pedal_to_throttle_delay,trip_0049,trip_0049_seg_001,2018-02-21 07:50:27+00:00,1200,24.950000,1.000000,0.765978,True,none
pedal_step_001423,pedal_step_event,pedal_to_throttle_delay,trip_0050,trip_0050_seg_001,2018-02-22 05:52:54+00:00,110,20.350000,3.000000,0.475203,True,none
pedal_step_001424,pedal_step_event,pedal_to_throttle_delay,trip_0050,trip_0050_seg_001,2018-02-22 05:53:34+00:00,150,29.800000,1.000000,0.427747,True,none
pedal_step_001425,pedal_step_event,pedal_to_throttle_delay,trip_0050,trip_0050_seg_001,2018-02-22 05:54:14+00:00,190,41.400000,0.000000,0.827007,True,none
pedal_step_001426,pedal_step_event,pedal_to_throttle_delay,trip_0050,trip_0050_seg_001,2018-02-22 05:55:00+00:00,236,34.750000,1.000000,0.343462,True,none
pedal_step_001427,pedal_step_event,pedal_to_throttle_delay,trip_0050,trip_0050_seg_001,2018-02-22 05:55:04+00:00,240,28.700000,,,False,duplicate_or_overlapping_event
pedal_step_001428,pedal_step_event,pedal_to_throttle_delay,trip_0050,trip_0050_seg_001,2018-02-22 05:56:36+00:00,332,39.750000,0.000000,0.533319,True,none
pedal_step_001429,pedal_step_event,pedal_to_throttle_delay,trip_0050,trip_0050_seg_001,2018-02-22 05:57:02+00:00,358,34.900000,,0.296195,False,low_correlation
pedal_step_001430,pedal_step_event,pedal_to_throttle_delay,trip_0050,trip_0050_seg_001,2018-02-22 05:58:37+00:00,453,23.550000,0.000000,0.664158,True,none
pedal_step_001431,pedal_step_event,pedal_to_throttle_delay,trip_0050,trip_0050_seg_001,2018-02-22 05:59:13+00:00,489,23.900000,,,False,zero_variance
pedal_step_001432,pedal_step_event,pedal_to_throttle_delay,trip_0050,trip_0050_seg_001,2018-02-22 05:59:25+00:00,501,22.200000,0.000000,0.746704,True,none
pedal_step_001433,pedal_step_event,pedal_to_throttle_delay,trip_0050,trip_0050_seg_001,2018-02-22 06:03:39+00:00,755,38.650000,,,False,zero_variance
pedal_step_001434,pedal_step_event,pedal_to_throttle_delay,trip_0050,trip_0050_seg_001,2018-02-22 06:03:55+00:00,771,31.600000,,,False,zero_variance
pedal_step_001435,pedal_step_event,pedal_to_throttle_delay,trip_0050,trip_0050_seg_001,2018-02-22 06:14:14+00:00,1390,20.800000,0.000000,0.678419,True,none
pedal_step_001436,pedal_step_event,pedal_to_throttle_delay,trip_0050,trip_0050_seg_001,2018-02-22 06:15:48+00:00,1484,20.200000,,,False,zero_variance
pedal_step_001437,pedal_step_event,pedal_to_throttle_delay,trip_0050,trip_0050_seg_001,2018-02-22 06:16:00+00:00,1496,22.100000,3.000000,0.398854,True,none
pedal_step_001438,pedal_step_event,pedal_to_throttle_delay,trip_0050,trip_0050_seg_001,2018-02-22 06:16:04+00:00,1500,24.650000,,,False,duplicate_or_overlapping_event
pedal_step_001439,pedal_step_event,pedal_to_throttle_delay,trip_0050,trip_0050_seg_001,2018-02-22 06:17:34+00:00,1590,24.150000,0.000000,0.701235,True,none
pedal_step_001440,pedal_step_event,pedal_to_throttle_delay,trip_0050,trip_0050_seg_001,2018-02-22 06:17:38+00:00,1594,27.450000,,,False,duplicate_or_overlapping_event
pedal_step_001441,pedal_step_event,pedal_to_throttle_delay,trip_0050,trip_0050_seg_001,2018-02-22 06:17:50+00:00,1606,21.750000,0.000000,0.463517,True,none
pedal_step_001442,pedal_step_event,pedal_to_throttle_delay,trip_0050,trip_0050_seg_001,2018-02-22 06:18:08+00:00,1624,21.750000,,,False,zero_variance
pedal_step_001443,pedal_step_event,pedal_to_throttle_delay,trip_0050,trip_0050_seg_001,2018-02-22 06:18:43+00:00,1659,21.800000,,,False,zero_variance
pedal_step_001444,pedal_step_event,pedal_to_throttle_delay,trip_0050,trip_0050_seg_001,2018-02-22 06:22:50+00:00,1906,34.700000,0.000000,0.849464,True,none
pedal_step_001445,pedal_step_event,pedal_to_throttle_delay,trip_0050,trip_0050_seg_001,2018-02-22 06:23:43+00:00,1959,24.150000,,,False,zero_variance
pedal_step_001446,pedal_step_event,pedal_to_throttle_delay,trip_0050,trip_0050_seg_001,2018-02-22 06:24:19+00:00,1995,27.100000,,,False,zero_variance
pedal_step_001447,pedal_step_event,pedal_to_throttle_delay,trip_0050,trip_0050_seg_001,2018-02-22 06:25:27+00:00,2063,22.350000,,,False,zero_variance
pedal_step_001448,pedal_step_event,pedal_to_throttle_delay,trip_0050,trip_0050_seg_001,2018-02-22 06:25:46+00:00,2082,33.900000,0.000000,0.974600,True,none
pedal_step_001449,pedal_step_event,pedal_to_throttle_delay,trip_0050,trip_0050_seg_001,2018-02-22 06:26:22+00:00,2118,37.250000,,,False,zero_variance
pedal_step_001450,pedal_step_event,pedal_to_throttle_delay,trip_0050,trip_0050_seg_001,2018-02-22 06:35:41+00:00,2677,20.800000,,,False,zero_variance
pedal_step_001451,pedal_step_event,pedal_to_throttle_delay,trip_0050,trip_0050_seg_001,2018-02-22 06:37:42+00:00,2798,24.500000,1.000000,0.808137,True,none
pedal_step_001452,pedal_step_event,pedal_to_throttle_delay,trip_0050,trip_0050_seg_001,2018-02-22 06:37:45+00:00,2801,38.250000,,,False,duplicate_or_overlapping_event
pedal_step_001453,pedal_step_event,pedal_to_throttle_delay,trip_0050,trip_0050_seg_001,2018-02-22 06:41:04+00:00,3000,26.250000,0.000000,0.736235,True,none
pedal_step_001454,pedal_step_event,pedal_to_throttle_delay,trip_0051,trip_0051_seg_001,2018-02-23 16:58:31+00:00,30,22.000000,,-0.002641,False,low_correlation
pedal_step_001455,pedal_step_event,pedal_to_throttle_delay,trip_0051,trip_0051_seg_001,2018-02-23 16:58:53+00:00,52,48.100000,3.000000,0.834171,True,none
pedal_step_001456,pedal_step_event,pedal_to_throttle_delay,trip_0051,trip_0051_seg_001,2018-02-23 16:59:00+00:00,59,55.300000,,,False,duplicate_or_overlapping_event
pedal_step_001457,pedal_step_event,pedal_to_throttle_delay,trip_0051,trip_0051_seg_001,2018-02-23 16:59:41+00:00,100,31.000000,0.000000,0.660565,True,none
pedal_step_001458,pedal_step_event,pedal_to_throttle_delay,trip_0051,trip_0051_seg_001,2018-02-23 17:01:06+00:00,185,36.650000,3.000000,0.577389,True,none
pedal_step_001459,pedal_step_event,pedal_to_throttle_delay,trip_0051,trip_0051_seg_001,2018-02-23 17:01:24+00:00,203,46.650000,1.000000,0.698149,True,none
pedal_step_001460,pedal_step_event,pedal_to_throttle_delay,trip_0051,trip_0051_seg_001,2018-02-23 17:01:29+00:00,208,42.350000,,,False,duplicate_or_overlapping_event
pedal_step_001461,pedal_step_event,pedal_to_throttle_delay,trip_0051,trip_0051_seg_001,2018-02-23 17:05:05+00:00,424,29.050000,0.000000,0.545295,True,none
pedal_step_001462,pedal_step_event,pedal_to_throttle_delay,trip_0051,trip_0051_seg_001,2018-02-23 17:05:09+00:00,428,46.100000,,,False,duplicate_or_overlapping_event
pedal_step_001463,pedal_step_event,pedal_to_throttle_delay,trip_0051,trip_0051_seg_001,2018-02-23 17:05:43+00:00,462,41.950000,0.000000,0.848676,True,none
pedal_step_001464,pedal_step_event,pedal_to_throttle_delay,trip_0051,trip_0051_seg_001,2018-02-23 17:06:08+00:00,487,24.300000,0.000000,0.347887,True,none
pedal_step_001465,pedal_step_event,pedal_to_throttle_delay,trip_0051,trip_0051_seg_001,2018-02-23 17:07:22+00:00,561,44.500000,3.000000,0.847762,True,none
pedal_step_001466,pedal_step_event,pedal_to_throttle_delay,trip_0051,trip_0051_seg_001,2018-02-23 17:08:39+00:00,638,32.700000,,,False,zero_variance
pedal_step_001467,pedal_step_event,pedal_to_throttle_delay,trip_0051,trip_0051_seg_001,2018-02-23 17:09:12+00:00,671,24.750000,0.000000,0.488451,True,none
pedal_step_001468,pedal_step_event,pedal_to_throttle_delay,trip_0051,trip_0051_seg_001,2018-02-23 17:09:40+00:00,699,27.650000,0.000000,0.757208,True,none
pedal_step_001469,pedal_step_event,pedal_to_throttle_delay,trip_0051,trip_0051_seg_001,2018-02-23 17:09:43+00:00,702,31.750000,,,False,duplicate_or_overlapping_event
pedal_step_001470,pedal_step_event,pedal_to_throttle_delay,trip_0051,trip_0051_seg_001,2018-02-23 17:10:49+00:00,768,22.600000,1.000000,0.935642,True,none
pedal_step_001471,pedal_step_event,pedal_to_throttle_delay,trip_0052,trip_0052_seg_001,2018-02-23 06:15:18+00:00,81,24.500000,1.000000,0.737828,True,none
pedal_step_001472,pedal_step_event,pedal_to_throttle_delay,trip_0052,trip_0052_seg_001,2018-02-23 06:15:20+00:00,83,21.400000,,,False,duplicate_or_overlapping_event
pedal_step_001473,pedal_step_event,pedal_to_throttle_delay,trip_0052,trip_0052_seg_001,2018-02-23 06:16:18+00:00,141,40.200000,3.000000,0.651951,True,none
pedal_step_001474,pedal_step_event,pedal_to_throttle_delay,trip_0052,trip_0052_seg_001,2018-02-23 06:16:21+00:00,144,31.800000,,,False,duplicate_or_overlapping_event
pedal_step_001475,pedal_step_event,pedal_to_throttle_delay,trip_0052,trip_0052_seg_001,2018-02-23 06:19:08+00:00,311,25.100000,0.000000,0.708150,True,none
pedal_step_001476,pedal_step_event,pedal_to_throttle_delay,trip_0052,trip_0052_seg_001,2018-02-23 06:19:47+00:00,350,23.500000,3.000000,0.321259,True,none
pedal_step_001477,pedal_step_event,pedal_to_throttle_delay,trip_0052,trip_0052_seg_001,2018-02-23 06:19:51+00:00,354,47.450000,,,False,duplicate_or_overlapping_event
pedal_step_001478,pedal_step_event,pedal_to_throttle_delay,trip_0052,trip_0052_seg_001,2018-02-23 06:20:31+00:00,394,22.950000,0.000000,0.472654,True,none
pedal_step_001479,pedal_step_event,pedal_to_throttle_delay,trip_0052,trip_0052_seg_001,2018-02-23 06:21:11+00:00,434,36.050000,,0.288101,False,low_correlation
pedal_step_001480,pedal_step_event,pedal_to_throttle_delay,trip_0052,trip_0052_seg_001,2018-02-23 06:21:49+00:00,472,25.300000,0.000000,0.614955,True,none
pedal_step_001481,pedal_step_event,pedal_to_throttle_delay,trip_0052,trip_0052_seg_001,2018-02-23 06:22:00+00:00,483,43.550000,3.000000,0.891925,True,none
pedal_step_001482,pedal_step_event,pedal_to_throttle_delay,trip_0052,trip_0052_seg_001,2018-02-23 06:25:21+00:00,684,30.850000,0.000000,0.554079,True,none
pedal_step_001483,pedal_step_event,pedal_to_throttle_delay,trip_0052,trip_0052_seg_001,2018-02-23 06:25:25+00:00,688,21.000000,,,False,duplicate_or_overlapping_event
pedal_step_001484,pedal_step_event,pedal_to_throttle_delay,trip_0052,trip_0052_seg_001,2018-02-23 06:25:28+00:00,691,23.150000,,,False,duplicate_or_overlapping_event
pedal_step_001485,pedal_step_event,pedal_to_throttle_delay,trip_0052,trip_0052_seg_001,2018-02-23 06:25:30+00:00,693,20.550000,0.000000,0.441689,True,none
pedal_step_001486,pedal_step_event,pedal_to_throttle_delay,trip_0052,trip_0052_seg_001,2018-02-23 06:26:11+00:00,734,29.400000,,,False,zero_variance
pedal_step_001487,pedal_step_event,pedal_to_throttle_delay,trip_0052,trip_0052_seg_001,2018-02-23 06:26:18+00:00,741,48.450000,,,False,duplicate_or_overlapping_event
pedal_step_001488,pedal_step_event,pedal_to_throttle_delay,trip_0052,trip_0052_seg_001,2018-02-23 06:33:54+00:00,1197,23.500000,,,False,zero_variance
pedal_step_001489,pedal_step_event,pedal_to_throttle_delay,trip_0052,trip_0052_seg_001,2018-02-23 06:34:44+00:00,1247,27.250000,,0.286291,False,low_correlation
pedal_step_001490,pedal_step_event,pedal_to_throttle_delay,trip_0052,trip_0052_seg_001,2018-02-23 06:35:41+00:00,1304,22.750000,,0.000609,False,low_correlation
pedal_step_001491,pedal_step_event,pedal_to_throttle_delay,trip_0052,trip_0052_seg_001,2018-02-23 06:35:42+00:00,1305,20.600000,,,False,duplicate_or_overlapping_event
pedal_step_001492,pedal_step_event,pedal_to_throttle_delay,trip_0052,trip_0052_seg_001,2018-02-23 06:37:25+00:00,1408,30.750000,0.000000,0.845971,True,none
pedal_step_001493,pedal_step_event,pedal_to_throttle_delay,trip_0052,trip_0052_seg_001,2018-02-23 06:37:29+00:00,1412,31.800000,,,False,duplicate_or_overlapping_event
pedal_step_001494,pedal_step_event,pedal_to_throttle_delay,trip_0052,trip_0052_seg_001,2018-02-23 06:37:38+00:00,1421,20.800000,0.000000,0.942446,True,none
pedal_step_001495,pedal_step_event,pedal_to_throttle_delay,trip_0052,trip_0052_seg_001,2018-02-23 06:38:02+00:00,1445,29.000000,0.000000,0.918546,True,none
pedal_step_001496,pedal_step_event,pedal_to_throttle_delay,trip_0052,trip_0052_seg_001,2018-02-23 06:38:54+00:00,1497,22.950000,,0.203688,False,low_correlation
pedal_step_001497,pedal_step_event,pedal_to_throttle_delay,trip_0052,trip_0052_seg_001,2018-02-23 06:39:46+00:00,1549,29.050000,1.000000,0.724940,True,none
pedal_step_001498,pedal_step_event,pedal_to_throttle_delay,trip_0052,trip_0052_seg_001,2018-02-23 06:41:35+00:00,1658,31.150000,,,False,zero_variance
pedal_step_001499,pedal_step_event,pedal_to_throttle_delay,trip_0052,trip_0052_seg_001,2018-02-23 06:42:28+00:00,1711,26.450000,,,False,zero_variance
pedal_step_001500,pedal_step_event,pedal_to_throttle_delay,trip_0052,trip_0052_seg_001,2018-02-23 06:43:53+00:00,1796,20.600000,,,False,zero_variance
pedal_step_001501,pedal_step_event,pedal_to_throttle_delay,trip_0052,trip_0052_seg_001,2018-02-23 06:44:31+00:00,1834,22.950000,,-0.121209,False,low_correlation
pedal_step_001502,pedal_step_event,pedal_to_throttle_delay,trip_0052,trip_0052_seg_001,2018-02-23 06:46:33+00:00,1956,27.850000,3.000000,0.528758,True,none
pedal_step_001503,pedal_step_event,pedal_to_throttle_delay,trip_0052,trip_0052_seg_001,2018-02-23 06:46:50+00:00,1973,21.000000,,,False,zero_variance
pedal_step_001504,pedal_step_event,pedal_to_throttle_delay,trip_0052,trip_0052_seg_001,2018-02-23 06:47:27+00:00,2010,21.000000,,,False,zero_variance
pedal_step_001505,pedal_step_event,pedal_to_throttle_delay,trip_0052,trip_0052_seg_001,2018-02-23 06:49:09+00:00,2112,20.800000,,,False,zero_variance
pedal_step_001506,pedal_step_event,pedal_to_throttle_delay,trip_0052,trip_0052_seg_001,2018-02-23 06:49:14+00:00,2117,24.700000,,,False,duplicate_or_overlapping_event
pedal_step_001507,pedal_step_event,pedal_to_throttle_delay,trip_0052,trip_0052_seg_001,2018-02-23 06:49:29+00:00,2132,20.600000,,0.272671,False,low_correlation
pedal_step_001508,pedal_step_event,pedal_to_throttle_delay,trip_0052,trip_0052_seg_001,2018-02-23 06:50:51+00:00,2214,28.450000,,,False,zero_variance
pedal_step_001509,pedal_step_event,pedal_to_throttle_delay,trip_0052,trip_0052_seg_001,2018-02-23 06:53:41+00:00,2384,20.600000,1.000000,0.718014,True,none
pedal_step_001510,pedal_step_event,pedal_to_throttle_delay,trip_0052,trip_0052_seg_001,2018-02-23 06:54:11+00:00,2414,24.300000,3.000000,0.732917,True,none
pedal_step_001511,pedal_step_event,pedal_to_throttle_delay,trip_0052,trip_0052_seg_001,2018-02-23 06:54:13+00:00,2416,27.500000,,,False,duplicate_or_overlapping_event
pedal_step_001512,pedal_step_event,pedal_to_throttle_delay,trip_0052,trip_0052_seg_001,2018-02-23 06:54:25+00:00,2428,45.900000,0.000000,0.939043,True,none
pedal_step_001513,pedal_step_event,pedal_to_throttle_delay,trip_0052,trip_0052_seg_001,2018-02-23 06:56:47+00:00,2570,30.600000,,-0.000000,False,low_correlation
pedal_step_001514,pedal_step_event,pedal_to_throttle_delay,trip_0052,trip_0052_seg_001,2018-02-23 06:57:41+00:00,2624,36.050000,0.000000,0.779943,True,none
pedal_step_001515,pedal_step_event,pedal_to_throttle_delay,trip_0053,trip_0053_seg_002,2018-02-23 16:27:35+00:00,14,24.900000,0.000000,0.864178,True,none
pedal_step_001516,pedal_step_event,pedal_to_throttle_delay,trip_0053,trip_0053_seg_002,2018-02-23 16:27:38+00:00,17,30.800000,,,False,duplicate_or_overlapping_event
pedal_step_001517,pedal_step_event,pedal_to_throttle_delay,trip_0053,trip_0053_seg_002,2018-02-23 16:27:42+00:00,21,33.000000,,,False,duplicate_or_overlapping_event
pedal_step_001518,pedal_step_event,pedal_to_throttle_delay,trip_0053,trip_0053_seg_002,2018-02-23 16:28:06+00:00,45,21.200000,,,False,zero_variance
pedal_step_001519,pedal_step_event,pedal_to_throttle_delay,trip_0053,trip_0053_seg_002,2018-02-23 16:28:59+00:00,98,26.300000,0.000000,0.317041,True,none
pedal_step_001520,pedal_step_event,pedal_to_throttle_delay,trip_0053,trip_0053_seg_002,2018-02-23 16:29:06+00:00,105,33.950000,,,False,duplicate_or_overlapping_event
pedal_step_001521,pedal_step_event,pedal_to_throttle_delay,trip_0053,trip_0053_seg_002,2018-02-23 16:29:47+00:00,146,28.050000,1.000000,0.458061,True,none
pedal_step_001522,pedal_step_event,pedal_to_throttle_delay,trip_0053,trip_0053_seg_002,2018-02-23 16:29:50+00:00,149,36.300000,,,False,duplicate_or_overlapping_event
pedal_step_001523,pedal_step_event,pedal_to_throttle_delay,trip_0053,trip_0053_seg_002,2018-02-23 16:29:55+00:00,154,20.750000,,,False,duplicate_or_overlapping_event
pedal_step_001524,pedal_step_event,pedal_to_throttle_delay,trip_0053,trip_0053_seg_002,2018-02-23 16:29:57+00:00,156,25.900000,1.000000,0.842783,True,none
pedal_step_001525,pedal_step_event,pedal_to_throttle_delay,trip_0053,trip_0053_seg_002,2018-02-23 16:30:22+00:00,181,23.350000,,,False,zero_variance
pedal_step_001526,pedal_step_event,pedal_to_throttle_delay,trip_0053,trip_0053_seg_002,2018-02-23 16:32:12+00:00,291,20.550000,0.000000,0.899579,True,none
pedal_step_001527,pedal_step_event,pedal_to_throttle_delay,trip_0053,trip_0053_seg_002,2018-02-23 16:34:52+00:00,451,37.850000,0.000000,0.944433,True,none
pedal_step_001528,pedal_step_event,pedal_to_throttle_delay,trip_0053,trip_0053_seg_002,2018-02-23 16:36:35+00:00,554,29.400000,,0.265714,False,low_correlation
pedal_step_001529,pedal_step_event,pedal_to_throttle_delay,trip_0053,trip_0053_seg_002,2018-02-23 16:38:36+00:00,675,20.000000,3.000000,0.743424,True,none
pedal_step_001530,pedal_step_event,pedal_to_throttle_delay,trip_0053,trip_0053_seg_002,2018-02-23 16:38:56+00:00,695,33.350000,,,False,zero_variance
pedal_step_001531,pedal_step_event,pedal_to_throttle_delay,trip_0053,trip_0053_seg_002,2018-02-23 16:41:43+00:00,862,21.600000,1.000000,0.623199,True,none
pedal_step_001532,pedal_step_event,pedal_to_throttle_delay,trip_0053,trip_0053_seg_002,2018-02-23 16:41:45+00:00,864,29.050000,,,False,duplicate_or_overlapping_event
pedal_step_001533,pedal_step_event,pedal_to_throttle_delay,trip_0053,trip_0053_seg_002,2018-02-23 16:41:49+00:00,868,29.600000,,,False,duplicate_or_overlapping_event
pedal_step_001534,pedal_step_event,pedal_to_throttle_delay,trip_0053,trip_0053_seg_002,2018-02-23 16:41:51+00:00,870,20.950000,,,False,duplicate_or_overlapping_event
pedal_step_001535,pedal_step_event,pedal_to_throttle_delay,trip_0053,trip_0053_seg_002,2018-02-23 16:41:54+00:00,873,35.250000,0.000000,0.788052,True,none
pedal_step_001536,pedal_step_event,pedal_to_throttle_delay,trip_0053,trip_0053_seg_002,2018-02-23 16:42:24+00:00,903,25.100000,0.000000,0.527297,True,none
pedal_step_001537,pedal_step_event,pedal_to_throttle_delay,trip_0053,trip_0053_seg_002,2018-02-23 16:42:27+00:00,906,41.350000,,,False,duplicate_or_overlapping_event
pedal_step_001538,pedal_step_event,pedal_to_throttle_delay,trip_0053,trip_0053_seg_002,2018-02-23 16:44:31+00:00,1030,36.250000,0.000000,0.812804,True,none
pedal_step_001539,pedal_step_event,pedal_to_throttle_delay,trip_0053,trip_0053_seg_002,2018-02-23 16:46:31+00:00,1150,29.200000,,,False,zero_variance
pedal_step_001540,pedal_step_event,pedal_to_throttle_delay,trip_0053,trip_0053_seg_002,2018-02-23 16:46:44+00:00,1163,25.900000,,,False,zero_variance
pedal_step_001541,pedal_step_event,pedal_to_throttle_delay,trip_0053,trip_0053_seg_002,2018-02-23 16:48:11+00:00,1250,23.350000,3.000000,0.596921,True,none
pedal_step_001542,pedal_step_event,pedal_to_throttle_delay,trip_0053,trip_0053_seg_002,2018-02-23 16:50:18+00:00,1377,23.550000,0.000000,0.671739,True,none
pedal_step_001543,pedal_step_event,pedal_to_throttle_delay,trip_0053,trip_0053_seg_002,2018-02-23 16:50:21+00:00,1380,22.150000,,,False,duplicate_or_overlapping_event
pedal_step_001544,pedal_step_event,pedal_to_throttle_delay,trip_0053,trip_0053_seg_002,2018-02-23 16:50:52+00:00,1411,21.200000,0.000000,0.752548,True,none
pedal_step_001545,pedal_step_event,pedal_to_throttle_delay,trip_0053,trip_0053_seg_002,2018-02-23 16:50:55+00:00,1414,20.200000,,,False,duplicate_or_overlapping_event
pedal_step_001546,pedal_step_event,pedal_to_throttle_delay,trip_0053,trip_0053_seg_002,2018-02-23 16:51:28+00:00,1447,41.200000,0.000000,0.973274,True,none
pedal_step_001547,pedal_step_event,pedal_to_throttle_delay,trip_0053,trip_0053_seg_002,2018-02-23 16:51:57+00:00,1476,21.550000,0.000000,0.623613,True,none
pedal_step_001548,pedal_step_event,pedal_to_throttle_delay,trip_0053,trip_0053_seg_002,2018-02-23 16:53:28+00:00,1567,21.800000,,0.207852,False,low_correlation
pedal_step_001549,pedal_step_event,pedal_to_throttle_delay,trip_0053,trip_0053_seg_002,2018-02-23 16:53:37+00:00,1576,32.200000,,,False,zero_variance
pedal_step_001550,pedal_step_event,pedal_to_throttle_delay,trip_0053,trip_0053_seg_002,2018-02-23 16:54:22+00:00,1621,36.300000,2.000000,0.560645,True,none
pedal_step_001551,pedal_step_event,pedal_to_throttle_delay,trip_0054,trip_0054_seg_001,2018-02-23 15:56:39+00:00,102,42.950000,1.000000,0.871880,True,none
pedal_step_001552,pedal_step_event,pedal_to_throttle_delay,trip_0054,trip_0054_seg_001,2018-02-23 15:57:12+00:00,135,20.150000,0.000000,0.631254,True,none
pedal_step_001553,pedal_step_event,pedal_to_throttle_delay,trip_0054,trip_0054_seg_001,2018-02-23 15:57:52+00:00,175,32.400000,2.000000,0.788418,True,none
pedal_step_001554,pedal_step_event,pedal_to_throttle_delay,trip_0054,trip_0054_seg_001,2018-02-23 15:58:59+00:00,242,40.800000,1.000000,0.664381,True,none
pedal_step_001555,pedal_step_event,pedal_to_throttle_delay,trip_0054,trip_0054_seg_001,2018-02-23 15:59:24+00:00,267,27.850000,1.000000,0.843055,True,none
pedal_step_001556,pedal_step_event,pedal_to_throttle_delay,trip_0054,trip_0054_seg_001,2018-02-23 16:00:39+00:00,342,22.950000,,,False,zero_variance
pedal_step_001557,pedal_step_event,pedal_to_throttle_delay,trip_0054,trip_0054_seg_001,2018-02-23 16:00:42+00:00,345,25.700000,,,False,duplicate_or_overlapping_event
pedal_step_001558,pedal_step_event,pedal_to_throttle_delay,trip_0054,trip_0054_seg_001,2018-02-23 16:01:20+00:00,383,31.000000,0.000000,0.673098,True,none
pedal_step_001559,pedal_step_event,pedal_to_throttle_delay,trip_0054,trip_0054_seg_001,2018-02-23 16:01:22+00:00,385,28.250000,,,False,duplicate_or_overlapping_event
pedal_step_001560,pedal_step_event,pedal_to_throttle_delay,trip_0054,trip_0054_seg_001,2018-02-23 16:01:56+00:00,419,38.050000,0.000000,0.855722,True,none
pedal_step_001561,pedal_step_event,pedal_to_throttle_delay,trip_0054,trip_0054_seg_001,2018-02-23 16:01:59+00:00,422,33.750000,,,False,duplicate_or_overlapping_event
pedal_step_001562,pedal_step_event,pedal_to_throttle_delay,trip_0054,trip_0054_seg_001,2018-02-23 16:03:03+00:00,486,29.250000,0.000000,0.944431,True,none
pedal_step_001563,pedal_step_event,pedal_to_throttle_delay,trip_0054,trip_0054_seg_001,2018-02-23 16:03:06+00:00,489,46.900000,,,False,duplicate_or_overlapping_event
pedal_step_001564,pedal_step_event,pedal_to_throttle_delay,trip_0054,trip_0054_seg_001,2018-02-23 16:03:09+00:00,492,30.800000,,,False,duplicate_or_overlapping_event
pedal_step_001565,pedal_step_event,pedal_to_throttle_delay,trip_0054,trip_0054_seg_001,2018-02-23 16:03:38+00:00,521,20.400000,,,False,zero_variance
pedal_step_001566,pedal_step_event,pedal_to_throttle_delay,trip_0054,trip_0054_seg_001,2018-02-23 16:04:15+00:00,558,26.050000,,,False,zero_variance
pedal_step_001567,pedal_step_event,pedal_to_throttle_delay,trip_0054,trip_0054_seg_001,2018-02-23 16:04:58+00:00,601,27.050000,0.000000,0.889694,True,none
pedal_step_001568,pedal_step_event,pedal_to_throttle_delay,trip_0054,trip_0054_seg_001,2018-02-23 16:05:12+00:00,615,29.200000,,,False,zero_variance
pedal_step_001569,pedal_step_event,pedal_to_throttle_delay,trip_0054,trip_0054_seg_001,2018-02-23 16:05:45+00:00,648,23.950000,0.000000,0.880763,True,none
pedal_step_001570,pedal_step_event,pedal_to_throttle_delay,trip_0054,trip_0054_seg_001,2018-02-23 16:05:53+00:00,656,23.150000,,,False,duplicate_or_overlapping_event
pedal_step_001571,pedal_step_event,pedal_to_throttle_delay,trip_0054,trip_0054_seg_001,2018-02-23 16:07:49+00:00,772,40.000000,,,False,zero_variance
pedal_step_001572,pedal_step_event,pedal_to_throttle_delay,trip_0054,trip_0054_seg_001,2018-02-23 16:11:58+00:00,1021,20.800000,,0.201464,False,low_correlation
pedal_step_001573,pedal_step_event,pedal_to_throttle_delay,trip_0055,trip_0055_seg_001,2018-02-26 20:07:57+00:00,112,23.150000,0.000000,0.656013,True,none
pedal_step_001574,pedal_step_event,pedal_to_throttle_delay,trip_0055,trip_0055_seg_001,2018-02-26 20:07:59+00:00,114,29.800000,,,False,duplicate_or_overlapping_event
pedal_step_001575,pedal_step_event,pedal_to_throttle_delay,trip_0055,trip_0055_seg_001,2018-02-26 20:08:39+00:00,154,21.600000,0.000000,0.983791,True,none
pedal_step_001576,pedal_step_event,pedal_to_throttle_delay,trip_0055,trip_0055_seg_001,2018-02-26 20:08:57+00:00,172,22.950000,3.000000,0.761336,True,none
pedal_step_001577,pedal_step_event,pedal_to_throttle_delay,trip_0055,trip_0055_seg_001,2018-02-26 20:10:23+00:00,258,39.400000,,,False,zero_variance
pedal_step_001578,pedal_step_event,pedal_to_throttle_delay,trip_0055,trip_0055_seg_001,2018-02-26 20:11:29+00:00,324,23.550000,,,False,zero_variance
pedal_step_001579,pedal_step_event,pedal_to_throttle_delay,trip_0055,trip_0055_seg_001,2018-02-26 20:12:18+00:00,373,44.300000,3.000000,0.740493,True,none
pedal_step_001580,pedal_step_event,pedal_to_throttle_delay,trip_0055,trip_0055_seg_001,2018-02-26 20:12:21+00:00,376,25.450000,,,False,duplicate_or_overlapping_event
pedal_step_001581,pedal_step_event,pedal_to_throttle_delay,trip_0055,trip_0055_seg_001,2018-02-26 20:13:46+00:00,461,26.050000,,0.276308,False,low_correlation
pedal_step_001582,pedal_step_event,pedal_to_throttle_delay,trip_0055,trip_0055_seg_001,2018-02-26 20:15:38+00:00,573,29.400000,,,False,zero_variance
pedal_step_001583,pedal_step_event,pedal_to_throttle_delay,trip_0055,trip_0055_seg_001,2018-02-26 20:16:08+00:00,603,41.950000,3.000000,0.926271,True,none
pedal_step_001584,pedal_step_event,pedal_to_throttle_delay,trip_0055,trip_0055_seg_001,2018-02-26 20:16:43+00:00,638,21.200000,0.000000,0.410152,True,none
pedal_step_001585,pedal_step_event,pedal_to_throttle_delay,trip_0055,trip_0055_seg_001,2018-02-26 20:16:54+00:00,649,25.100000,,0.224125,False,low_correlation
pedal_step_001586,pedal_step_event,pedal_to_throttle_delay,trip_0055,trip_0055_seg_001,2018-02-26 20:17:04+00:00,659,22.600000,,0.084619,False,low_correlation
pedal_step_001587,pedal_step_event,pedal_to_throttle_delay,trip_0055,trip_0055_seg_001,2018-02-26 20:17:13+00:00,668,44.700000,3.000000,0.945853,True,none
pedal_step_001588,pedal_step_event,pedal_to_throttle_delay,trip_0055,trip_0055_seg_001,2018-02-26 20:17:30+00:00,685,25.500000,,,False,zero_variance
pedal_step_001589,pedal_step_event,pedal_to_throttle_delay,trip_0055,trip_0055_seg_001,2018-02-26 20:17:44+00:00,699,26.300000,,0.249374,False,low_correlation
pedal_step_001590,pedal_step_event,pedal_to_throttle_delay,trip_0055,trip_0055_seg_001,2018-02-26 20:19:18+00:00,793,30.800000,2.000000,0.378279,True,none
pedal_step_001591,pedal_step_event,pedal_to_throttle_delay,trip_0055,trip_0055_seg_001,2018-02-26 20:19:44+00:00,819,36.300000,0.000000,0.320330,True,none
pedal_step_001592,pedal_step_event,pedal_to_throttle_delay,trip_0055,trip_0055_seg_001,2018-02-26 20:19:50+00:00,825,37.250000,,,False,duplicate_or_overlapping_event
pedal_step_001593,pedal_step_event,pedal_to_throttle_delay,trip_0056,trip_0056_seg_001,2018-02-26 06:16:26+00:00,32,29.000000,0.000000,0.613491,True,none
pedal_step_001594,pedal_step_event,pedal_to_throttle_delay,trip_0056,trip_0056_seg_001,2018-02-26 06:16:30+00:00,36,30.200000,,,False,duplicate_or_overlapping_event
pedal_step_001595,pedal_step_event,pedal_to_throttle_delay,trip_0056,trip_0056_seg_001,2018-02-26 06:16:45+00:00,51,21.950000,0.000000,0.576834,True,none
pedal_step_001596,pedal_step_event,pedal_to_throttle_delay,trip_0056,trip_0056_seg_001,2018-02-26 06:17:13+00:00,79,24.900000,2.000000,0.634319,True,none
pedal_step_001597,pedal_step_event,pedal_to_throttle_delay,trip_0056,trip_0056_seg_001,2018-02-26 06:17:16+00:00,82,48.450000,,,False,duplicate_or_overlapping_event
pedal_step_001598,pedal_step_event,pedal_to_throttle_delay,trip_0056,trip_0056_seg_001,2018-02-26 06:17:50+00:00,116,26.400000,3.000000,0.657254,True,none
pedal_step_001599,pedal_step_event,pedal_to_throttle_delay,trip_0056,trip_0056_seg_001,2018-02-26 06:18:17+00:00,143,27.650000,,,False,zero_variance
pedal_step_001600,pedal_step_event,pedal_to_throttle_delay,trip_0056,trip_0056_seg_001,2018-02-26 06:18:30+00:00,156,21.600000,,0.270640,False,low_correlation
pedal_step_001601,pedal_step_event,pedal_to_throttle_delay,trip_0056,trip_0056_seg_001,2018-02-26 06:18:52+00:00,178,20.800000,,,False,zero_variance
pedal_step_001602,pedal_step_event,pedal_to_throttle_delay,trip_0056,trip_0056_seg_001,2018-02-26 06:23:31+00:00,457,21.750000,,,False,zero_variance
pedal_step_001603,pedal_step_event,pedal_to_throttle_delay,trip_0056,trip_0056_seg_001,2018-02-26 06:23:43+00:00,469,22.350000,,,False,zero_variance
pedal_step_001604,pedal_step_event,pedal_to_throttle_delay,trip_0056,trip_0056_seg_001,2018-02-26 06:24:08+00:00,494,27.100000,0.000000,0.653986,True,none
pedal_step_001605,pedal_step_event,pedal_to_throttle_delay,trip_0056,trip_0056_seg_001,2018-02-26 06:24:13+00:00,499,20.550000,,,False,duplicate_or_overlapping_event
pedal_step_001606,pedal_step_event,pedal_to_throttle_delay,trip_0056,trip_0056_seg_001,2018-02-26 06:25:13+00:00,559,29.400000,3.000000,0.844284,True,none
pedal_step_001607,pedal_step_event,pedal_to_throttle_delay,trip_0056,trip_0056_seg_001,2018-02-26 06:35:04+00:00,1150,27.050000,0.000000,0.547524,True,none
pedal_step_001608,pedal_step_event,pedal_to_throttle_delay,trip_0056,trip_0056_seg_001,2018-02-26 06:35:30+00:00,1176,31.200000,0.000000,0.944216,True,none
pedal_step_001609,pedal_step_event,pedal_to_throttle_delay,trip_0056,trip_0056_seg_001,2018-02-26 06:36:06+00:00,1212,39.200000,0.000000,0.965539,True,none
pedal_step_001610,pedal_step_event,pedal_to_throttle_delay,trip_0056,trip_0056_seg_001,2018-02-26 06:38:35+00:00,1361,38.050000,,,False,zero_variance
pedal_step_001611,pedal_step_event,pedal_to_throttle_delay,trip_0056,trip_0056_seg_001,2018-02-26 06:48:37+00:00,1963,26.100000,,,False,zero_variance
pedal_step_001612,pedal_step_event,pedal_to_throttle_delay,trip_0056,trip_0056_seg_001,2018-02-26 06:48:44+00:00,1970,26.300000,,,False,duplicate_or_overlapping_event
pedal_step_001613,pedal_step_event,pedal_to_throttle_delay,trip_0056,trip_0056_seg_001,2018-02-26 06:52:32+00:00,2198,20.400000,,,False,zero_variance
pedal_step_001614,pedal_step_event,pedal_to_throttle_delay,trip_0056,trip_0056_seg_001,2018-02-26 06:53:53+00:00,2279,28.650000,,,False,zero_variance
pedal_step_001615,pedal_step_event,pedal_to_throttle_delay,trip_0056,trip_0056_seg_001,2018-02-26 06:53:54+00:00,2280,20.000000,,,False,duplicate_or_overlapping_event
pedal_step_001616,pedal_step_event,pedal_to_throttle_delay,trip_0056,trip_0056_seg_001,2018-02-26 06:54:22+00:00,2308,27.650000,,,False,zero_variance
pedal_step_001617,pedal_step_event,pedal_to_throttle_delay,trip_0056,trip_0056_seg_001,2018-02-26 06:56:04+00:00,2410,23.300000,,,False,zero_variance
pedal_step_001618,pedal_step_event,pedal_to_throttle_delay,trip_0056,trip_0056_seg_001,2018-02-26 06:56:27+00:00,2433,27.100000,,,False,zero_variance
pedal_step_001619,pedal_step_event,pedal_to_throttle_delay,trip_0056,trip_0056_seg_001,2018-02-26 06:56:42+00:00,2448,25.700000,,,False,zero_variance
pedal_step_001620,pedal_step_event,pedal_to_throttle_delay,trip_0056,trip_0056_seg_001,2018-02-26 06:58:49+00:00,2575,27.850000,0.000000,0.748121,True,none
pedal_step_001621,pedal_step_event,pedal_to_throttle_delay,trip_0056,trip_0056_seg_001,2018-02-26 06:58:57+00:00,2583,22.750000,,,False,duplicate_or_overlapping_event
pedal_step_001622,pedal_step_event,pedal_to_throttle_delay,trip_0056,trip_0056_seg_001,2018-02-26 07:00:39+00:00,2685,56.100000,,,False,zero_variance
pedal_step_001623,pedal_step_event,pedal_to_throttle_delay,trip_0056,trip_0056_seg_001,2018-02-26 07:02:26+00:00,2792,27.250000,,,False,zero_variance
pedal_step_001624,pedal_step_event,pedal_to_throttle_delay,trip_0056,trip_0056_seg_001,2018-02-26 07:02:50+00:00,2816,29.200000,,,False,zero_variance
pedal_step_001625,pedal_step_event,pedal_to_throttle_delay,trip_0056,trip_0056_seg_001,2018-02-26 07:04:27+00:00,2913,26.450000,,,False,zero_variance
pedal_step_001626,pedal_step_event,pedal_to_throttle_delay,trip_0056,trip_0056_seg_001,2018-02-26 07:05:13+00:00,2959,25.300000,,,False,zero_variance
pedal_step_001627,pedal_step_event,pedal_to_throttle_delay,trip_0056,trip_0056_seg_001,2018-02-26 07:08:16+00:00,3142,26.100000,,,False,zero_variance
pedal_step_001628,pedal_step_event,pedal_to_throttle_delay,trip_0056,trip_0056_seg_001,2018-02-26 07:15:29+00:00,3575,26.100000,1.000000,0.759471,True,none
pedal_step_001629,pedal_step_event,pedal_to_throttle_delay,trip_0056,trip_0056_seg_001,2018-02-26 07:16:51+00:00,3657,21.350000,0.000000,0.958452,True,none
pedal_step_001630,pedal_step_event,pedal_to_throttle_delay,trip_0056,trip_0056_seg_001,2018-02-26 07:18:09+00:00,3735,37.300000,0.000000,0.860425,True,none
pedal_step_001631,pedal_step_event,pedal_to_throttle_delay,trip_0056,trip_0056_seg_001,2018-02-26 07:18:28+00:00,3754,22.800000,,,False,zero_variance
pedal_step_001632,pedal_step_event,pedal_to_throttle_delay,trip_0056,trip_0056_seg_001,2018-02-26 07:20:44+00:00,3890,34.100000,0.000000,0.668067,True,none
pedal_step_001633,pedal_step_event,pedal_to_throttle_delay,trip_0056,trip_0056_seg_001,2018-02-26 07:21:24+00:00,3930,20.750000,0.000000,0.499511,True,none
pedal_step_001634,pedal_step_event,pedal_to_throttle_delay,trip_0056,trip_0056_seg_001,2018-02-26 07:21:44+00:00,3950,25.500000,,0.041256,False,low_correlation
pedal_step_001635,pedal_step_event,pedal_to_throttle_delay,trip_0056,trip_0056_seg_001,2018-02-26 07:22:27+00:00,3993,21.400000,0.000000,0.683865,True,none
pedal_step_001636,pedal_step_event,pedal_to_throttle_delay,trip_0056,trip_0056_seg_001,2018-02-26 07:22:29+00:00,3995,29.050000,,,False,duplicate_or_overlapping_event
pedal_step_001637,pedal_step_event,pedal_to_throttle_delay,trip_0056,trip_0056_seg_001,2018-02-26 07:22:32+00:00,3998,23.900000,,,False,duplicate_or_overlapping_event
pedal_step_001638,pedal_step_event,pedal_to_throttle_delay,trip_0056,trip_0056_seg_001,2018-02-26 07:23:55+00:00,4081,20.950000,2.000000,0.453151,True,none
pedal_step_001639,pedal_step_event,pedal_to_throttle_delay,trip_0056,trip_0056_seg_001,2018-02-26 07:31:34+00:00,4540,20.800000,0.000000,0.595606,True,none
pedal_step_001640,pedal_step_event,pedal_to_throttle_delay,trip_0057,trip_0057_seg_001,2018-02-26 05:55:49+00:00,67,20.800000,1.000000,0.778958,True,none
pedal_step_001641,pedal_step_event,pedal_to_throttle_delay,trip_0057,trip_0057_seg_001,2018-02-26 05:56:17+00:00,95,23.150000,1.000000,0.882005,True,none
pedal_step_001642,pedal_step_event,pedal_to_throttle_delay,trip_0057,trip_0057_seg_001,2018-02-26 05:57:13+00:00,151,24.100000,0.000000,0.787326,True,none
pedal_step_001643,pedal_step_event,pedal_to_throttle_delay,trip_0057,trip_0057_seg_001,2018-02-26 05:57:15+00:00,153,23.950000,,,False,duplicate_or_overlapping_event
pedal_step_001644,pedal_step_event,pedal_to_throttle_delay,trip_0057,trip_0057_seg_001,2018-02-26 05:57:18+00:00,156,21.800000,,,False,duplicate_or_overlapping_event
pedal_step_001645,pedal_step_event,pedal_to_throttle_delay,trip_0057,trip_0057_seg_001,2018-02-26 05:58:00+00:00,198,29.400000,0.000000,0.984412,True,none
pedal_step_001646,pedal_step_event,pedal_to_throttle_delay,trip_0057,trip_0057_seg_001,2018-02-26 05:58:40+00:00,238,22.150000,1.000000,0.383674,True,none
pedal_step_001647,pedal_step_event,pedal_to_throttle_delay,trip_0057,trip_0057_seg_001,2018-02-26 05:58:53+00:00,251,24.950000,1.000000,0.980448,True,none
pedal_step_001648,pedal_step_event,pedal_to_throttle_delay,trip_0057,trip_0057_seg_001,2018-02-26 06:00:58+00:00,376,29.600000,0.000000,0.787883,True,none
pedal_step_001649,pedal_step_event,pedal_to_throttle_delay,trip_0057,trip_0057_seg_001,2018-02-26 06:01:13+00:00,391,20.750000,0.000000,0.759710,True,none
pedal_step_001650,pedal_step_event,pedal_to_throttle_delay,trip_0057,trip_0057_seg_001,2018-02-26 06:01:18+00:00,396,20.200000,,,False,duplicate_or_overlapping_event
pedal_step_001651,pedal_step_event,pedal_to_throttle_delay,trip_0057,trip_0057_seg_001,2018-02-26 06:02:39+00:00,477,22.800000,0.000000,0.656949,True,none
pedal_step_001652,pedal_step_event,pedal_to_throttle_delay,trip_0057,trip_0057_seg_001,2018-02-26 06:02:42+00:00,480,35.500000,,,False,duplicate_or_overlapping_event
pedal_step_001653,pedal_step_event,pedal_to_throttle_delay,trip_0057,trip_0057_seg_001,2018-02-26 06:02:46+00:00,484,41.950000,,,False,duplicate_or_overlapping_event
pedal_step_001654,pedal_step_event,pedal_to_throttle_delay,trip_0057,trip_0057_seg_001,2018-02-26 06:02:51+00:00,489,50.800000,,,False,zero_variance
pedal_step_001655,pedal_step_event,pedal_to_throttle_delay,trip_0057,trip_0057_seg_001,2018-02-26 06:02:59+00:00,497,41.750000,,,False,duplicate_or_overlapping_event
pedal_step_001656,pedal_step_event,pedal_to_throttle_delay,trip_0057,trip_0057_seg_001,2018-02-26 06:10:03+00:00,921,24.750000,1.000000,0.308570,True,none
pedal_step_001657,pedal_step_event,pedal_to_throttle_delay,trip_0057,trip_0057_seg_001,2018-02-26 06:10:07+00:00,925,40.600000,,,False,duplicate_or_overlapping_event
pedal_step_001658,pedal_step_event,pedal_to_throttle_delay,trip_0057,trip_0057_seg_001,2018-02-26 06:10:12+00:00,930,21.600000,0.000000,0.447644,True,none
pedal_step_001659,pedal_step_event,pedal_to_throttle_delay,trip_0057,trip_0057_seg_001,2018-02-26 06:10:38+00:00,956,32.150000,0.000000,0.795358,True,none
pedal_step_001660,pedal_step_event,pedal_to_throttle_delay,trip_0058,trip_0058_seg_001,2018-02-27 07:20:02+00:00,147,26.650000,1.000000,0.517947,True,none
pedal_step_001661,pedal_step_event,pedal_to_throttle_delay,trip_0058,trip_0058_seg_001,2018-02-27 07:20:05+00:00,150,21.800000,,,False,duplicate_or_overlapping_event
pedal_step_001662,pedal_step_event,pedal_to_throttle_delay,trip_0058,trip_0058_seg_001,2018-02-27 07:21:00+00:00,205,22.750000,,,False,zero_variance
pedal_step_001663,pedal_step_event,pedal_to_throttle_delay,trip_0058,trip_0058_seg_001,2018-02-27 07:21:03+00:00,208,24.950000,,,False,duplicate_or_overlapping_event
pedal_step_001664,pedal_step_event,pedal_to_throttle_delay,trip_0058,trip_0058_seg_001,2018-02-27 07:21:20+00:00,225,27.700000,0.000000,0.856990,True,none
pedal_step_001665,pedal_step_event,pedal_to_throttle_delay,trip_0058,trip_0058_seg_001,2018-02-27 07:22:12+00:00,277,23.350000,0.000000,0.486112,True,none
pedal_step_001666,pedal_step_event,pedal_to_throttle_delay,trip_0058,trip_0058_seg_001,2018-02-27 07:22:54+00:00,319,27.650000,1.000000,0.772356,True,none
pedal_step_001667,pedal_step_event,pedal_to_throttle_delay,trip_0058,trip_0058_seg_001,2018-02-27 07:23:14+00:00,339,28.500000,0.000000,0.669739,True,none
pedal_step_001668,pedal_step_event,pedal_to_throttle_delay,trip_0058,trip_0058_seg_001,2018-02-27 07:23:19+00:00,344,22.200000,,,False,duplicate_or_overlapping_event
pedal_step_001669,pedal_step_event,pedal_to_throttle_delay,trip_0058,trip_0058_seg_001,2018-02-27 07:24:12+00:00,397,23.900000,0.000000,0.630773,True,none
pedal_step_001670,pedal_step_event,pedal_to_throttle_delay,trip_0058,trip_0058_seg_001,2018-02-27 07:24:15+00:00,400,38.850000,,,False,duplicate_or_overlapping_event
pedal_step_001671,pedal_step_event,pedal_to_throttle_delay,trip_0058,trip_0058_seg_001,2018-02-27 07:24:20+00:00,405,42.950000,,,False,duplicate_or_overlapping_event
pedal_step_001672,pedal_step_event,pedal_to_throttle_delay,trip_0058,trip_0058_seg_001,2018-02-27 07:24:37+00:00,422,21.400000,0.000000,0.899446,True,none
pedal_step_001673,pedal_step_event,pedal_to_throttle_delay,trip_0058,trip_0058_seg_001,2018-02-27 07:27:35+00:00,600,35.450000,0.000000,0.916563,True,none
pedal_step_001674,pedal_step_event,pedal_to_throttle_delay,trip_0058,trip_0058_seg_001,2018-02-27 07:29:23+00:00,708,22.150000,0.000000,0.740297,True,none
pedal_step_001675,pedal_step_event,pedal_to_throttle_delay,trip_0058,trip_0058_seg_001,2018-02-27 07:29:26+00:00,711,30.400000,,,False,duplicate_or_overlapping_event
pedal_step_001676,pedal_step_event,pedal_to_throttle_delay,trip_0058,trip_0058_seg_001,2018-02-27 07:29:32+00:00,717,28.200000,0.000000,0.971421,True,none
pedal_step_001677,pedal_step_event,pedal_to_throttle_delay,trip_0058,trip_0058_seg_001,2018-02-27 07:30:44+00:00,789,33.750000,,,False,zero_variance
pedal_step_001678,pedal_step_event,pedal_to_throttle_delay,trip_0058,trip_0058_seg_001,2018-02-27 07:31:45+00:00,850,25.100000,0.000000,0.428837,True,none
pedal_step_001679,pedal_step_event,pedal_to_throttle_delay,trip_0058,trip_0058_seg_001,2018-02-27 07:38:20+00:00,1245,25.100000,1.000000,0.555739,True,none
pedal_step_001680,pedal_step_event,pedal_to_throttle_delay,trip_0058,trip_0058_seg_001,2018-02-27 07:40:14+00:00,1359,20.750000,3.000000,0.788983,True,none
pedal_step_001681,pedal_step_event,pedal_to_throttle_delay,trip_0058,trip_0058_seg_001,2018-02-27 07:40:16+00:00,1361,28.650000,,,False,duplicate_or_overlapping_event
pedal_step_001682,pedal_step_event,pedal_to_throttle_delay,trip_0058,trip_0058_seg_001,2018-02-27 07:41:01+00:00,1406,22.350000,0.000000,0.552131,True,none
pedal_step_001683,pedal_step_event,pedal_to_throttle_delay,trip_0059,trip_0059_seg_001,2018-02-27 17:25:20+00:00,98,22.150000,0.000000,0.789985,True,none
pedal_step_001684,pedal_step_event,pedal_to_throttle_delay,trip_0059,trip_0059_seg_001,2018-02-27 17:26:26+00:00,164,20.200000,1.000000,0.726840,True,none
pedal_step_001685,pedal_step_event,pedal_to_throttle_delay,trip_0059,trip_0059_seg_001,2018-02-27 17:26:40+00:00,178,20.400000,0.000000,0.717414,True,none
pedal_step_001686,pedal_step_event,pedal_to_throttle_delay,trip_0059,trip_0059_seg_001,2018-02-27 17:27:22+00:00,220,25.750000,0.000000,0.689223,True,none
pedal_step_001687,pedal_step_event,pedal_to_throttle_delay,trip_0059,trip_0059_seg_001,2018-02-27 17:32:28+00:00,526,21.350000,,,False,zero_variance
pedal_step_001688,pedal_step_event,pedal_to_throttle_delay,trip_0059,trip_0059_seg_001,2018-02-27 17:34:17+00:00,635,22.400000,,,False,zero_variance
pedal_step_001689,pedal_step_event,pedal_to_throttle_delay,trip_0059,trip_0059_seg_001,2018-02-27 17:35:12+00:00,690,31.950000,2.000000,0.350702,True,none
pedal_step_001690,pedal_step_event,pedal_to_throttle_delay,trip_0059,trip_0059_seg_001,2018-02-27 17:35:30+00:00,708,25.300000,,,False,zero_variance
pedal_step_001691,pedal_step_event,pedal_to_throttle_delay,trip_0059,trip_0059_seg_001,2018-02-27 17:36:35+00:00,773,29.050000,1.000000,0.929235,True,none
pedal_step_001692,pedal_step_event,pedal_to_throttle_delay,trip_0059,trip_0059_seg_001,2018-02-27 17:37:36+00:00,834,25.900000,,,False,zero_variance
pedal_step_001693,pedal_step_event,pedal_to_throttle_delay,trip_0059,trip_0059_seg_001,2018-02-27 17:38:48+00:00,906,22.350000,,,False,zero_variance
pedal_step_001694,pedal_step_event,pedal_to_throttle_delay,trip_0059,trip_0059_seg_001,2018-02-27 17:45:33+00:00,1311,20.800000,,,False,zero_variance
pedal_step_001695,pedal_step_event,pedal_to_throttle_delay,trip_0059,trip_0059_seg_001,2018-02-27 17:45:55+00:00,1333,24.900000,,,False,zero_variance
pedal_step_001696,pedal_step_event,pedal_to_throttle_delay,trip_0059,trip_0059_seg_001,2018-02-27 17:45:57+00:00,1335,23.000000,,,False,duplicate_or_overlapping_event
pedal_step_001697,pedal_step_event,pedal_to_throttle_delay,trip_0059,trip_0059_seg_001,2018-02-27 17:46:03+00:00,1341,31.400000,,,False,duplicate_or_overlapping_event
pedal_step_001698,pedal_step_event,pedal_to_throttle_delay,trip_0059,trip_0059_seg_001,2018-02-27 17:46:17+00:00,1355,43.950000,1.000000,0.499637,True,none
pedal_step_001699,pedal_step_event,pedal_to_throttle_delay,trip_0059,trip_0059_seg_001,2018-02-27 17:47:30+00:00,1428,46.700000,,,False,zero_variance
pedal_step_001700,pedal_step_event,pedal_to_throttle_delay,trip_0059,trip_0059_seg_001,2018-02-27 17:47:44+00:00,1442,20.000000,,,False,zero_variance
pedal_step_001701,pedal_step_event,pedal_to_throttle_delay,trip_0059,trip_0059_seg_001,2018-02-27 17:49:04+00:00,1522,30.600000,,,False,zero_variance
pedal_step_001702,pedal_step_event,pedal_to_throttle_delay,trip_0059,trip_0059_seg_001,2018-02-27 17:49:43+00:00,1561,20.750000,,,False,zero_variance
pedal_step_001703,pedal_step_event,pedal_to_throttle_delay,trip_0059,trip_0059_seg_001,2018-02-27 17:50:14+00:00,1592,22.000000,,,False,zero_variance
pedal_step_001704,pedal_step_event,pedal_to_throttle_delay,trip_0059,trip_0059_seg_001,2018-02-27 17:52:35+00:00,1733,33.750000,,,False,zero_variance
pedal_step_001705,pedal_step_event,pedal_to_throttle_delay,trip_0059,trip_0059_seg_001,2018-02-27 17:53:08+00:00,1766,53.950000,,,False,zero_variance
pedal_step_001706,pedal_step_event,pedal_to_throttle_delay,trip_0059,trip_0059_seg_001,2018-02-27 17:56:24+00:00,1962,20.400000,,,False,zero_variance
pedal_step_001707,pedal_step_event,pedal_to_throttle_delay,trip_0059,trip_0059_seg_001,2018-02-27 17:57:08+00:00,2006,21.500000,,,False,zero_variance
pedal_step_001708,pedal_step_event,pedal_to_throttle_delay,trip_0059,trip_0059_seg_001,2018-02-27 17:57:42+00:00,2040,23.350000,,,False,zero_variance
pedal_step_001709,pedal_step_event,pedal_to_throttle_delay,trip_0059,trip_0059_seg_001,2018-02-27 17:58:04+00:00,2062,23.550000,,,False,zero_variance
pedal_step_001710,pedal_step_event,pedal_to_throttle_delay,trip_0059,trip_0059_seg_001,2018-02-27 17:59:03+00:00,2121,40.800000,,,False,zero_variance
pedal_step_001711,pedal_step_event,pedal_to_throttle_delay,trip_0059,trip_0059_seg_001,2018-02-27 18:00:31+00:00,2209,23.300000,,,False,zero_variance
pedal_step_001712,pedal_step_event,pedal_to_throttle_delay,trip_0059,trip_0059_seg_001,2018-02-27 18:00:43+00:00,2221,22.000000,,,False,zero_variance
pedal_step_001713,pedal_step_event,pedal_to_throttle_delay,trip_0059,trip_0059_seg_001,2018-02-27 18:00:46+00:00,2224,33.250000,,,False,duplicate_or_overlapping_event
pedal_step_001714,pedal_step_event,pedal_to_throttle_delay,trip_0059,trip_0059_seg_001,2018-02-27 18:08:46+00:00,2704,44.700000,,,False,zero_variance
pedal_step_001715,pedal_step_event,pedal_to_throttle_delay,trip_0059,trip_0059_seg_001,2018-02-27 18:12:17+00:00,2915,23.500000,,,False,zero_variance
pedal_step_001716,pedal_step_event,pedal_to_throttle_delay,trip_0059,trip_0059_seg_001,2018-02-27 18:15:47+00:00,3125,29.400000,0.000000,0.924128,True,none
pedal_step_001717,pedal_step_event,pedal_to_throttle_delay,trip_0059,trip_0059_seg_001,2018-02-27 18:17:06+00:00,3204,32.550000,0.000000,0.333702,True,none
pedal_step_001718,pedal_step_event,pedal_to_throttle_delay,trip_0059,trip_0059_seg_001,2018-02-27 18:17:30+00:00,3228,22.550000,2.000000,0.469970,True,none
pedal_step_001719,pedal_step_event,pedal_to_throttle_delay,trip_0059,trip_0059_seg_001,2018-02-27 18:18:31+00:00,3289,21.800000,,,False,zero_variance
pedal_step_001720,pedal_step_event,pedal_to_throttle_delay,trip_0059,trip_0059_seg_001,2018-02-27 18:30:45+00:00,4023,34.750000,2.000000,0.830347,True,none
pedal_step_001721,pedal_step_event,pedal_to_throttle_delay,trip_0059,trip_0059_seg_001,2018-02-27 18:31:30+00:00,4068,20.600000,1.000000,0.753870,True,none
pedal_step_001722,pedal_step_event,pedal_to_throttle_delay,trip_0059,trip_0059_seg_001,2018-02-27 18:31:33+00:00,4071,24.700000,,,False,duplicate_or_overlapping_event
pedal_step_001723,pedal_step_event,pedal_to_throttle_delay,trip_0059,trip_0059_seg_001,2018-02-27 18:32:34+00:00,4132,31.550000,,,False,zero_variance
pedal_step_001724,pedal_step_event,pedal_to_throttle_delay,trip_0059,trip_0059_seg_001,2018-02-27 18:33:02+00:00,4160,20.800000,,,False,zero_variance
pedal_step_001725,pedal_step_event,pedal_to_throttle_delay,trip_0059,trip_0059_seg_001,2018-02-27 18:33:30+00:00,4188,23.350000,1.000000,0.536013,True,none
pedal_step_001726,pedal_step_event,pedal_to_throttle_delay,trip_0059,trip_0059_seg_001,2018-02-27 18:35:34+00:00,4312,20.600000,,0.213297,False,low_correlation
pedal_step_001727,pedal_step_event,pedal_to_throttle_delay,trip_0060,trip_0060_seg_001,2018-02-28 06:05:40+00:00,102,22.350000,0.000000,0.834062,True,none
pedal_step_001728,pedal_step_event,pedal_to_throttle_delay,trip_0060,trip_0060_seg_001,2018-02-28 06:07:04+00:00,186,20.550000,0.000000,0.761246,True,none
pedal_step_001729,pedal_step_event,pedal_to_throttle_delay,trip_0060,trip_0060_seg_001,2018-02-28 06:08:03+00:00,245,30.800000,0.000000,0.343496,True,none
pedal_step_001730,pedal_step_event,pedal_to_throttle_delay,trip_0060,trip_0060_seg_001,2018-02-28 06:08:07+00:00,249,28.050000,,,False,duplicate_or_overlapping_event
pedal_step_001731,pedal_step_event,pedal_to_throttle_delay,trip_0060,trip_0060_seg_001,2018-02-28 06:10:14+00:00,376,36.700000,3.000000,0.572084,True,none
pedal_step_001732,pedal_step_event,pedal_to_throttle_delay,trip_0060,trip_0060_seg_001,2018-02-28 06:10:45+00:00,407,31.000000,,0.205239,False,low_correlation
pedal_step_001733,pedal_step_event,pedal_to_throttle_delay,trip_0060,trip_0060_seg_001,2018-02-28 06:12:42+00:00,524,26.650000,,-0.069545,False,low_correlation
pedal_step_001734,pedal_step_event,pedal_to_throttle_delay,trip_0060,trip_0060_seg_001,2018-02-28 06:13:40+00:00,582,23.350000,,,False,zero_variance
pedal_step_001735,pedal_step_event,pedal_to_throttle_delay,trip_0060,trip_0060_seg_001,2018-02-28 06:16:57+00:00,779,33.750000,,,False,zero_variance
pedal_step_001736,pedal_step_event,pedal_to_throttle_delay,trip_0060,trip_0060_seg_001,2018-02-28 06:21:59+00:00,1081,27.850000,,,False,zero_variance
pedal_step_001737,pedal_step_event,pedal_to_throttle_delay,trip_0060,trip_0060_seg_001,2018-02-28 06:22:10+00:00,1092,23.150000,,,False,zero_variance
pedal_step_001738,pedal_step_event,pedal_to_throttle_delay,trip_0060,trip_0060_seg_001,2018-02-28 06:22:53+00:00,1135,20.950000,,,False,zero_variance
pedal_step_001739,pedal_step_event,pedal_to_throttle_delay,trip_0060,trip_0060_seg_001,2018-02-28 06:28:51+00:00,1493,27.450000,,,False,zero_variance
pedal_step_001740,pedal_step_event,pedal_to_throttle_delay,trip_0060,trip_0060_seg_001,2018-02-28 06:29:17+00:00,1519,33.900000,0.000000,0.927970,True,none
pedal_step_001741,pedal_step_event,pedal_to_throttle_delay,trip_0060,trip_0060_seg_001,2018-02-28 06:32:35+00:00,1717,23.700000,,,False,zero_variance
pedal_step_001742,pedal_step_event,pedal_to_throttle_delay,trip_0060,trip_0060_seg_001,2018-02-28 06:38:53+00:00,2095,25.450000,0.000000,0.775852,True,none
pedal_step_001743,pedal_step_event,pedal_to_throttle_delay,trip_0060,trip_0060_seg_001,2018-02-28 06:39:22+00:00,2124,22.800000,1.000000,0.770968,True,none
pedal_step_001744,pedal_step_event,pedal_to_throttle_delay,trip_0060,trip_0060_seg_001,2018-02-28 06:40:55+00:00,2217,30.400000,,,False,zero_variance
pedal_step_001745,pedal_step_event,pedal_to_throttle_delay,trip_0060,trip_0060_seg_001,2018-02-28 06:48:27+00:00,2669,45.350000,,,False,zero_variance
pedal_step_001746,pedal_step_event,pedal_to_throttle_delay,trip_0060,trip_0060_seg_001,2018-02-28 06:49:51+00:00,2753,20.400000,,,False,zero_variance
pedal_step_001747,pedal_step_event,pedal_to_throttle_delay,trip_0060,trip_0060_seg_001,2018-02-28 06:54:21+00:00,3023,22.900000,1.000000,0.640523,True,none
pedal_step_001748,pedal_step_event,pedal_to_throttle_delay,trip_0060,trip_0060_seg_001,2018-02-28 06:56:07+00:00,3129,28.450000,3.000000,0.465620,True,none
pedal_step_001749,pedal_step_event,pedal_to_throttle_delay,trip_0060,trip_0060_seg_001,2018-02-28 06:57:44+00:00,3226,31.800000,1.000000,0.850733,True,none
pedal_step_001750,pedal_step_event,pedal_to_throttle_delay,trip_0061,trip_0061_seg_001,2018-02-28 15:54:25+00:00,161,21.200000,1.000000,0.941844,True,none
pedal_step_001751,pedal_step_event,pedal_to_throttle_delay,trip_0061,trip_0061_seg_001,2018-02-28 15:54:48+00:00,184,41.400000,1.000000,0.929809,True,none
pedal_step_001752,pedal_step_event,pedal_to_throttle_delay,trip_0061,trip_0061_seg_001,2018-02-28 15:55:11+00:00,207,24.500000,0.000000,0.637334,True,none
pedal_step_001753,pedal_step_event,pedal_to_throttle_delay,trip_0061,trip_0061_seg_001,2018-02-28 15:56:00+00:00,256,24.300000,0.000000,0.332093,True,none
pedal_step_001754,pedal_step_event,pedal_to_throttle_delay,trip_0061,trip_0061_seg_001,2018-02-28 15:57:09+00:00,325,34.900000,3.000000,0.689765,True,none
pedal_step_001755,pedal_step_event,pedal_to_throttle_delay,trip_0061,trip_0061_seg_001,2018-02-28 15:57:55+00:00,371,37.700000,3.000000,0.801310,True,none
pedal_step_001756,pedal_step_event,pedal_to_throttle_delay,trip_0061,trip_0061_seg_001,2018-02-28 15:59:16+00:00,452,47.100000,3.000000,0.845015,True,none
pedal_step_001757,pedal_step_event,pedal_to_throttle_delay,trip_0061,trip_0061_seg_001,2018-02-28 16:00:44+00:00,540,21.600000,0.000000,0.716693,True,none
pedal_step_001758,pedal_step_event,pedal_to_throttle_delay,trip_0061,trip_0061_seg_001,2018-02-28 16:01:27+00:00,583,21.400000,0.000000,0.713775,True,none
pedal_step_001759,pedal_step_event,pedal_to_throttle_delay,trip_0061,trip_0061_seg_001,2018-02-28 16:01:45+00:00,601,20.700000,0.000000,0.548791,True,none
pedal_step_001760,pedal_step_event,pedal_to_throttle_delay,trip_0061,trip_0061_seg_001,2018-02-28 16:06:38+00:00,894,35.100000,0.000000,0.844715,True,none
pedal_step_001761,pedal_step_event,pedal_to_throttle_delay,trip_0061,trip_0061_seg_001,2018-02-28 16:11:04+00:00,1160,23.900000,0.000000,0.598962,True,none
pedal_step_001762,pedal_step_event,pedal_to_throttle_delay,trip_0061,trip_0061_seg_001,2018-02-28 16:11:10+00:00,1166,25.300000,,,False,duplicate_or_overlapping_event
pedal_step_001763,pedal_step_event,pedal_to_throttle_delay,trip_0061,trip_0061_seg_001,2018-02-28 16:12:41+00:00,1257,30.350000,0.000000,0.798428,True,none
pedal_step_001764,pedal_step_event,pedal_to_throttle_delay,trip_0061,trip_0061_seg_001,2018-02-28 16:13:45+00:00,1321,31.000000,0.000000,0.481304,True,none
pedal_step_001765,pedal_step_event,pedal_to_throttle_delay,trip_0061,trip_0061_seg_001,2018-02-28 16:15:24+00:00,1420,20.000000,,,False,zero_variance
pedal_step_001766,pedal_step_event,pedal_to_throttle_delay,trip_0061,trip_0061_seg_001,2018-02-28 16:15:33+00:00,1429,22.800000,,,False,zero_variance
pedal_step_001767,pedal_step_event,pedal_to_throttle_delay,trip_0061,trip_0061_seg_001,2018-02-28 16:16:43+00:00,1499,38.800000,0.000000,0.311156,True,none
pedal_step_001768,pedal_step_event,pedal_to_throttle_delay,trip_0061,trip_0061_seg_001,2018-02-28 16:17:53+00:00,1569,25.100000,,,False,zero_variance
pedal_step_001769,pedal_step_event,pedal_to_throttle_delay,trip_0061,trip_0061_seg_001,2018-02-28 16:19:38+00:00,1674,22.200000,,,False,zero_variance
pedal_step_001770,pedal_step_event,pedal_to_throttle_delay,trip_0061,trip_0061_seg_001,2018-02-28 16:19:47+00:00,1683,26.500000,,,False,zero_variance
pedal_step_001771,pedal_step_event,pedal_to_throttle_delay,trip_0061,trip_0061_seg_001,2018-02-28 16:19:56+00:00,1692,24.300000,0.000000,0.585781,True,none
pedal_step_001772,pedal_step_event,pedal_to_throttle_delay,trip_0061,trip_0061_seg_001,2018-02-28 16:22:30+00:00,1846,40.600000,,,False,zero_variance
pedal_step_001773,pedal_step_event,pedal_to_throttle_delay,trip_0061,trip_0061_seg_001,2018-02-28 16:24:27+00:00,1963,28.050000,,,False,zero_variance
pedal_step_001774,pedal_step_event,pedal_to_throttle_delay,trip_0061,trip_0061_seg_001,2018-02-28 16:24:51+00:00,1987,40.000000,,,False,zero_variance
pedal_step_001775,pedal_step_event,pedal_to_throttle_delay,trip_0061,trip_0061_seg_001,2018-02-28 16:25:39+00:00,2035,44.700000,,,False,zero_variance
pedal_step_001776,pedal_step_event,pedal_to_throttle_delay,trip_0061,trip_0061_seg_001,2018-02-28 16:32:39+00:00,2455,28.850000,0.000000,0.839782,True,none
pedal_step_001777,pedal_step_event,pedal_to_throttle_delay,trip_0061,trip_0061_seg_001,2018-02-28 16:33:02+00:00,2478,21.750000,3.000000,0.635591,True,none
pedal_step_001778,pedal_step_event,pedal_to_throttle_delay,trip_0061,trip_0061_seg_001,2018-02-28 16:33:04+00:00,2480,32.550000,,,False,duplicate_or_overlapping_event
pedal_step_001779,pedal_step_event,pedal_to_throttle_delay,trip_0061,trip_0061_seg_001,2018-02-28 16:33:07+00:00,2483,29.050000,,,False,duplicate_or_overlapping_event
pedal_step_001780,pedal_step_event,pedal_to_throttle_delay,trip_0061,trip_0061_seg_001,2018-02-28 16:34:40+00:00,2576,22.550000,0.000000,0.807519,True,none
pedal_step_001781,pedal_step_event,pedal_to_throttle_delay,trip_0061,trip_0061_seg_001,2018-02-28 16:35:31+00:00,2627,24.900000,2.000000,0.310959,True,none
pedal_step_001782,pedal_step_event,pedal_to_throttle_delay,trip_0061,trip_0061_seg_001,2018-02-28 16:35:34+00:00,2630,21.350000,,,False,duplicate_or_overlapping_event
pedal_step_001783,pedal_step_event,pedal_to_throttle_delay,trip_0061,trip_0061_seg_001,2018-02-28 16:35:45+00:00,2641,24.950000,,,False,zero_variance
pedal_step_001784,pedal_step_event,pedal_to_throttle_delay,trip_0062,trip_0062_seg_001,2018-03-01 06:00:04+00:00,76,20.200000,0.000000,0.597569,True,none
pedal_step_001785,pedal_step_event,pedal_to_throttle_delay,trip_0062,trip_0062_seg_001,2018-03-01 06:01:09+00:00,141,32.400000,0.000000,0.943972,True,none
pedal_step_001786,pedal_step_event,pedal_to_throttle_delay,trip_0062,trip_0062_seg_001,2018-03-01 06:01:35+00:00,167,27.650000,0.000000,0.329304,True,none
pedal_step_001787,pedal_step_event,pedal_to_throttle_delay,trip_0062,trip_0062_seg_001,2018-03-01 06:01:42+00:00,174,24.750000,,,False,duplicate_or_overlapping_event
pedal_step_001788,pedal_step_event,pedal_to_throttle_delay,trip_0062,trip_0062_seg_001,2018-03-01 06:02:30+00:00,222,42.950000,0.000000,0.925009,True,none
pedal_step_001789,pedal_step_event,pedal_to_throttle_delay,trip_0062,trip_0062_seg_001,2018-03-01 06:02:33+00:00,225,25.100000,,,False,duplicate_or_overlapping_event
pedal_step_001790,pedal_step_event,pedal_to_throttle_delay,trip_0062,trip_0062_seg_001,2018-03-01 06:02:36+00:00,228,25.500000,,,False,duplicate_or_overlapping_event
pedal_step_001791,pedal_step_event,pedal_to_throttle_delay,trip_0062,trip_0062_seg_001,2018-03-01 06:04:02+00:00,314,25.300000,0.000000,0.583185,True,none
pedal_step_001792,pedal_step_event,pedal_to_throttle_delay,trip_0062,trip_0062_seg_001,2018-03-01 06:04:06+00:00,318,39.450000,,,False,duplicate_or_overlapping_event
pedal_step_001793,pedal_step_event,pedal_to_throttle_delay,trip_0062,trip_0062_seg_001,2018-03-01 06:04:13+00:00,325,23.150000,1.000000,0.415886,True,none
pedal_step_001794,pedal_step_event,pedal_to_throttle_delay,trip_0062,trip_0062_seg_001,2018-03-01 06:04:46+00:00,358,34.900000,0.000000,0.300931,True,none
pedal_step_001795,pedal_step_event,pedal_to_throttle_delay,trip_0062,trip_0062_seg_001,2018-03-01 06:04:51+00:00,363,24.150000,,,False,duplicate_or_overlapping_event
pedal_step_001796,pedal_step_event,pedal_to_throttle_delay,trip_0062,trip_0062_seg_001,2018-03-01 06:05:16+00:00,388,20.400000,,,False,zero_variance
pedal_step_001797,pedal_step_event,pedal_to_throttle_delay,trip_0062,trip_0062_seg_001,2018-03-01 06:06:02+00:00,434,38.000000,0.000000,0.541003,True,none
pedal_step_001798,pedal_step_event,pedal_to_throttle_delay,trip_0062,trip_0062_seg_001,2018-03-01 06:06:44+00:00,476,28.450000,,0.256768,False,low_correlation
pedal_step_001799,pedal_step_event,pedal_to_throttle_delay,trip_0062,trip_0062_seg_001,2018-03-01 06:06:48+00:00,480,54.700000,,,False,duplicate_or_overlapping_event
pedal_step_001800,pedal_step_event,pedal_to_throttle_delay,trip_0062,trip_0062_seg_001,2018-03-01 06:06:53+00:00,485,32.800000,,0.293713,False,low_correlation
pedal_step_001801,pedal_step_event,pedal_to_throttle_delay,trip_0062,trip_0062_seg_001,2018-03-01 06:09:12+00:00,624,21.200000,,,False,zero_variance
pedal_step_001802,pedal_step_event,pedal_to_throttle_delay,trip_0062,trip_0062_seg_001,2018-03-01 06:09:19+00:00,631,24.750000,,,False,duplicate_or_overlapping_event
pedal_step_001803,pedal_step_event,pedal_to_throttle_delay,trip_0062,trip_0062_seg_001,2018-03-01 06:09:54+00:00,666,22.900000,,,False,zero_variance
pedal_step_001804,pedal_step_event,pedal_to_throttle_delay,trip_0062,trip_0062_seg_001,2018-03-01 06:10:45+00:00,717,44.300000,,,False,zero_variance
pedal_step_001805,pedal_step_event,pedal_to_throttle_delay,trip_0062,trip_0062_seg_001,2018-03-01 06:11:01+00:00,733,23.700000,,,False,zero_variance
pedal_step_001806,pedal_step_event,pedal_to_throttle_delay,trip_0062,trip_0062_seg_001,2018-03-01 06:11:36+00:00,768,20.950000,,,False,zero_variance
pedal_step_001807,pedal_step_event,pedal_to_throttle_delay,trip_0062,trip_0062_seg_001,2018-03-01 06:19:48+00:00,1260,28.200000,0.000000,0.789744,True,none
pedal_step_001808,pedal_step_event,pedal_to_throttle_delay,trip_0062,trip_0062_seg_001,2018-03-01 06:21:24+00:00,1356,20.600000,0.000000,0.706354,True,none
pedal_step_001809,pedal_step_event,pedal_to_throttle_delay,trip_0062,trip_0062_seg_001,2018-03-01 06:21:29+00:00,1361,24.950000,,,False,duplicate_or_overlapping_event
pedal_step_001810,pedal_step_event,pedal_to_throttle_delay,trip_0062,trip_0062_seg_001,2018-03-01 06:21:57+00:00,1389,21.000000,,,False,zero_variance
pedal_step_001811,pedal_step_event,pedal_to_throttle_delay,trip_0062,trip_0062_seg_001,2018-03-01 06:22:49+00:00,1441,43.550000,0.000000,0.833307,True,none
pedal_step_001812,pedal_step_event,pedal_to_throttle_delay,trip_0062,trip_0062_seg_001,2018-03-01 06:23:09+00:00,1461,21.000000,,,False,zero_variance
pedal_step_001813,pedal_step_event,pedal_to_throttle_delay,trip_0062,trip_0062_seg_001,2018-03-01 06:24:46+00:00,1558,41.750000,,,False,zero_variance
pedal_step_001814,pedal_step_event,pedal_to_throttle_delay,trip_0062,trip_0062_seg_001,2018-03-01 06:25:35+00:00,1607,35.100000,,,False,zero_variance
pedal_step_001815,pedal_step_event,pedal_to_throttle_delay,trip_0062,trip_0062_seg_001,2018-03-01 06:27:22+00:00,1714,29.800000,,,False,zero_variance
pedal_step_001816,pedal_step_event,pedal_to_throttle_delay,trip_0062,trip_0062_seg_001,2018-03-01 06:29:50+00:00,1862,30.000000,,,False,zero_variance
pedal_step_001817,pedal_step_event,pedal_to_throttle_delay,trip_0062,trip_0062_seg_001,2018-03-01 06:34:34+00:00,2146,27.300000,,,False,zero_variance
pedal_step_001818,pedal_step_event,pedal_to_throttle_delay,trip_0062,trip_0062_seg_001,2018-03-01 06:37:28+00:00,2320,23.150000,,,False,zero_variance
pedal_step_001819,pedal_step_event,pedal_to_throttle_delay,trip_0062,trip_0062_seg_001,2018-03-01 06:39:08+00:00,2420,22.150000,1.000000,0.857474,True,none
pedal_step_001820,pedal_step_event,pedal_to_throttle_delay,trip_0062,trip_0062_seg_001,2018-03-01 06:40:53+00:00,2525,21.750000,0.000000,0.713320,True,none
pedal_step_001821,pedal_step_event,pedal_to_throttle_delay,trip_0062,trip_0062_seg_001,2018-03-01 06:43:02+00:00,2654,24.500000,0.000000,0.612589,True,none
pedal_step_001822,pedal_step_event,pedal_to_throttle_delay,trip_0063,trip_0063_seg_001,2018-03-01 16:24:10+00:00,74,22.350000,2.000000,0.433148,True,none
pedal_step_001823,pedal_step_event,pedal_to_throttle_delay,trip_0063,trip_0063_seg_001,2018-03-01 16:25:17+00:00,141,43.150000,0.000000,0.843692,True,none
pedal_step_001824,pedal_step_event,pedal_to_throttle_delay,trip_0063,trip_0063_seg_001,2018-03-01 16:26:07+00:00,191,22.200000,0.000000,0.544521,True,none
pedal_step_001825,pedal_step_event,pedal_to_throttle_delay,trip_0063,trip_0063_seg_001,2018-03-01 16:26:16+00:00,200,27.300000,,,False,zero_variance
pedal_step_001826,pedal_step_event,pedal_to_throttle_delay,trip_0063,trip_0063_seg_001,2018-03-01 16:27:03+00:00,247,35.300000,0.000000,0.840029,True,none
pedal_step_001827,pedal_step_event,pedal_to_throttle_delay,trip_0063,trip_0063_seg_001,2018-03-01 16:34:50+00:00,714,30.000000,0.000000,0.588435,True,none
pedal_step_001828,pedal_step_event,pedal_to_throttle_delay,trip_0063,trip_0063_seg_001,2018-03-01 16:36:42+00:00,826,30.600000,0.000000,0.729696,True,none
pedal_step_001829,pedal_step_event,pedal_to_throttle_delay,trip_0063,trip_0063_seg_001,2018-03-01 16:36:45+00:00,829,32.750000,,,False,duplicate_or_overlapping_event
pedal_step_001830,pedal_step_event,pedal_to_throttle_delay,trip_0063,trip_0063_seg_001,2018-03-01 16:37:00+00:00,844,43.900000,0.000000,0.910208,True,none
pedal_step_001831,pedal_step_event,pedal_to_throttle_delay,trip_0063,trip_0063_seg_001,2018-03-01 16:38:12+00:00,916,30.000000,3.000000,0.837058,True,none
pedal_step_001832,pedal_step_event,pedal_to_throttle_delay,trip_0063,trip_0063_seg_001,2018-03-01 16:38:55+00:00,959,33.750000,,,False,zero_variance
pedal_step_001833,pedal_step_event,pedal_to_throttle_delay,trip_0063,trip_0063_seg_001,2018-03-01 16:39:52+00:00,1016,23.150000,0.000000,0.843897,True,none
pedal_step_001834,pedal_step_event,pedal_to_throttle_delay,trip_0063,trip_0063_seg_001,2018-03-01 16:41:02+00:00,1086,25.900000,0.000000,0.955841,True,none
pedal_step_001835,pedal_step_event,pedal_to_throttle_delay,trip_0063,trip_0063_seg_001,2018-03-01 16:41:29+00:00,1113,20.600000,0.000000,0.953769,True,none
pedal_step_001836,pedal_step_event,pedal_to_throttle_delay,trip_0063,trip_0063_seg_001,2018-03-01 16:45:34+00:00,1358,25.100000,3.000000,0.597083,True,none
pedal_step_001837,pedal_step_event,pedal_to_throttle_delay,trip_0063,trip_0063_seg_001,2018-03-01 16:47:42+00:00,1486,33.550000,3.000000,0.403903,True,none
pedal_step_001838,pedal_step_event,pedal_to_throttle_delay,trip_0063,trip_0063_seg_001,2018-03-01 16:48:14+00:00,1518,27.450000,0.000000,0.858219,True,none
pedal_step_001839,pedal_step_event,pedal_to_throttle_delay,trip_0063,trip_0063_seg_001,2018-03-01 16:49:45+00:00,1609,20.750000,1.000000,0.411737,True,none
pedal_step_001840,pedal_step_event,pedal_to_throttle_delay,trip_0063,trip_0063_seg_001,2018-03-01 16:49:48+00:00,1612,20.800000,,,False,duplicate_or_overlapping_event
pedal_step_001841,pedal_step_event,pedal_to_throttle_delay,trip_0063,trip_0063_seg_001,2018-03-01 16:53:28+00:00,1832,28.050000,1.000000,0.424097,True,none
pedal_step_001842,pedal_step_event,pedal_to_throttle_delay,trip_0063,trip_0063_seg_001,2018-03-01 16:55:28+00:00,1952,34.150000,0.000000,0.771023,True,none
pedal_step_001843,pedal_step_event,pedal_to_throttle_delay,trip_0063,trip_0063_seg_001,2018-03-01 16:56:10+00:00,1994,20.000000,0.000000,0.770485,True,none
pedal_step_001844,pedal_step_event,pedal_to_throttle_delay,trip_0063,trip_0063_seg_001,2018-03-01 16:56:21+00:00,2005,30.200000,0.000000,0.801866,True,none
pedal_step_001845,pedal_step_event,pedal_to_throttle_delay,trip_0063,trip_0063_seg_001,2018-03-01 16:57:16+00:00,2060,26.500000,0.000000,0.936922,True,none
pedal_step_001846,pedal_step_event,pedal_to_throttle_delay,trip_0063,trip_0063_seg_001,2018-03-01 17:01:16+00:00,2300,22.000000,,,False,zero_variance
pedal_step_001847,pedal_step_event,pedal_to_throttle_delay,trip_0063,trip_0063_seg_001,2018-03-01 17:04:36+00:00,2500,45.100000,,,False,zero_variance
pedal_step_001848,pedal_step_event,pedal_to_throttle_delay,trip_0063,trip_0063_seg_001,2018-03-01 17:11:17+00:00,2901,40.000000,,-0.000000,False,low_correlation
pedal_step_001849,pedal_step_event,pedal_to_throttle_delay,trip_0063,trip_0063_seg_001,2018-03-01 17:12:12+00:00,2956,25.900000,,,False,zero_variance
pedal_step_001850,pedal_step_event,pedal_to_throttle_delay,trip_0063,trip_0063_seg_001,2018-03-01 17:13:13+00:00,3017,27.300000,,,False,zero_variance
pedal_step_001851,pedal_step_event,pedal_to_throttle_delay,trip_0063,trip_0063_seg_001,2018-03-01 17:13:22+00:00,3026,28.600000,,0.000000,False,low_correlation
pedal_step_001852,pedal_step_event,pedal_to_throttle_delay,trip_0063,trip_0063_seg_001,2018-03-01 17:18:12+00:00,3316,26.300000,,,False,zero_variance
pedal_step_001853,pedal_step_event,pedal_to_throttle_delay,trip_0063,trip_0063_seg_001,2018-03-01 17:18:20+00:00,3324,21.350000,,,False,duplicate_or_overlapping_event
pedal_step_001854,pedal_step_event,pedal_to_throttle_delay,trip_0063,trip_0063_seg_001,2018-03-01 17:25:13+00:00,3737,27.900000,,,False,zero_variance
pedal_step_001855,pedal_step_event,pedal_to_throttle_delay,trip_0063,trip_0063_seg_001,2018-03-01 17:29:32+00:00,3996,23.150000,,,False,zero_variance
pedal_step_001856,pedal_step_event,pedal_to_throttle_delay,trip_0063,trip_0063_seg_001,2018-03-01 17:32:09+00:00,4153,24.500000,,,False,zero_variance
pedal_step_001857,pedal_step_event,pedal_to_throttle_delay,trip_0063,trip_0063_seg_001,2018-03-01 17:33:45+00:00,4249,23.550000,,0.208497,False,low_correlation
pedal_step_001858,pedal_step_event,pedal_to_throttle_delay,trip_0063,trip_0063_seg_001,2018-03-01 17:33:49+00:00,4253,33.550000,,,False,duplicate_or_overlapping_event
pedal_step_001859,pedal_step_event,pedal_to_throttle_delay,trip_0063,trip_0063_seg_001,2018-03-01 17:34:10+00:00,4274,30.800000,,,False,zero_variance
pedal_step_001860,pedal_step_event,pedal_to_throttle_delay,trip_0063,trip_0063_seg_001,2018-03-01 17:35:42+00:00,4366,20.800000,,0.017501,False,low_correlation
pedal_step_001861,pedal_step_event,pedal_to_throttle_delay,trip_0064,trip_0064_seg_001,2018-03-02 06:24:10+00:00,83,40.800000,1.000000,0.729828,True,none
pedal_step_001862,pedal_step_event,pedal_to_throttle_delay,trip_0064,trip_0064_seg_001,2018-03-02 06:24:27+00:00,100,25.650000,0.000000,0.362579,True,none
pedal_step_001863,pedal_step_event,pedal_to_throttle_delay,trip_0064,trip_0064_seg_001,2018-03-02 06:24:31+00:00,104,25.300000,,,False,duplicate_or_overlapping_event
pedal_step_001864,pedal_step_event,pedal_to_throttle_delay,trip_0064,trip_0064_seg_001,2018-03-02 06:26:16+00:00,209,24.100000,0.000000,0.349599,True,none
pedal_step_001865,pedal_step_event,pedal_to_throttle_delay,trip_0064,trip_0064_seg_001,2018-03-02 06:28:26+00:00,339,27.200000,1.000000,0.454469,True,none
pedal_step_001866,pedal_step_event,pedal_to_throttle_delay,trip_0064,trip_0064_seg_001,2018-03-02 06:28:47+00:00,360,33.700000,0.000000,0.945846,True,none
pedal_step_001867,pedal_step_event,pedal_to_throttle_delay,trip_0064,trip_0064_seg_001,2018-03-02 06:29:29+00:00,402,40.400000,1.000000,0.921973,True,none
pedal_step_001868,pedal_step_event,pedal_to_throttle_delay,trip_0064,trip_0064_seg_001,2018-03-02 06:29:32+00:00,405,35.300000,,,False,duplicate_or_overlapping_event
pedal_step_001869,pedal_step_event,pedal_to_throttle_delay,trip_0064,trip_0064_seg_001,2018-03-02 06:30:43+00:00,476,33.750000,,,False,zero_variance
pedal_step_001870,pedal_step_event,pedal_to_throttle_delay,trip_0064,trip_0064_seg_001,2018-03-02 06:30:52+00:00,485,24.300000,0.000000,0.818564,True,none
pedal_step_001871,pedal_step_event,pedal_to_throttle_delay,trip_0064,trip_0064_seg_001,2018-03-02 06:30:59+00:00,492,30.200000,,,False,duplicate_or_overlapping_event
pedal_step_001872,pedal_step_event,pedal_to_throttle_delay,trip_0064,trip_0064_seg_001,2018-03-02 06:31:09+00:00,502,23.150000,0.000000,0.770120,True,none
pedal_step_001873,pedal_step_event,pedal_to_throttle_delay,trip_0064,trip_0064_seg_001,2018-03-02 06:33:46+00:00,659,25.650000,3.000000,0.682033,True,none
pedal_step_001874,pedal_step_event,pedal_to_throttle_delay,trip_0064,trip_0064_seg_001,2018-03-02 06:33:57+00:00,670,37.500000,0.000000,0.301801,True,none
pedal_step_001875,pedal_step_event,pedal_to_throttle_delay,trip_0064,trip_0064_seg_001,2018-03-02 06:34:30+00:00,703,20.950000,0.000000,0.634448,True,none
pedal_step_001876,pedal_step_event,pedal_to_throttle_delay,trip_0064,trip_0064_seg_001,2018-03-02 06:36:34+00:00,827,41.800000,,,False,zero_variance
pedal_step_001877,pedal_step_event,pedal_to_throttle_delay,trip_0064,trip_0064_seg_001,2018-03-02 06:38:12+00:00,925,28.650000,,,False,zero_variance
pedal_step_001878,pedal_step_event,pedal_to_throttle_delay,trip_0064,trip_0064_seg_001,2018-03-02 06:44:49+00:00,1322,31.700000,,-0.017195,False,low_correlation
pedal_step_001879,pedal_step_event,pedal_to_throttle_delay,trip_0064,trip_0064_seg_001,2018-03-02 06:46:36+00:00,1429,23.150000,,,False,zero_variance
pedal_step_001880,pedal_step_event,pedal_to_throttle_delay,trip_0064,trip_0064_seg_001,2018-03-02 06:48:23+00:00,1536,23.150000,,,False,zero_variance
pedal_step_001881,pedal_step_event,pedal_to_throttle_delay,trip_0064,trip_0064_seg_001,2018-03-02 06:49:15+00:00,1588,25.100000,,,False,zero_variance
pedal_step_001882,pedal_step_event,pedal_to_throttle_delay,trip_0064,trip_0064_seg_001,2018-03-02 06:51:43+00:00,1736,21.350000,0.000000,0.372854,True,none
pedal_step_001883,pedal_step_event,pedal_to_throttle_delay,trip_0064,trip_0064_seg_001,2018-03-02 07:00:41+00:00,2274,22.950000,0.000000,0.425634,True,none
pedal_step_001884,pedal_step_event,pedal_to_throttle_delay,trip_0064,trip_0064_seg_001,2018-03-02 07:06:05+00:00,2598,21.750000,,0.151720,False,low_correlation
pedal_step_001885,pedal_step_event,pedal_to_throttle_delay,trip_0064,trip_0064_seg_001,2018-03-02 07:06:23+00:00,2616,21.750000,0.000000,0.741897,True,none
pedal_step_001886,pedal_step_event,pedal_to_throttle_delay,trip_0064,trip_0064_seg_001,2018-03-02 07:07:40+00:00,2693,21.000000,1.000000,0.693041,True,none
pedal_step_001887,pedal_step_event,pedal_to_throttle_delay,trip_0064,trip_0064_seg_001,2018-03-02 07:09:11+00:00,2784,22.300000,,0.134609,False,low_correlation
pedal_step_001888,pedal_step_event,pedal_to_throttle_delay,trip_0065,trip_0065_seg_001,2018-03-06 17:33:16+00:00,92,32.950000,,,False,zero_variance
pedal_step_001889,pedal_step_event,pedal_to_throttle_delay,trip_0065,trip_0065_seg_001,2018-03-06 17:33:41+00:00,117,23.300000,0.000000,0.519215,True,none
pedal_step_001890,pedal_step_event,pedal_to_throttle_delay,trip_0065,trip_0065_seg_001,2018-03-06 17:35:07+00:00,203,29.450000,1.000000,0.689010,True,none
pedal_step_001891,pedal_step_event,pedal_to_throttle_delay,trip_0065,trip_0065_seg_001,2018-03-06 17:37:42+00:00,358,27.300000,1.000000,0.800397,True,none
pedal_step_001892,pedal_step_event,pedal_to_throttle_delay,trip_0065,trip_0065_seg_001,2018-03-06 17:38:44+00:00,420,24.300000,,,False,zero_variance
pedal_step_001893,pedal_step_event,pedal_to_throttle_delay,trip_0065,trip_0065_seg_001,2018-03-06 17:40:01+00:00,497,22.350000,1.000000,0.717798,True,none
pedal_step_001894,pedal_step_event,pedal_to_throttle_delay,trip_0065,trip_0065_seg_001,2018-03-06 17:40:03+00:00,499,22.150000,,,False,duplicate_or_overlapping_event
pedal_step_001895,pedal_step_event,pedal_to_throttle_delay,trip_0065,trip_0065_seg_001,2018-03-06 17:41:32+00:00,588,33.750000,0.000000,0.576175,True,none
pedal_step_001896,pedal_step_event,pedal_to_throttle_delay,trip_0065,trip_0065_seg_001,2018-03-06 17:41:36+00:00,592,21.200000,,,False,duplicate_or_overlapping_event
pedal_step_001897,pedal_step_event,pedal_to_throttle_delay,trip_0065,trip_0065_seg_001,2018-03-06 17:43:19+00:00,695,23.350000,,,False,zero_variance
pedal_step_001898,pedal_step_event,pedal_to_throttle_delay,trip_0065,trip_0065_seg_001,2018-03-06 17:43:54+00:00,730,33.550000,0.000000,0.780310,True,none
pedal_step_001899,pedal_step_event,pedal_to_throttle_delay,trip_0065,trip_0065_seg_001,2018-03-06 17:44:30+00:00,766,32.600000,1.000000,0.401506,True,none
pedal_step_001900,pedal_step_event,pedal_to_throttle_delay,trip_0065,trip_0065_seg_001,2018-03-06 17:44:42+00:00,778,21.600000,,-0.158913,False,low_correlation
pedal_step_001901,pedal_step_event,pedal_to_throttle_delay,trip_0065,trip_0065_seg_001,2018-03-06 17:44:47+00:00,783,20.600000,,,False,duplicate_or_overlapping_event
pedal_step_001902,pedal_step_event,pedal_to_throttle_delay,trip_0065,trip_0065_seg_001,2018-03-06 17:54:12+00:00,1348,28.050000,,,False,zero_variance
pedal_step_001903,pedal_step_event,pedal_to_throttle_delay,trip_0065,trip_0065_seg_001,2018-03-06 17:59:37+00:00,1673,20.400000,,,False,zero_variance
pedal_step_001904,pedal_step_event,pedal_to_throttle_delay,trip_0065,trip_0065_seg_001,2018-03-06 17:59:38+00:00,1674,20.400000,,,False,duplicate_or_overlapping_event
pedal_step_001905,pedal_step_event,pedal_to_throttle_delay,trip_0065,trip_0065_seg_001,2018-03-06 18:00:25+00:00,1721,35.100000,,,False,zero_variance
pedal_step_001906,pedal_step_event,pedal_to_throttle_delay,trip_0065,trip_0065_seg_001,2018-03-06 18:00:44+00:00,1740,27.450000,,,False,zero_variance
pedal_step_001907,pedal_step_event,pedal_to_throttle_delay,trip_0065,trip_0065_seg_001,2018-03-06 18:02:02+00:00,1818,21.550000,,,False,zero_variance
pedal_step_001908,pedal_step_event,pedal_to_throttle_delay,trip_0065,trip_0065_seg_001,2018-03-06 18:03:05+00:00,1881,27.500000,,,False,zero_variance
pedal_step_001909,pedal_step_event,pedal_to_throttle_delay,trip_0065,trip_0065_seg_001,2018-03-06 18:03:42+00:00,1918,21.200000,,,False,zero_variance
pedal_step_001910,pedal_step_event,pedal_to_throttle_delay,trip_0065,trip_0065_seg_001,2018-03-06 18:03:49+00:00,1925,28.450000,,,False,duplicate_or_overlapping_event
pedal_step_001911,pedal_step_event,pedal_to_throttle_delay,trip_0065,trip_0065_seg_001,2018-03-06 18:03:50+00:00,1926,29.250000,,,False,duplicate_or_overlapping_event
pedal_step_001912,pedal_step_event,pedal_to_throttle_delay,trip_0065,trip_0065_seg_001,2018-03-06 18:04:14+00:00,1950,20.600000,,,False,zero_variance
pedal_step_001913,pedal_step_event,pedal_to_throttle_delay,trip_0065,trip_0065_seg_001,2018-03-06 18:05:47+00:00,2043,20.200000,,,False,zero_variance
pedal_step_001914,pedal_step_event,pedal_to_throttle_delay,trip_0065,trip_0065_seg_001,2018-03-06 18:07:38+00:00,2154,29.750000,,,False,zero_variance
pedal_step_001915,pedal_step_event,pedal_to_throttle_delay,trip_0065,trip_0065_seg_001,2018-03-06 18:08:08+00:00,2184,30.800000,,,False,zero_variance
pedal_step_001916,pedal_step_event,pedal_to_throttle_delay,trip_0065,trip_0065_seg_001,2018-03-06 18:08:43+00:00,2219,28.850000,,,False,zero_variance
pedal_step_001917,pedal_step_event,pedal_to_throttle_delay,trip_0065,trip_0065_seg_001,2018-03-06 18:09:01+00:00,2237,24.300000,,,False,zero_variance
pedal_step_001918,pedal_step_event,pedal_to_throttle_delay,trip_0065,trip_0065_seg_001,2018-03-06 18:10:23+00:00,2319,27.300000,,,False,zero_variance
pedal_step_001919,pedal_step_event,pedal_to_throttle_delay,trip_0065,trip_0065_seg_001,2018-03-06 18:10:41+00:00,2337,24.900000,,,False,zero_variance
pedal_step_001920,pedal_step_event,pedal_to_throttle_delay,trip_0065,trip_0065_seg_001,2018-03-06 18:18:25+00:00,2801,27.300000,,,False,zero_variance
pedal_step_001921,pedal_step_event,pedal_to_throttle_delay,trip_0065,trip_0065_seg_001,2018-03-06 18:19:02+00:00,2838,25.700000,,,False,zero_variance
pedal_step_001922,pedal_step_event,pedal_to_throttle_delay,trip_0065,trip_0065_seg_001,2018-03-06 18:19:30+00:00,2866,22.600000,,,False,zero_variance
pedal_step_001923,pedal_step_event,pedal_to_throttle_delay,trip_0065,trip_0065_seg_001,2018-03-06 18:20:17+00:00,2913,31.600000,,,False,zero_variance
pedal_step_001924,pedal_step_event,pedal_to_throttle_delay,trip_0065,trip_0065_seg_001,2018-03-06 18:32:13+00:00,3629,28.450000,0.000000,0.448924,True,none
pedal_step_001925,pedal_step_event,pedal_to_throttle_delay,trip_0065,trip_0065_seg_001,2018-03-06 18:32:16+00:00,3632,21.600000,,,False,duplicate_or_overlapping_event
pedal_step_001926,pedal_step_event,pedal_to_throttle_delay,trip_0065,trip_0065_seg_001,2018-03-06 18:32:17+00:00,3633,21.550000,,,False,duplicate_or_overlapping_event
pedal_step_001927,pedal_step_event,pedal_to_throttle_delay,trip_0065,trip_0065_seg_001,2018-03-06 18:32:40+00:00,3656,41.400000,1.000000,0.923476,True,none
pedal_step_001928,pedal_step_event,pedal_to_throttle_delay,trip_0065,trip_0065_seg_001,2018-03-06 18:32:49+00:00,3665,26.700000,,,False,zero_variance
pedal_step_001929,pedal_step_event,pedal_to_throttle_delay,trip_0065,trip_0065_seg_001,2018-03-06 18:33:18+00:00,3694,24.900000,0.000000,0.815098,True,none
pedal_step_001930,pedal_step_event,pedal_to_throttle_delay,trip_0065,trip_0065_seg_001,2018-03-06 18:33:40+00:00,3716,21.000000,,0.122201,False,low_correlation
pedal_step_001931,pedal_step_event,pedal_to_throttle_delay,trip_0065,trip_0065_seg_001,2018-03-06 18:33:50+00:00,3726,35.700000,,-0.276018,False,low_correlation
pedal_step_001932,pedal_step_event,pedal_to_throttle_delay,trip_0065,trip_0065_seg_001,2018-03-06 18:34:15+00:00,3751,34.000000,,,False,zero_variance
pedal_step_001933,pedal_step_event,pedal_to_throttle_delay,trip_0065,trip_0065_seg_001,2018-03-06 18:34:30+00:00,3766,25.700000,3.000000,0.405610,True,none
pedal_step_001934,pedal_step_event,pedal_to_throttle_delay,trip_0065,trip_0065_seg_001,2018-03-06 18:34:35+00:00,3771,20.150000,,,False,duplicate_or_overlapping_event
pedal_step_001935,pedal_step_event,pedal_to_throttle_delay,trip_0065,trip_0065_seg_001,2018-03-06 18:35:17+00:00,3813,21.400000,,,False,zero_variance
pedal_step_001936,pedal_step_event,pedal_to_throttle_delay,trip_0065,trip_0065_seg_001,2018-03-06 18:36:13+00:00,3869,27.650000,,,False,zero_variance
pedal_step_001937,pedal_step_event,pedal_to_throttle_delay,trip_0065,trip_0065_seg_001,2018-03-06 18:37:35+00:00,3951,35.750000,0.000000,0.817656,True,none
pedal_step_001938,pedal_step_event,pedal_to_throttle_delay,trip_0065,trip_0065_seg_001,2018-03-06 18:38:09+00:00,3985,27.300000,1.000000,0.598548,True,none
pedal_step_001939,pedal_step_event,pedal_to_throttle_delay,trip_0065,trip_0065_seg_001,2018-03-06 18:38:41+00:00,4017,21.250000,,0.292228,False,low_correlation
pedal_step_001940,pedal_step_event,pedal_to_throttle_delay,trip_0065,trip_0065_seg_001,2018-03-06 18:39:44+00:00,4080,29.200000,0.000000,0.534724,True,none
pedal_step_001941,pedal_step_event,pedal_to_throttle_delay,trip_0065,trip_0065_seg_001,2018-03-06 18:39:48+00:00,4084,26.700000,,,False,duplicate_or_overlapping_event
pedal_step_001942,pedal_step_event,pedal_to_throttle_delay,trip_0065,trip_0065_seg_001,2018-03-06 18:40:01+00:00,4097,43.750000,,0.158237,False,low_correlation
pedal_step_001943,pedal_step_event,pedal_to_throttle_delay,trip_0066,trip_0066_seg_001,2018-03-07 06:06:31+00:00,67,21.000000,,,False,zero_variance
pedal_step_001944,pedal_step_event,pedal_to_throttle_delay,trip_0066,trip_0066_seg_001,2018-03-07 06:06:44+00:00,80,22.900000,,,False,zero_variance
pedal_step_001945,pedal_step_event,pedal_to_throttle_delay,trip_0066,trip_0066_seg_001,2018-03-07 06:08:18+00:00,174,24.300000,2.000000,0.499513,True,none
pedal_step_001946,pedal_step_event,pedal_to_throttle_delay,trip_0066,trip_0066_seg_001,2018-03-07 06:08:57+00:00,213,28.650000,0.000000,0.905835,True,none
pedal_step_001947,pedal_step_event,pedal_to_throttle_delay,trip_0066,trip_0066_seg_001,2018-03-07 06:09:01+00:00,217,22.750000,,,False,duplicate_or_overlapping_event
pedal_step_001948,pedal_step_event,pedal_to_throttle_delay,trip_0066,trip_0066_seg_001,2018-03-07 06:09:55+00:00,271,28.200000,3.000000,0.580159,True,none
pedal_step_001949,pedal_step_event,pedal_to_throttle_delay,trip_0066,trip_0066_seg_001,2018-03-07 06:09:58+00:00,274,24.950000,,,False,duplicate_or_overlapping_event
pedal_step_001950,pedal_step_event,pedal_to_throttle_delay,trip_0066,trip_0066_seg_001,2018-03-07 06:11:30+00:00,366,26.250000,0.000000,0.619474,True,none
pedal_step_001951,pedal_step_event,pedal_to_throttle_delay,trip_0066,trip_0066_seg_001,2018-03-07 06:11:49+00:00,385,20.800000,0.000000,0.503264,True,none
pedal_step_001952,pedal_step_event,pedal_to_throttle_delay,trip_0066,trip_0066_seg_001,2018-03-07 06:11:51+00:00,387,32.200000,,,False,duplicate_or_overlapping_event
pedal_step_001953,pedal_step_event,pedal_to_throttle_delay,trip_0066,trip_0066_seg_001,2018-03-07 06:11:55+00:00,391,40.600000,,,False,duplicate_or_overlapping_event
pedal_step_001954,pedal_step_event,pedal_to_throttle_delay,trip_0066,trip_0066_seg_001,2018-03-07 06:13:37+00:00,493,31.800000,2.000000,0.627894,True,none
pedal_step_001955,pedal_step_event,pedal_to_throttle_delay,trip_0066,trip_0066_seg_001,2018-03-07 06:13:40+00:00,496,21.200000,,,False,duplicate_or_overlapping_event
pedal_step_001956,pedal_step_event,pedal_to_throttle_delay,trip_0066,trip_0066_seg_001,2018-03-07 06:14:17+00:00,533,24.900000,,,False,zero_variance
pedal_step_001957,pedal_step_event,pedal_to_throttle_delay,trip_0066,trip_0066_seg_001,2018-03-07 06:14:23+00:00,539,27.500000,,,False,duplicate_or_overlapping_event
pedal_step_001958,pedal_step_event,pedal_to_throttle_delay,trip_0066,trip_0066_seg_001,2018-03-07 06:14:39+00:00,555,31.200000,1.000000,0.893826,True,none
pedal_step_001959,pedal_step_event,pedal_to_throttle_delay,trip_0066,trip_0066_seg_001,2018-03-07 06:17:30+00:00,726,26.300000,,0.107554,False,low_correlation
pedal_step_001960,pedal_step_event,pedal_to_throttle_delay,trip_0066,trip_0066_seg_001,2018-03-07 06:21:15+00:00,951,24.550000,,,False,zero_variance
pedal_step_001961,pedal_step_event,pedal_to_throttle_delay,trip_0066,trip_0066_seg_001,2018-03-07 06:22:54+00:00,1050,29.200000,3.000000,0.385113,True,none
pedal_step_001962,pedal_step_event,pedal_to_throttle_delay,trip_0066,trip_0066_seg_001,2018-03-07 06:23:52+00:00,1108,21.400000,,,False,zero_variance
pedal_step_001963,pedal_step_event,pedal_to_throttle_delay,trip_0066,trip_0066_seg_001,2018-03-07 06:23:59+00:00,1115,24.100000,,,False,duplicate_or_overlapping_event
pedal_step_001964,pedal_step_event,pedal_to_throttle_delay,trip_0066,trip_0066_seg_001,2018-03-07 06:32:15+00:00,1611,22.950000,,,False,zero_variance
pedal_step_001965,pedal_step_event,pedal_to_throttle_delay,trip_0066,trip_0066_seg_001,2018-03-07 06:32:50+00:00,1646,24.500000,,,False,zero_variance
pedal_step_001966,pedal_step_event,pedal_to_throttle_delay,trip_0066,trip_0066_seg_001,2018-03-07 06:34:44+00:00,1760,23.150000,0.000000,0.680027,True,none
pedal_step_001967,pedal_step_event,pedal_to_throttle_delay,trip_0066,trip_0066_seg_001,2018-03-07 06:34:48+00:00,1764,28.050000,,,False,duplicate_or_overlapping_event
pedal_step_001968,pedal_step_event,pedal_to_throttle_delay,trip_0066,trip_0066_seg_001,2018-03-07 06:35:02+00:00,1778,20.200000,,,False,zero_variance
pedal_step_001969,pedal_step_event,pedal_to_throttle_delay,trip_0066,trip_0066_seg_001,2018-03-07 06:36:00+00:00,1836,26.050000,,,False,zero_variance
pedal_step_001970,pedal_step_event,pedal_to_throttle_delay,trip_0066,trip_0066_seg_001,2018-03-07 06:40:39+00:00,2115,21.200000,,-0.017985,False,low_correlation
pedal_step_001971,pedal_step_event,pedal_to_throttle_delay,trip_0066,trip_0066_seg_001,2018-03-07 06:43:24+00:00,2280,32.150000,,,False,zero_variance
pedal_step_001972,pedal_step_event,pedal_to_throttle_delay,trip_0066,trip_0066_seg_001,2018-03-07 06:43:49+00:00,2305,26.300000,,,False,zero_variance
pedal_step_001973,pedal_step_event,pedal_to_throttle_delay,trip_0066,trip_0066_seg_001,2018-03-07 06:44:17+00:00,2333,30.200000,,,False,zero_variance
pedal_step_001974,pedal_step_event,pedal_to_throttle_delay,trip_0066,trip_0066_seg_001,2018-03-07 06:50:10+00:00,2686,22.000000,,0.197340,False,low_correlation
pedal_step_001975,pedal_step_event,pedal_to_throttle_delay,trip_0066,trip_0066_seg_001,2018-03-07 06:52:11+00:00,2807,20.950000,1.000000,0.515310,True,none
pedal_step_001976,pedal_step_event,pedal_to_throttle_delay,trip_0066,trip_0066_seg_001,2018-03-07 06:53:02+00:00,2858,37.100000,3.000000,0.628657,True,none
pedal_step_001977,pedal_step_event,pedal_to_throttle_delay,trip_0066,trip_0066_seg_001,2018-03-07 06:53:25+00:00,2881,20.550000,0.000000,0.602832,True,none
pedal_step_001978,pedal_step_event,pedal_to_throttle_delay,trip_0066,trip_0066_seg_001,2018-03-07 06:54:07+00:00,2923,23.700000,1.000000,0.601146,True,none
pedal_step_001979,pedal_step_event,pedal_to_throttle_delay,trip_0066,trip_0066_seg_001,2018-03-07 06:54:35+00:00,2951,23.550000,,,False,zero_variance
pedal_step_001980,pedal_step_event,pedal_to_throttle_delay,trip_0066,trip_0066_seg_001,2018-03-07 06:55:46+00:00,3022,26.900000,1.000000,0.707520,True,none
pedal_step_001981,pedal_step_event,pedal_to_throttle_delay,trip_0067,trip_0067_seg_001,2018-03-07 17:40:12+00:00,118,26.500000,0.000000,0.853554,True,none
pedal_step_001982,pedal_step_event,pedal_to_throttle_delay,trip_0067,trip_0067_seg_002,2018-03-07 17:47:07+00:00,44,22.700000,2.000000,0.433477,True,none
pedal_step_001983,pedal_step_event,pedal_to_throttle_delay,trip_0067,trip_0067_seg_002,2018-03-07 17:47:21+00:00,58,24.100000,0.000000,0.892323,True,none
pedal_step_001984,pedal_step_event,pedal_to_throttle_delay,trip_0067,trip_0067_seg_002,2018-03-07 17:48:56+00:00,153,21.550000,3.000000,0.887732,True,none
pedal_step_001985,pedal_step_event,pedal_to_throttle_delay,trip_0067,trip_0067_seg_002,2018-03-07 17:48:58+00:00,155,36.100000,,,False,duplicate_or_overlapping_event
pedal_step_001986,pedal_step_event,pedal_to_throttle_delay,trip_0067,trip_0067_seg_002,2018-03-07 17:49:01+00:00,158,22.950000,,,False,duplicate_or_overlapping_event
pedal_step_001987,pedal_step_event,pedal_to_throttle_delay,trip_0067,trip_0067_seg_002,2018-03-07 17:51:29+00:00,306,28.850000,,0.203365,False,low_correlation
pedal_step_001988,pedal_step_event,pedal_to_throttle_delay,trip_0067,trip_0067_seg_002,2018-03-07 17:51:33+00:00,310,33.350000,,,False,duplicate_or_overlapping_event
pedal_step_001989,pedal_step_event,pedal_to_throttle_delay,trip_0067,trip_0067_seg_002,2018-03-07 17:52:14+00:00,351,21.600000,0.000000,0.734565,True,none
pedal_step_001990,pedal_step_event,pedal_to_throttle_delay,trip_0067,trip_0067_seg_002,2018-03-07 17:52:17+00:00,354,23.100000,,,False,duplicate_or_overlapping_event
pedal_step_001991,pedal_step_event,pedal_to_throttle_delay,trip_0067,trip_0067_seg_002,2018-03-07 17:52:29+00:00,366,36.300000,0.000000,0.819836,True,none
pedal_step_001992,pedal_step_event,pedal_to_throttle_delay,trip_0067,trip_0067_seg_002,2018-03-07 17:53:22+00:00,419,20.950000,0.000000,0.875859,True,none
pedal_step_001993,pedal_step_event,pedal_to_throttle_delay,trip_0067,trip_0067_seg_002,2018-03-07 17:54:31+00:00,488,27.900000,0.000000,0.905308,True,none
pedal_step_001994,pedal_step_event,pedal_to_throttle_delay,trip_0067,trip_0067_seg_002,2018-03-07 17:54:54+00:00,511,22.950000,,,False,zero_variance
pedal_step_001995,pedal_step_event,pedal_to_throttle_delay,trip_0067,trip_0067_seg_002,2018-03-07 17:55:52+00:00,569,31.550000,0.000000,0.339009,True,none
pedal_step_001996,pedal_step_event,pedal_to_throttle_delay,trip_0067,trip_0067_seg_002,2018-03-07 17:55:56+00:00,573,38.850000,,,False,duplicate_or_overlapping_event
pedal_step_001997,pedal_step_event,pedal_to_throttle_delay,trip_0067,trip_0067_seg_002,2018-03-07 17:56:00+00:00,577,42.950000,,,False,duplicate_or_overlapping_event
pedal_step_001998,pedal_step_event,pedal_to_throttle_delay,trip_0067,trip_0067_seg_002,2018-03-07 17:57:02+00:00,639,22.550000,0.000000,0.523212,True,none
pedal_step_001999,pedal_step_event,pedal_to_throttle_delay,trip_0067,trip_0067_seg_002,2018-03-07 17:57:10+00:00,647,24.350000,,,False,duplicate_or_overlapping_event
pedal_step_002000,pedal_step_event,pedal_to_throttle_delay,trip_0067,trip_0067_seg_002,2018-03-07 17:57:49+00:00,686,22.550000,0.000000,0.452399,True,none
pedal_step_002001,pedal_step_event,pedal_to_throttle_delay,trip_0067,trip_0067_seg_002,2018-03-07 17:58:11+00:00,708,35.700000,0.000000,0.962029,True,none
pedal_step_002002,pedal_step_event,pedal_to_throttle_delay,trip_0067,trip_0067_seg_002,2018-03-07 18:04:29+00:00,1086,31.400000,,,False,zero_variance
pedal_step_002003,pedal_step_event,pedal_to_throttle_delay,trip_0067,trip_0067_seg_002,2018-03-07 18:10:53+00:00,1470,34.500000,0.000000,0.726970,True,none
pedal_step_002004,pedal_step_event,pedal_to_throttle_delay,trip_0067,trip_0067_seg_002,2018-03-07 18:10:58+00:00,1475,32.550000,,,False,duplicate_or_overlapping_event
pedal_step_002005,pedal_step_event,pedal_to_throttle_delay,trip_0067,trip_0067_seg_002,2018-03-07 18:11:20+00:00,1497,23.300000,0.000000,0.562269,True,none
pedal_step_002006,pedal_step_event,pedal_to_throttle_delay,trip_0067,trip_0067_seg_002,2018-03-07 18:13:27+00:00,1624,31.600000,,,False,zero_variance
pedal_step_002007,pedal_step_event,pedal_to_throttle_delay,trip_0067,trip_0067_seg_002,2018-03-07 18:17:50+00:00,1887,37.650000,,,False,zero_variance
pedal_step_002008,pedal_step_event,pedal_to_throttle_delay,trip_0067,trip_0067_seg_002,2018-03-07 18:27:06+00:00,2443,26.100000,,,False,zero_variance
pedal_step_002009,pedal_step_event,pedal_to_throttle_delay,trip_0067,trip_0067_seg_002,2018-03-07 18:29:10+00:00,2567,22.350000,0.000000,0.632688,True,none
pedal_step_002010,pedal_step_event,pedal_to_throttle_delay,trip_0067,trip_0067_seg_002,2018-03-07 18:29:17+00:00,2574,31.400000,,,False,duplicate_or_overlapping_event
pedal_step_002011,pedal_step_event,pedal_to_throttle_delay,trip_0067,trip_0067_seg_002,2018-03-07 18:30:43+00:00,2660,23.000000,,0.020506,False,low_correlation
pedal_step_002012,pedal_step_event,pedal_to_throttle_delay,trip_0067,trip_0067_seg_002,2018-03-07 18:30:45+00:00,2662,41.600000,,,False,duplicate_or_overlapping_event
pedal_step_002013,pedal_step_event,pedal_to_throttle_delay,trip_0067,trip_0067_seg_002,2018-03-07 18:30:50+00:00,2667,37.650000,,,False,duplicate_or_overlapping_event
pedal_step_002014,pedal_step_event,pedal_to_throttle_delay,trip_0067,trip_0067_seg_002,2018-03-07 18:31:01+00:00,2678,45.500000,1.000000,0.515267,True,none
pedal_step_002015,pedal_step_event,pedal_to_throttle_delay,trip_0067,trip_0067_seg_002,2018-03-07 18:33:30+00:00,2827,23.500000,3.000000,0.518191,True,none
pedal_step_002016,pedal_step_event,pedal_to_throttle_delay,trip_0068,trip_0068_seg_001,2018-03-08 06:05:08+00:00,66,33.900000,2.000000,0.612340,True,none
pedal_step_002017,pedal_step_event,pedal_to_throttle_delay,trip_0068,trip_0068_seg_001,2018-03-08 06:05:31+00:00,89,34.550000,1.000000,0.830445,True,none
pedal_step_002018,pedal_step_event,pedal_to_throttle_delay,trip_0068,trip_0068_seg_001,2018-03-08 06:07:08+00:00,186,50.400000,3.000000,0.871248,True,none
pedal_step_002019,pedal_step_event,pedal_to_throttle_delay,trip_0068,trip_0068_seg_001,2018-03-08 06:08:00+00:00,238,34.150000,0.000000,0.671810,True,none
pedal_step_002020,pedal_step_event,pedal_to_throttle_delay,trip_0068,trip_0068_seg_001,2018-03-08 06:08:03+00:00,241,33.600000,,,False,duplicate_or_overlapping_event
pedal_step_002021,pedal_step_event,pedal_to_throttle_delay,trip_0068,trip_0068_seg_001,2018-03-08 06:08:34+00:00,272,20.800000,1.000000,0.866341,True,none
pedal_step_002022,pedal_step_event,pedal_to_throttle_delay,trip_0068,trip_0068_seg_001,2018-03-08 06:08:39+00:00,277,37.300000,,,False,duplicate_or_overlapping_event
pedal_step_002023,pedal_step_event,pedal_to_throttle_delay,trip_0068,trip_0068_seg_001,2018-03-08 06:10:22+00:00,380,21.000000,0.000000,0.346434,True,none
pedal_step_002024,pedal_step_event,pedal_to_throttle_delay,trip_0068,trip_0068_seg_001,2018-03-08 06:10:46+00:00,404,20.600000,,,False,zero_variance
pedal_step_002025,pedal_step_event,pedal_to_throttle_delay,trip_0068,trip_0068_seg_001,2018-03-08 06:11:11+00:00,429,21.400000,,,False,zero_variance
pedal_step_002026,pedal_step_event,pedal_to_throttle_delay,trip_0068,trip_0068_seg_001,2018-03-08 06:12:07+00:00,485,22.100000,3.000000,0.396480,True,none
pedal_step_002027,pedal_step_event,pedal_to_throttle_delay,trip_0068,trip_0068_seg_001,2018-03-08 06:12:14+00:00,492,21.200000,,,False,duplicate_or_overlapping_event
pedal_step_002028,pedal_step_event,pedal_to_throttle_delay,trip_0068,trip_0068_seg_001,2018-03-08 06:12:17+00:00,495,25.900000,0.000000,0.678520,True,none
pedal_step_002029,pedal_step_event,pedal_to_throttle_delay,trip_0068,trip_0068_seg_001,2018-03-08 06:12:46+00:00,524,21.400000,0.000000,0.768595,True,none
pedal_step_002030,pedal_step_event,pedal_to_throttle_delay,trip_0068,trip_0068_seg_001,2018-03-08 06:14:33+00:00,631,22.400000,,,False,zero_variance
pedal_step_002031,pedal_step_event,pedal_to_throttle_delay,trip_0068,trip_0068_seg_001,2018-03-08 06:15:49+00:00,707,22.350000,,0.165244,False,low_correlation
pedal_step_002032,pedal_step_event,pedal_to_throttle_delay,trip_0068,trip_0068_seg_001,2018-03-08 06:15:51+00:00,709,23.750000,,,False,duplicate_or_overlapping_event
pedal_step_002033,pedal_step_event,pedal_to_throttle_delay,trip_0068,trip_0068_seg_001,2018-03-08 06:15:56+00:00,714,22.750000,,,False,duplicate_or_overlapping_event
pedal_step_002034,pedal_step_event,pedal_to_throttle_delay,trip_0068,trip_0068_seg_001,2018-03-08 06:17:27+00:00,805,43.900000,,,False,zero_variance
pedal_step_002035,pedal_step_event,pedal_to_throttle_delay,trip_0068,trip_0068_seg_001,2018-03-08 06:17:32+00:00,810,25.300000,,,False,duplicate_or_overlapping_event
pedal_step_002036,pedal_step_event,pedal_to_throttle_delay,trip_0068,trip_0068_seg_001,2018-03-08 06:25:33+00:00,1291,25.500000,,,False,zero_variance
pedal_step_002037,pedal_step_event,pedal_to_throttle_delay,trip_0068,trip_0068_seg_001,2018-03-08 06:25:42+00:00,1300,23.550000,,,False,zero_variance
pedal_step_002038,pedal_step_event,pedal_to_throttle_delay,trip_0068,trip_0068_seg_001,2018-03-08 06:39:50+00:00,2148,20.000000,1.000000,0.725147,True,none
pedal_step_002039,pedal_step_event,pedal_to_throttle_delay,trip_0068,trip_0068_seg_001,2018-03-08 06:41:03+00:00,2221,25.700000,0.000000,0.932255,True,none
pedal_step_002040,pedal_step_event,pedal_to_throttle_delay,trip_0068,trip_0068_seg_001,2018-03-08 06:42:49+00:00,2327,23.550000,,,False,zero_variance
pedal_step_002041,pedal_step_event,pedal_to_throttle_delay,trip_0068,trip_0068_seg_001,2018-03-08 06:43:07+00:00,2345,28.250000,0.000000,0.769987,True,none
pedal_step_002042,pedal_step_event,pedal_to_throttle_delay,trip_0068,trip_0068_seg_001,2018-03-08 06:44:19+00:00,2417,40.000000,,0.037100,False,low_correlation
pedal_step_002043,pedal_step_event,pedal_to_throttle_delay,trip_0068,trip_0068_seg_001,2018-03-08 06:44:48+00:00,2446,25.100000,1.000000,0.384558,True,none
pedal_step_002044,pedal_step_event,pedal_to_throttle_delay,trip_0068,trip_0068_seg_001,2018-03-08 06:45:50+00:00,2508,28.250000,,,False,zero_variance
pedal_step_002045,pedal_step_event,pedal_to_throttle_delay,trip_0068,trip_0068_seg_001,2018-03-08 06:46:25+00:00,2543,20.200000,,,False,zero_variance
pedal_step_002046,pedal_step_event,pedal_to_throttle_delay,trip_0068,trip_0068_seg_001,2018-03-08 06:47:28+00:00,2606,27.100000,,,False,zero_variance
pedal_step_002047,pedal_step_event,pedal_to_throttle_delay,trip_0068,trip_0068_seg_001,2018-03-08 06:47:41+00:00,2619,23.150000,,,False,zero_variance
pedal_step_002048,pedal_step_event,pedal_to_throttle_delay,trip_0068,trip_0068_seg_001,2018-03-08 06:53:34+00:00,2972,20.800000,,,False,zero_variance
pedal_step_002049,pedal_step_event,pedal_to_throttle_delay,trip_0068,trip_0068_seg_001,2018-03-08 06:57:27+00:00,3205,27.300000,0.000000,0.407531,True,none
pedal_step_002050,pedal_step_event,pedal_to_throttle_delay,trip_0068,trip_0068_seg_001,2018-03-08 06:58:45+00:00,3283,34.300000,,0.212194,False,low_correlation
pedal_step_002051,pedal_step_event,pedal_to_throttle_delay,trip_0068,trip_0068_seg_001,2018-03-08 06:58:48+00:00,3286,25.500000,,,False,duplicate_or_overlapping_event
pedal_step_002052,pedal_step_event,pedal_to_throttle_delay,trip_0068,trip_0068_seg_001,2018-03-08 07:00:12+00:00,3370,25.500000,0.000000,0.672146,True,none
pedal_step_002053,pedal_step_event,pedal_to_throttle_delay,trip_0068,trip_0068_seg_001,2018-03-08 07:00:26+00:00,3384,21.600000,3.000000,0.626378,True,none
pedal_step_002054,pedal_step_event,pedal_to_throttle_delay,trip_0068,trip_0068_seg_001,2018-03-08 07:00:29+00:00,3387,20.400000,,,False,duplicate_or_overlapping_event
pedal_step_002055,pedal_step_event,pedal_to_throttle_delay,trip_0068,trip_0068_seg_001,2018-03-08 07:01:02+00:00,3420,20.800000,,,False,zero_variance
pedal_step_002056,pedal_step_event,pedal_to_throttle_delay,trip_0068,trip_0068_seg_001,2018-03-08 07:01:20+00:00,3438,28.450000,3.000000,0.660115,True,none
pedal_step_002057,pedal_step_event,pedal_to_throttle_delay,trip_0068,trip_0068_seg_001,2018-03-08 07:02:24+00:00,3502,32.550000,,,False,zero_variance
pedal_step_002058,pedal_step_event,pedal_to_throttle_delay,trip_0068,trip_0068_seg_001,2018-03-08 07:02:42+00:00,3520,20.400000,1.000000,0.835511,True,none
pedal_step_002059,pedal_step_event,pedal_to_throttle_delay,trip_0069,trip_0069_seg_001,2018-03-19 18:23:45+00:00,11,26.500000,0.000000,0.410772,True,none
pedal_step_002060,pedal_step_event,pedal_to_throttle_delay,trip_0069,trip_0069_seg_001,2018-03-19 18:24:25+00:00,51,27.650000,,,False,zero_variance
pedal_step_002061,pedal_step_event,pedal_to_throttle_delay,trip_0069,trip_0069_seg_001,2018-03-19 18:24:58+00:00,84,22.350000,0.000000,0.795188,True,none
pedal_step_002062,pedal_step_event,pedal_to_throttle_delay,trip_0069,trip_0069_seg_001,2018-03-19 18:25:01+00:00,87,24.700000,,,False,duplicate_or_overlapping_event
pedal_step_002063,pedal_step_event,pedal_to_throttle_delay,trip_0069,trip_0069_seg_001,2018-03-19 18:25:15+00:00,101,21.800000,0.000000,0.527650,True,none
pedal_step_002064,pedal_step_event,pedal_to_throttle_delay,trip_0069,trip_0069_seg_001,2018-03-19 18:26:25+00:00,171,23.500000,,0.131845,False,low_correlation
pedal_step_002065,pedal_step_event,pedal_to_throttle_delay,trip_0069,trip_0069_seg_001,2018-03-19 18:29:00+00:00,326,22.100000,,,False,zero_variance
pedal_step_002066,pedal_step_event,pedal_to_throttle_delay,trip_0069,trip_0069_seg_001,2018-03-19 18:31:18+00:00,464,22.350000,0.000000,0.658176,True,none
pedal_step_002067,pedal_step_event,pedal_to_throttle_delay,trip_0069,trip_0069_seg_001,2018-03-19 18:33:03+00:00,569,31.200000,0.000000,0.733288,True,none
pedal_step_002068,pedal_step_event,pedal_to_throttle_delay,trip_0069,trip_0069_seg_001,2018-03-19 18:33:15+00:00,581,25.550000,,0.069274,False,low_correlation
pedal_step_002069,pedal_step_event,pedal_to_throttle_delay,trip_0069,trip_0069_seg_001,2018-03-19 18:34:30+00:00,656,36.700000,0.000000,0.397298,True,none
pedal_step_002070,pedal_step_event,pedal_to_throttle_delay,trip_0069,trip_0069_seg_001,2018-03-19 18:36:04+00:00,750,34.950000,0.000000,0.605294,True,none
pedal_step_002071,pedal_step_event,pedal_to_throttle_delay,trip_0069,trip_0069_seg_001,2018-03-19 18:37:46+00:00,852,26.650000,,0.278730,False,low_correlation
pedal_step_002072,pedal_step_event,pedal_to_throttle_delay,trip_0069,trip_0069_seg_001,2018-03-19 18:38:08+00:00,874,20.800000,0.000000,0.878439,True,none
pedal_step_002073,pedal_step_event,pedal_to_throttle_delay,trip_0069,trip_0069_seg_001,2018-03-19 18:38:14+00:00,880,31.150000,,,False,duplicate_or_overlapping_event
pedal_step_002074,pedal_step_event,pedal_to_throttle_delay,trip_0069,trip_0069_seg_001,2018-03-19 18:38:19+00:00,885,22.900000,,,False,zero_variance
pedal_step_002075,pedal_step_event,pedal_to_throttle_delay,trip_0069,trip_0069_seg_001,2018-03-19 18:40:24+00:00,1010,21.200000,,,False,zero_variance
pedal_step_002076,pedal_step_event,pedal_to_throttle_delay,trip_0069,trip_0069_seg_001,2018-03-19 18:40:51+00:00,1037,45.300000,1.000000,0.826126,True,none
pedal_step_002077,pedal_step_event,pedal_to_throttle_delay,trip_0069,trip_0069_seg_001,2018-03-19 18:40:55+00:00,1041,39.200000,,,False,duplicate_or_overlapping_event
pedal_step_002078,pedal_step_event,pedal_to_throttle_delay,trip_0069,trip_0069_seg_001,2018-03-19 18:41:13+00:00,1059,28.250000,,,False,zero_variance
pedal_step_002079,pedal_step_event,pedal_to_throttle_delay,trip_0070,trip_0070_seg_001,2018-03-19 05:53:48+00:00,88,24.300000,2.000000,0.700625,True,none
pedal_step_002080,pedal_step_event,pedal_to_throttle_delay,trip_0070,trip_0070_seg_001,2018-03-19 05:53:50+00:00,90,33.200000,,,False,duplicate_or_overlapping_event
pedal_step_002081,pedal_step_event,pedal_to_throttle_delay,trip_0070,trip_0070_seg_001,2018-03-19 05:54:09+00:00,109,28.800000,1.000000,0.730217,True,none
pedal_step_002082,pedal_step_event,pedal_to_throttle_delay,trip_0070,trip_0070_seg_001,2018-03-19 05:54:11+00:00,111,32.150000,,,False,duplicate_or_overlapping_event
pedal_step_002083,pedal_step_event,pedal_to_throttle_delay,trip_0070,trip_0070_seg_001,2018-03-19 05:55:28+00:00,188,36.650000,0.000000,0.752116,True,none
pedal_step_002084,pedal_step_event,pedal_to_throttle_delay,trip_0070,trip_0070_seg_001,2018-03-19 05:55:31+00:00,191,24.700000,,,False,duplicate_or_overlapping_event
pedal_step_002085,pedal_step_event,pedal_to_throttle_delay,trip_0070,trip_0070_seg_001,2018-03-19 05:56:07+00:00,227,49.250000,0.000000,0.595389,True,none
pedal_step_002086,pedal_step_event,pedal_to_throttle_delay,trip_0070,trip_0070_seg_001,2018-03-19 05:56:10+00:00,230,20.400000,,,False,duplicate_or_overlapping_event
pedal_step_002087,pedal_step_event,pedal_to_throttle_delay,trip_0070,trip_0070_seg_001,2018-03-19 05:56:52+00:00,272,29.200000,0.000000,0.578406,True,none
pedal_step_002088,pedal_step_event,pedal_to_throttle_delay,trip_0070,trip_0070_seg_001,2018-03-19 05:56:56+00:00,276,43.950000,,,False,duplicate_or_overlapping_event
pedal_step_002089,pedal_step_event,pedal_to_throttle_delay,trip_0070,trip_0070_seg_001,2018-03-19 05:58:03+00:00,343,24.300000,0.000000,0.424894,True,none
pedal_step_002090,pedal_step_event,pedal_to_throttle_delay,trip_0070,trip_0070_seg_001,2018-03-19 05:58:08+00:00,348,22.950000,,,False,duplicate_or_overlapping_event
pedal_step_002091,pedal_step_event,pedal_to_throttle_delay,trip_0070,trip_0070_seg_001,2018-03-19 05:58:39+00:00,379,24.950000,0.000000,0.430862,True,none
pedal_step_002092,pedal_step_event,pedal_to_throttle_delay,trip_0070,trip_0070_seg_001,2018-03-19 06:00:02+00:00,462,32.900000,0.000000,0.735137,True,none
pedal_step_002093,pedal_step_event,pedal_to_throttle_delay,trip_0070,trip_0070_seg_001,2018-03-19 06:00:04+00:00,464,29.600000,,,False,duplicate_or_overlapping_event
pedal_step_002094,pedal_step_event,pedal_to_throttle_delay,trip_0070,trip_0070_seg_001,2018-03-19 06:00:39+00:00,499,36.850000,0.000000,0.574335,True,none
pedal_step_002095,pedal_step_event,pedal_to_throttle_delay,trip_0070,trip_0070_seg_001,2018-03-19 06:00:47+00:00,507,38.450000,,,False,duplicate_or_overlapping_event
pedal_step_002096,pedal_step_event,pedal_to_throttle_delay,trip_0070,trip_0070_seg_001,2018-03-19 06:00:51+00:00,511,35.150000,0.000000,0.863720,True,none
pedal_step_002097,pedal_step_event,pedal_to_throttle_delay,trip_0070,trip_0070_seg_001,2018-03-19 06:03:44+00:00,684,22.150000,1.000000,0.487173,True,none
pedal_step_002098,pedal_step_event,pedal_to_throttle_delay,trip_0070,trip_0070_seg_001,2018-03-19 06:03:56+00:00,696,27.050000,3.000000,0.561063,True,none
pedal_step_002099,pedal_step_event,pedal_to_throttle_delay,trip_0070,trip_0070_seg_001,2018-03-19 06:04:07+00:00,707,20.000000,0.000000,0.712261,True,none
pedal_step_002100,pedal_step_event,pedal_to_throttle_delay,trip_0070,trip_0070_seg_001,2018-03-19 06:04:50+00:00,750,32.400000,3.000000,0.471457,True,none
pedal_step_002101,pedal_step_event,pedal_to_throttle_delay,trip_0070,trip_0070_seg_001,2018-03-19 06:05:31+00:00,791,29.000000,0.000000,0.950087,True,none
pedal_step_002102,pedal_step_event,pedal_to_throttle_delay,trip_0070,trip_0070_seg_001,2018-03-19 06:07:13+00:00,893,20.000000,3.000000,0.419205,True,none
pedal_step_002103,pedal_step_event,pedal_to_throttle_delay,trip_0070,trip_0070_seg_001,2018-03-19 06:18:23+00:00,1563,29.800000,1.000000,0.846870,True,none
pedal_step_002104,pedal_step_event,pedal_to_throttle_delay,trip_0070,trip_0070_seg_001,2018-03-19 06:28:09+00:00,2149,24.100000,,,False,zero_variance
pedal_step_002105,pedal_step_event,pedal_to_throttle_delay,trip_0070,trip_0070_seg_001,2018-03-19 06:30:57+00:00,2317,21.350000,,,False,zero_variance
pedal_step_002106,pedal_step_event,pedal_to_throttle_delay,trip_0070,trip_0070_seg_001,2018-03-19 06:32:25+00:00,2405,22.550000,,,False,zero_variance
pedal_step_002107,pedal_step_event,pedal_to_throttle_delay,trip_0070,trip_0070_seg_001,2018-03-19 06:33:18+00:00,2458,20.400000,0.000000,0.533605,True,none
pedal_step_002108,pedal_step_event,pedal_to_throttle_delay,trip_0070,trip_0070_seg_001,2018-03-19 06:33:38+00:00,2478,24.700000,0.000000,0.735828,True,none
pedal_step_002109,pedal_step_event,pedal_to_throttle_delay,trip_0070,trip_0070_seg_001,2018-03-19 06:36:42+00:00,2662,33.550000,0.000000,0.741886,True,none
pedal_step_002110,pedal_step_event,pedal_to_throttle_delay,trip_0070,trip_0070_seg_001,2018-03-19 06:36:49+00:00,2669,22.400000,,,False,duplicate_or_overlapping_event
pedal_step_002111,pedal_step_event,pedal_to_throttle_delay,trip_0070,trip_0070_seg_001,2018-03-19 06:44:27+00:00,3127,25.900000,,0.074801,False,low_correlation
pedal_step_002112,pedal_step_event,pedal_to_throttle_delay,trip_0070,trip_0070_seg_001,2018-03-19 06:45:39+00:00,3199,21.800000,,,False,zero_variance
pedal_step_002113,pedal_step_event,pedal_to_throttle_delay,trip_0070,trip_0070_seg_001,2018-03-19 06:47:33+00:00,3313,21.200000,,,False,zero_variance
pedal_step_002114,pedal_step_event,pedal_to_throttle_delay,trip_0070,trip_0070_seg_001,2018-03-19 06:50:02+00:00,3462,22.150000,,,False,zero_variance
pedal_step_002115,pedal_step_event,pedal_to_throttle_delay,trip_0070,trip_0070_seg_001,2018-03-19 06:51:26+00:00,3546,27.650000,,,False,zero_variance
pedal_step_002116,pedal_step_event,pedal_to_throttle_delay,trip_0070,trip_0070_seg_001,2018-03-19 06:52:02+00:00,3582,45.100000,,,False,zero_variance
pedal_step_002117,pedal_step_event,pedal_to_throttle_delay,trip_0070,trip_0070_seg_001,2018-03-19 06:53:12+00:00,3652,23.900000,,,False,zero_variance
pedal_step_002118,pedal_step_event,pedal_to_throttle_delay,trip_0070,trip_0070_seg_001,2018-03-19 06:54:15+00:00,3715,58.800000,,,False,zero_variance
pedal_step_002119,pedal_step_event,pedal_to_throttle_delay,trip_0070,trip_0070_seg_001,2018-03-19 06:55:00+00:00,3760,21.600000,3.000000,0.403745,True,none
pedal_step_002120,pedal_step_event,pedal_to_throttle_delay,trip_0070,trip_0070_seg_001,2018-03-19 06:55:30+00:00,3790,21.400000,,,False,zero_variance
pedal_step_002121,pedal_step_event,pedal_to_throttle_delay,trip_0070,trip_0070_seg_001,2018-03-19 06:59:08+00:00,4008,30.800000,,0.140218,False,low_correlation
pedal_step_002122,pedal_step_event,pedal_to_throttle_delay,trip_0070,trip_0070_seg_001,2018-03-19 06:59:13+00:00,4013,56.100000,,,False,duplicate_or_overlapping_event
pedal_step_002123,pedal_step_event,pedal_to_throttle_delay,trip_0070,trip_0070_seg_001,2018-03-19 06:59:20+00:00,4020,38.050000,,,False,zero_variance
pedal_step_002124,pedal_step_event,pedal_to_throttle_delay,trip_0070,trip_0070_seg_001,2018-03-19 06:59:51+00:00,4051,30.800000,,,False,zero_variance
pedal_step_002125,pedal_step_event,pedal_to_throttle_delay,trip_0070,trip_0070_seg_001,2018-03-19 07:01:23+00:00,4143,36.050000,,,False,zero_variance
pedal_step_002126,pedal_step_event,pedal_to_throttle_delay,trip_0070,trip_0070_seg_001,2018-03-19 07:01:46+00:00,4166,20.800000,,,False,zero_variance
pedal_step_002127,pedal_step_event,pedal_to_throttle_delay,trip_0070,trip_0070_seg_001,2018-03-19 07:06:45+00:00,4465,22.900000,,,False,zero_variance
pedal_step_002128,pedal_step_event,pedal_to_throttle_delay,trip_0070,trip_0070_seg_001,2018-03-19 07:08:17+00:00,4557,41.600000,,,False,zero_variance
pedal_step_002129,pedal_step_event,pedal_to_throttle_delay,trip_0070,trip_0070_seg_001,2018-03-19 07:09:32+00:00,4632,26.900000,,,False,zero_variance
pedal_step_002130,pedal_step_event,pedal_to_throttle_delay,trip_0070,trip_0070_seg_001,2018-03-19 07:10:57+00:00,4717,20.600000,,,False,zero_variance
pedal_step_002131,pedal_step_event,pedal_to_throttle_delay,trip_0070,trip_0070_seg_001,2018-03-19 07:11:29+00:00,4749,20.050000,,,False,zero_variance
pedal_step_002132,pedal_step_event,pedal_to_throttle_delay,trip_0070,trip_0070_seg_001,2018-03-19 07:11:32+00:00,4752,23.900000,,,False,duplicate_or_overlapping_event
pedal_step_002133,pedal_step_event,pedal_to_throttle_delay,trip_0070,trip_0070_seg_001,2018-03-19 07:16:54+00:00,5074,21.800000,0.000000,0.431918,True,none
pedal_step_002134,pedal_step_event,pedal_to_throttle_delay,trip_0070,trip_0070_seg_001,2018-03-19 07:16:56+00:00,5076,26.700000,,,False,duplicate_or_overlapping_event
pedal_step_002135,pedal_step_event,pedal_to_throttle_delay,trip_0070,trip_0070_seg_001,2018-03-19 07:18:21+00:00,5161,21.950000,2.000000,0.473559,True,none
pedal_step_002136,pedal_step_event,pedal_to_throttle_delay,trip_0070,trip_0070_seg_001,2018-03-19 07:20:42+00:00,5302,25.900000,1.000000,0.562085,True,none
pedal_step_002137,pedal_step_event,pedal_to_throttle_delay,trip_0070,trip_0070_seg_001,2018-03-19 07:20:47+00:00,5307,30.800000,,,False,duplicate_or_overlapping_event
pedal_step_002138,pedal_step_event,pedal_to_throttle_delay,trip_0070,trip_0070_seg_001,2018-03-19 07:21:18+00:00,5338,25.500000,2.000000,0.716129,True,none
pedal_step_002139,pedal_step_event,pedal_to_throttle_delay,trip_0070,trip_0070_seg_001,2018-03-19 07:22:33+00:00,5413,24.500000,1.000000,0.704423,True,none
pedal_step_002140,pedal_step_event,pedal_to_throttle_delay,trip_0070,trip_0070_seg_001,2018-03-19 07:27:24+00:00,5704,23.350000,1.000000,0.603662,True,none
pedal_step_002141,pedal_step_event,pedal_to_throttle_delay,trip_0070,trip_0070_seg_001,2018-03-19 07:27:26+00:00,5706,21.400000,,,False,duplicate_or_overlapping_event
pedal_step_002142,pedal_step_event,pedal_to_throttle_delay,trip_0070,trip_0070_seg_001,2018-03-19 07:28:42+00:00,5782,20.000000,0.000000,0.815577,True,none
pedal_step_002143,pedal_step_event,pedal_to_throttle_delay,trip_0071,trip_0071_seg_001,2018-03-20 07:29:41+00:00,99,27.850000,,,False,zero_variance
pedal_step_002144,pedal_step_event,pedal_to_throttle_delay,trip_0071,trip_0071_seg_001,2018-03-20 07:32:01+00:00,239,30.600000,3.000000,0.800863,True,none
pedal_step_002145,pedal_step_event,pedal_to_throttle_delay,trip_0071,trip_0071_seg_001,2018-03-20 07:33:14+00:00,312,22.900000,0.000000,0.796454,True,none
pedal_step_002146,pedal_step_event,pedal_to_throttle_delay,trip_0071,trip_0071_seg_001,2018-03-20 07:33:16+00:00,314,36.250000,,,False,duplicate_or_overlapping_event
pedal_step_002147,pedal_step_event,pedal_to_throttle_delay,trip_0071,trip_0071_seg_001,2018-03-20 07:33:19+00:00,317,28.650000,,,False,duplicate_or_overlapping_event
pedal_step_002148,pedal_step_event,pedal_to_throttle_delay,trip_0071,trip_0071_seg_001,2018-03-20 07:33:23+00:00,321,31.200000,0.000000,0.982064,True,none
pedal_step_002149,pedal_step_event,pedal_to_throttle_delay,trip_0071,trip_0071_seg_001,2018-03-20 07:34:11+00:00,369,37.850000,0.000000,0.514837,True,none
pedal_step_002150,pedal_step_event,pedal_to_throttle_delay,trip_0071,trip_0071_seg_001,2018-03-20 07:34:44+00:00,402,24.700000,1.000000,0.940540,True,none
pedal_step_002151,pedal_step_event,pedal_to_throttle_delay,trip_0071,trip_0071_seg_001,2018-03-20 07:35:18+00:00,436,34.700000,0.000000,0.761181,True,none
pedal_step_002152,pedal_step_event,pedal_to_throttle_delay,trip_0071,trip_0071_seg_001,2018-03-20 07:35:21+00:00,439,30.800000,,,False,duplicate_or_overlapping_event
pedal_step_002153,pedal_step_event,pedal_to_throttle_delay,trip_0071,trip_0071_seg_001,2018-03-20 07:35:34+00:00,452,44.150000,0.000000,0.881986,True,none
pedal_step_002154,pedal_step_event,pedal_to_throttle_delay,trip_0071,trip_0071_seg_001,2018-03-20 07:41:20+00:00,798,28.000000,0.000000,0.638550,True,none
pedal_step_002155,pedal_step_event,pedal_to_throttle_delay,trip_0071,trip_0071_seg_001,2018-03-20 07:42:26+00:00,864,22.950000,0.000000,0.767253,True,none
pedal_step_002156,pedal_step_event,pedal_to_throttle_delay,trip_0071,trip_0071_seg_001,2018-03-20 07:44:43+00:00,1001,25.100000,,,False,zero_variance
pedal_step_002157,pedal_step_event,pedal_to_throttle_delay,trip_0071,trip_0071_seg_001,2018-03-20 07:51:16+00:00,1394,22.950000,0.000000,0.853799,True,none
pedal_step_002158,pedal_step_event,pedal_to_throttle_delay,trip_0072,trip_0072_seg_001,2018-03-21 18:10:24+00:00,69,22.550000,1.000000,0.515239,True,none
pedal_step_002159,pedal_step_event,pedal_to_throttle_delay,trip_0072,trip_0072_seg_001,2018-03-21 18:11:15+00:00,120,24.500000,0.000000,0.569020,True,none
pedal_step_002160,pedal_step_event,pedal_to_throttle_delay,trip_0072,trip_0072_seg_001,2018-03-21 18:12:26+00:00,191,21.600000,0.000000,0.894397,True,none
pedal_step_002161,pedal_step_event,pedal_to_throttle_delay,trip_0072,trip_0072_seg_001,2018-03-21 18:13:20+00:00,245,21.400000,,,False,zero_variance
pedal_step_002162,pedal_step_event,pedal_to_throttle_delay,trip_0072,trip_0072_seg_001,2018-03-21 18:19:07+00:00,592,26.650000,1.000000,0.878700,True,none
pedal_step_002163,pedal_step_event,pedal_to_throttle_delay,trip_0072,trip_0072_seg_001,2018-03-21 18:19:57+00:00,642,21.000000,,,False,zero_variance
pedal_step_002164,pedal_step_event,pedal_to_throttle_delay,trip_0072,trip_0072_seg_001,2018-03-21 18:21:27+00:00,732,20.450000,,,False,zero_variance
pedal_step_002165,pedal_step_event,pedal_to_throttle_delay,trip_0072,trip_0072_seg_001,2018-03-21 18:21:41+00:00,746,22.150000,0.000000,0.630973,True,none
pedal_step_002166,pedal_step_event,pedal_to_throttle_delay,trip_0072,trip_0072_seg_001,2018-03-21 18:30:10+00:00,1255,33.150000,,,False,zero_variance
pedal_step_002167,pedal_step_event,pedal_to_throttle_delay,trip_0072,trip_0072_seg_001,2018-03-21 18:33:51+00:00,1476,35.150000,,,False,zero_variance
pedal_step_002168,pedal_step_event,pedal_to_throttle_delay,trip_0072,trip_0072_seg_001,2018-03-21 18:34:25+00:00,1510,29.450000,,,False,zero_variance
pedal_step_002169,pedal_step_event,pedal_to_throttle_delay,trip_0072,trip_0072_seg_001,2018-03-21 18:34:43+00:00,1528,20.800000,,,False,zero_variance
pedal_step_002170,pedal_step_event,pedal_to_throttle_delay,trip_0072,trip_0072_seg_001,2018-03-21 18:37:12+00:00,1677,38.450000,1.000000,0.382209,True,none
pedal_step_002171,pedal_step_event,pedal_to_throttle_delay,trip_0072,trip_0072_seg_001,2018-03-21 18:39:49+00:00,1834,24.300000,,,False,zero_variance
pedal_step_002172,pedal_step_event,pedal_to_throttle_delay,trip_0072,trip_0072_seg_001,2018-03-21 18:40:01+00:00,1846,20.200000,,0.296540,False,low_correlation
pedal_step_002173,pedal_step_event,pedal_to_throttle_delay,trip_0072,trip_0072_seg_001,2018-03-21 18:40:24+00:00,1869,26.450000,2.000000,0.679583,True,none
pedal_step_002174,pedal_step_event,pedal_to_throttle_delay,trip_0072,trip_0072_seg_001,2018-03-21 18:41:21+00:00,1926,27.300000,0.000000,0.345559,True,none
pedal_step_002175,pedal_step_event,pedal_to_throttle_delay,trip_0072,trip_0072_seg_001,2018-03-21 18:41:44+00:00,1949,39.600000,,,False,zero_variance
pedal_step_002176,pedal_step_event,pedal_to_throttle_delay,trip_0072,trip_0072_seg_001,2018-03-21 18:44:43+00:00,2128,23.500000,,,False,zero_variance
pedal_step_002177,pedal_step_event,pedal_to_throttle_delay,trip_0072,trip_0072_seg_001,2018-03-21 18:45:38+00:00,2183,26.100000,,,False,zero_variance
pedal_step_002178,pedal_step_event,pedal_to_throttle_delay,trip_0072,trip_0072_seg_001,2018-03-21 18:46:14+00:00,2219,28.100000,,,False,zero_variance
pedal_step_002179,pedal_step_event,pedal_to_throttle_delay,trip_0072,trip_0072_seg_001,2018-03-21 18:47:09+00:00,2274,25.900000,,,False,zero_variance
pedal_step_002180,pedal_step_event,pedal_to_throttle_delay,trip_0072,trip_0072_seg_001,2018-03-21 18:47:43+00:00,2308,34.300000,,,False,zero_variance
pedal_step_002181,pedal_step_event,pedal_to_throttle_delay,trip_0072,trip_0072_seg_001,2018-03-21 18:53:30+00:00,2655,31.550000,,,False,zero_variance
pedal_step_002182,pedal_step_event,pedal_to_throttle_delay,trip_0072,trip_0072_seg_001,2018-03-21 19:07:24+00:00,3489,30.050000,,0.014151,False,low_correlation
pedal_step_002183,pedal_step_event,pedal_to_throttle_delay,trip_0072,trip_0072_seg_001,2018-03-21 19:16:08+00:00,4013,23.550000,2.000000,0.475640,True,none
pedal_step_002184,pedal_step_event,pedal_to_throttle_delay,trip_0072,trip_0072_seg_001,2018-03-21 19:16:12+00:00,4017,32.400000,,,False,duplicate_or_overlapping_event
pedal_step_002185,pedal_step_event,pedal_to_throttle_delay,trip_0072,trip_0072_seg_001,2018-03-21 19:16:29+00:00,4034,22.350000,,,False,zero_variance
pedal_step_002186,pedal_step_event,pedal_to_throttle_delay,trip_0072,trip_0072_seg_001,2018-03-21 19:16:32+00:00,4037,24.900000,,,False,duplicate_or_overlapping_event
pedal_step_002187,pedal_step_event,pedal_to_throttle_delay,trip_0072,trip_0072_seg_001,2018-03-21 19:16:36+00:00,4041,30.400000,,,False,duplicate_or_overlapping_event
pedal_step_002188,pedal_step_event,pedal_to_throttle_delay,trip_0072,trip_0072_seg_001,2018-03-21 19:18:23+00:00,4148,23.950000,0.000000,0.378993,True,none
pedal_step_002189,pedal_step_event,pedal_to_throttle_delay,trip_0072,trip_0072_seg_001,2018-03-21 19:20:15+00:00,4260,42.950000,0.000000,0.713812,True,none
pedal_step_002190,pedal_step_event,pedal_to_throttle_delay,trip_0072,trip_0072_seg_001,2018-03-21 19:20:18+00:00,4263,25.150000,,,False,duplicate_or_overlapping_event
pedal_step_002191,pedal_step_event,pedal_to_throttle_delay,trip_0072,trip_0072_seg_001,2018-03-21 19:20:31+00:00,4276,34.300000,,,False,zero_variance
pedal_step_002192,pedal_step_event,pedal_to_throttle_delay,trip_0072,trip_0072_seg_001,2018-03-21 19:22:06+00:00,4371,20.000000,,,False,zero_variance
pedal_step_002193,pedal_step_event,pedal_to_throttle_delay,trip_0073,trip_0073_seg_001,2018-03-22 06:15:18+00:00,31,21.000000,3.000000,0.934246,True,none
pedal_step_002194,pedal_step_event,pedal_to_throttle_delay,trip_0073,trip_0073_seg_001,2018-03-22 06:15:20+00:00,33,44.900000,,,False,duplicate_or_overlapping_event
pedal_step_002195,pedal_step_event,pedal_to_throttle_delay,trip_0073,trip_0073_seg_001,2018-03-22 06:15:23+00:00,36,36.850000,,,False,duplicate_or_overlapping_event
pedal_step_002196,pedal_step_event,pedal_to_throttle_delay,trip_0073,trip_0073_seg_001,2018-03-22 06:16:17+00:00,90,25.450000,,0.291207,False,low_correlation
pedal_step_002197,pedal_step_event,pedal_to_throttle_delay,trip_0073,trip_0073_seg_001,2018-03-22 06:18:11+00:00,204,23.400000,,0.277180,False,low_correlation
pedal_step_002198,pedal_step_event,pedal_to_throttle_delay,trip_0073,trip_0073_seg_001,2018-03-22 06:18:13+00:00,206,27.450000,,,False,duplicate_or_overlapping_event
pedal_step_002199,pedal_step_event,pedal_to_throttle_delay,trip_0073,trip_0073_seg_001,2018-03-22 06:18:16+00:00,209,21.050000,,,False,duplicate_or_overlapping_event
pedal_step_002200,pedal_step_event,pedal_to_throttle_delay,trip_0073,trip_0073_seg_001,2018-03-22 06:18:28+00:00,221,27.100000,,,False,zero_variance
pedal_step_002201,pedal_step_event,pedal_to_throttle_delay,trip_0073,trip_0073_seg_001,2018-03-22 06:21:05+00:00,378,32.200000,0.000000,0.532629,True,none
pedal_step_002202,pedal_step_event,pedal_to_throttle_delay,trip_0073,trip_0073_seg_001,2018-03-22 06:21:30+00:00,403,20.400000,,,False,zero_variance
pedal_step_002203,pedal_step_event,pedal_to_throttle_delay,trip_0073,trip_0073_seg_001,2018-03-22 06:22:45+00:00,478,20.400000,3.000000,0.468508,True,none
pedal_step_002204,pedal_step_event,pedal_to_throttle_delay,trip_0073,trip_0073_seg_001,2018-03-22 06:24:20+00:00,573,29.050000,,,False,zero_variance
pedal_step_002205,pedal_step_event,pedal_to_throttle_delay,trip_0073,trip_0073_seg_001,2018-03-22 06:32:20+00:00,1053,27.100000,3.000000,0.658066,True,none
pedal_step_002206,pedal_step_event,pedal_to_throttle_delay,trip_0073,trip_0073_seg_001,2018-03-22 06:36:02+00:00,1275,22.550000,3.000000,0.574720,True,none
pedal_step_002207,pedal_step_event,pedal_to_throttle_delay,trip_0073,trip_0073_seg_001,2018-03-22 06:39:30+00:00,1483,25.450000,,,False,zero_variance
pedal_step_002208,pedal_step_event,pedal_to_throttle_delay,trip_0073,trip_0073_seg_001,2018-03-22 06:40:10+00:00,1523,22.950000,1.000000,0.749301,True,none
pedal_step_002209,pedal_step_event,pedal_to_throttle_delay,trip_0073,trip_0073_seg_001,2018-03-22 06:40:12+00:00,1525,24.350000,,,False,duplicate_or_overlapping_event
pedal_step_002210,pedal_step_event,pedal_to_throttle_delay,trip_0073,trip_0073_seg_001,2018-03-22 06:43:52+00:00,1745,33.750000,0.000000,0.873328,True,none
pedal_step_002211,pedal_step_event,pedal_to_throttle_delay,trip_0073,trip_0073_seg_001,2018-03-22 06:45:10+00:00,1823,30.800000,1.000000,0.504894,True,none
pedal_step_002212,pedal_step_event,pedal_to_throttle_delay,trip_0073,trip_0073_seg_001,2018-03-22 06:45:37+00:00,1850,42.600000,1.000000,0.323278,True,none
pedal_step_002213,pedal_step_event,pedal_to_throttle_delay,trip_0073,trip_0073_seg_001,2018-03-22 06:46:43+00:00,1916,34.300000,,0.196429,False,low_correlation
pedal_step_002214,pedal_step_event,pedal_to_throttle_delay,trip_0073,trip_0073_seg_001,2018-03-22 06:49:14+00:00,2067,26.100000,,,False,zero_variance
pedal_step_002215,pedal_step_event,pedal_to_throttle_delay,trip_0073,trip_0073_seg_001,2018-03-22 06:51:32+00:00,2205,26.300000,,,False,zero_variance
pedal_step_002216,pedal_step_event,pedal_to_throttle_delay,trip_0073,trip_0073_seg_001,2018-03-22 06:51:37+00:00,2210,22.550000,,,False,duplicate_or_overlapping_event
pedal_step_002217,pedal_step_event,pedal_to_throttle_delay,trip_0073,trip_0073_seg_001,2018-03-22 06:53:38+00:00,2331,29.050000,,,False,zero_variance
pedal_step_002218,pedal_step_event,pedal_to_throttle_delay,trip_0073,trip_0073_seg_001,2018-03-22 06:57:40+00:00,2573,28.600000,2.000000,0.351231,True,none
pedal_step_002219,pedal_step_event,pedal_to_throttle_delay,trip_0073,trip_0073_seg_001,2018-03-22 07:02:19+00:00,2852,24.750000,0.000000,0.629932,True,none
pedal_step_002220,pedal_step_event,pedal_to_throttle_delay,trip_0073,trip_0073_seg_001,2018-03-22 07:03:08+00:00,2901,29.200000,0.000000,0.484435,True,none
pedal_step_002221,pedal_step_event,pedal_to_throttle_delay,trip_0073,trip_0073_seg_001,2018-03-22 07:03:11+00:00,2904,25.300000,,,False,duplicate_or_overlapping_event
pedal_step_002222,pedal_step_event,pedal_to_throttle_delay,trip_0073,trip_0073_seg_001,2018-03-22 07:05:13+00:00,3026,21.000000,1.000000,0.564011,True,none
pedal_step_002223,pedal_step_event,pedal_to_throttle_delay,trip_0073,trip_0073_seg_001,2018-03-22 07:05:17+00:00,3030,25.900000,,,False,duplicate_or_overlapping_event
pedal_step_002224,pedal_step_event,pedal_to_throttle_delay,trip_0073,trip_0073_seg_001,2018-03-22 07:05:44+00:00,3057,20.550000,0.000000,0.737267,True,none
pedal_step_002225,pedal_step_event,pedal_to_throttle_delay,trip_0073,trip_0073_seg_001,2018-03-22 07:05:48+00:00,3061,23.150000,,,False,duplicate_or_overlapping_event
pedal_step_002226,pedal_step_event,pedal_to_throttle_delay,trip_0073,trip_0073_seg_001,2018-03-22 07:06:53+00:00,3126,26.600000,0.000000,0.819940,True,none
pedal_step_002227,pedal_step_event,pedal_to_throttle_delay,trip_0073,trip_0073_seg_001,2018-03-22 07:06:55+00:00,3128,37.450000,,,False,duplicate_or_overlapping_event
pedal_step_002228,pedal_step_event,pedal_to_throttle_delay,trip_0074,trip_0074_seg_001,2018-03-22 17:43:02+00:00,52,26.250000,,,False,zero_variance
pedal_step_002229,pedal_step_event,pedal_to_throttle_delay,trip_0074,trip_0074_seg_001,2018-03-22 17:43:04+00:00,54,21.600000,,,False,duplicate_or_overlapping_event
pedal_step_002230,pedal_step_event,pedal_to_throttle_delay,trip_0074,trip_0074_seg_001,2018-03-22 17:43:26+00:00,76,26.250000,3.000000,0.487068,True,none
pedal_step_002231,pedal_step_event,pedal_to_throttle_delay,trip_0074,trip_0074_seg_001,2018-03-22 17:43:42+00:00,92,20.400000,,,False,zero_variance
pedal_step_002232,pedal_step_event,pedal_to_throttle_delay,trip_0074,trip_0074_seg_001,2018-03-22 17:44:00+00:00,110,26.100000,,,False,zero_variance
pedal_step_002233,pedal_step_event,pedal_to_throttle_delay,trip_0074,trip_0074_seg_001,2018-03-22 17:44:17+00:00,127,28.400000,0.000000,0.869723,True,none
pedal_step_002234,pedal_step_event,pedal_to_throttle_delay,trip_0074,trip_0074_seg_001,2018-03-22 17:44:47+00:00,157,22.600000,0.000000,0.541057,True,none
pedal_step_002235,pedal_step_event,pedal_to_throttle_delay,trip_0074,trip_0074_seg_001,2018-03-22 17:44:49+00:00,159,34.500000,,,False,duplicate_or_overlapping_event
pedal_step_002236,pedal_step_event,pedal_to_throttle_delay,trip_0074,trip_0074_seg_001,2018-03-22 17:44:52+00:00,162,40.400000,,,False,duplicate_or_overlapping_event
pedal_step_002237,pedal_step_event,pedal_to_throttle_delay,trip_0074,trip_0074_seg_001,2018-03-22 17:45:28+00:00,198,30.950000,3.000000,0.851980,True,none
pedal_step_002238,pedal_step_event,pedal_to_throttle_delay,trip_0074,trip_0074_seg_001,2018-03-22 17:46:35+00:00,265,49.250000,0.000000,0.312876,True,none
pedal_step_002239,pedal_step_event,pedal_to_throttle_delay,trip_0074,trip_0074_seg_001,2018-03-22 17:46:38+00:00,268,28.600000,,,False,duplicate_or_overlapping_event
pedal_step_002240,pedal_step_event,pedal_to_throttle_delay,trip_0074,trip_0074_seg_001,2018-03-22 17:46:51+00:00,281,39.650000,,0.191567,False,low_correlation
pedal_step_002241,pedal_step_event,pedal_to_throttle_delay,trip_0074,trip_0074_seg_001,2018-03-22 17:47:08+00:00,298,31.000000,2.000000,0.383514,True,none
pedal_step_002242,pedal_step_event,pedal_to_throttle_delay,trip_0074,trip_0074_seg_001,2018-03-22 17:47:54+00:00,344,37.050000,,0.074576,False,low_correlation
pedal_step_002243,pedal_step_event,pedal_to_throttle_delay,trip_0074,trip_0074_seg_001,2018-03-22 17:51:29+00:00,559,20.600000,,0.281079,False,low_correlation
pedal_step_002244,pedal_step_event,pedal_to_throttle_delay,trip_0074,trip_0074_seg_001,2018-03-22 17:52:36+00:00,626,38.450000,3.000000,0.317052,True,none
pedal_step_002245,pedal_step_event,pedal_to_throttle_delay,trip_0074,trip_0074_seg_001,2018-03-22 17:53:39+00:00,689,21.950000,,,False,zero_variance
pedal_step_002246,pedal_step_event,pedal_to_throttle_delay,trip_0074,trip_0074_seg_001,2018-03-22 17:53:54+00:00,704,37.850000,,,False,zero_variance
pedal_step_002247,pedal_step_event,pedal_to_throttle_delay,trip_0074,trip_0074_seg_001,2018-03-22 17:54:43+00:00,753,20.400000,,,False,zero_variance
pedal_step_002248,pedal_step_event,pedal_to_throttle_delay,trip_0074,trip_0074_seg_001,2018-03-22 17:54:56+00:00,766,21.200000,1.000000,0.571821,True,none
pedal_step_002249,pedal_step_event,pedal_to_throttle_delay,trip_0074,trip_0074_seg_001,2018-03-22 17:59:02+00:00,1012,22.750000,,0.199025,False,low_correlation
pedal_step_002250,pedal_step_event,pedal_to_throttle_delay,trip_0074,trip_0074_seg_001,2018-03-22 17:59:15+00:00,1025,44.700000,0.000000,0.428193,True,none
pedal_step_002251,pedal_step_event,pedal_to_throttle_delay,trip_0074,trip_0074_seg_001,2018-03-22 18:03:26+00:00,1276,27.650000,,,False,zero_variance
pedal_step_002252,pedal_step_event,pedal_to_throttle_delay,trip_0074,trip_0074_seg_001,2018-03-22 18:04:36+00:00,1346,21.800000,,,False,zero_variance
pedal_step_002253,pedal_step_event,pedal_to_throttle_delay,trip_0074,trip_0074_seg_001,2018-03-22 18:04:50+00:00,1360,31.200000,,,False,zero_variance
pedal_step_002254,pedal_step_event,pedal_to_throttle_delay,trip_0074,trip_0074_seg_001,2018-03-22 18:07:23+00:00,1513,25.700000,,,False,zero_variance
pedal_step_002255,pedal_step_event,pedal_to_throttle_delay,trip_0074,trip_0074_seg_001,2018-03-22 18:07:48+00:00,1538,26.300000,,,False,zero_variance
pedal_step_002256,pedal_step_event,pedal_to_throttle_delay,trip_0074,trip_0074_seg_001,2018-03-22 18:08:07+00:00,1557,20.400000,,,False,zero_variance
pedal_step_002257,pedal_step_event,pedal_to_throttle_delay,trip_0074,trip_0074_seg_001,2018-03-22 18:08:23+00:00,1573,37.850000,,,False,zero_variance
pedal_step_002258,pedal_step_event,pedal_to_throttle_delay,trip_0074,trip_0074_seg_001,2018-03-22 18:10:17+00:00,1687,20.400000,,,False,zero_variance
pedal_step_002259,pedal_step_event,pedal_to_throttle_delay,trip_0074,trip_0074_seg_001,2018-03-22 18:12:07+00:00,1797,20.200000,0.000000,0.398233,True,none
pedal_step_002260,pedal_step_event,pedal_to_throttle_delay,trip_0074,trip_0074_seg_001,2018-03-22 18:12:08+00:00,1798,22.900000,,,False,duplicate_or_overlapping_event
pedal_step_002261,pedal_step_event,pedal_to_throttle_delay,trip_0074,trip_0074_seg_001,2018-03-22 18:13:38+00:00,1888,29.050000,0.000000,0.407022,True,none
pedal_step_002262,pedal_step_event,pedal_to_throttle_delay,trip_0074,trip_0074_seg_001,2018-03-22 18:16:06+00:00,2036,51.800000,,,False,zero_variance
pedal_step_002263,pedal_step_event,pedal_to_throttle_delay,trip_0074,trip_0074_seg_001,2018-03-22 18:16:31+00:00,2061,23.750000,,,False,zero_variance
pedal_step_002264,pedal_step_event,pedal_to_throttle_delay,trip_0074,trip_0074_seg_001,2018-03-22 18:16:32+00:00,2062,23.350000,,,False,duplicate_or_overlapping_event
pedal_step_002265,pedal_step_event,pedal_to_throttle_delay,trip_0074,trip_0074_seg_001,2018-03-22 18:17:22+00:00,2112,24.300000,,,False,zero_variance
pedal_step_002266,pedal_step_event,pedal_to_throttle_delay,trip_0074,trip_0074_seg_001,2018-03-22 18:17:42+00:00,2132,22.950000,,,False,zero_variance
pedal_step_002267,pedal_step_event,pedal_to_throttle_delay,trip_0074,trip_0074_seg_001,2018-03-22 18:17:57+00:00,2147,34.750000,,,False,zero_variance
pedal_step_002268,pedal_step_event,pedal_to_throttle_delay,trip_0074,trip_0074_seg_001,2018-03-22 18:18:04+00:00,2154,21.800000,,,False,duplicate_or_overlapping_event
pedal_step_002269,pedal_step_event,pedal_to_throttle_delay,trip_0074,trip_0074_seg_001,2018-03-22 18:18:12+00:00,2162,36.300000,,,False,zero_variance
pedal_step_002270,pedal_step_event,pedal_to_throttle_delay,trip_0074,trip_0074_seg_001,2018-03-22 18:25:31+00:00,2601,21.600000,,,False,zero_variance
pedal_step_002271,pedal_step_event,pedal_to_throttle_delay,trip_0074,trip_0074_seg_001,2018-03-22 18:25:33+00:00,2603,36.450000,,,False,duplicate_or_overlapping_event
pedal_step_002272,pedal_step_event,pedal_to_throttle_delay,trip_0074,trip_0074_seg_001,2018-03-22 18:26:30+00:00,2660,26.500000,3.000000,0.944866,True,none
pedal_step_002273,pedal_step_event,pedal_to_throttle_delay,trip_0074,trip_0074_seg_001,2018-03-22 18:26:32+00:00,2662,49.050000,,,False,duplicate_or_overlapping_event
pedal_step_002274,pedal_step_event,pedal_to_throttle_delay,trip_0074,trip_0074_seg_001,2018-03-22 18:26:35+00:00,2665,58.000000,,,False,duplicate_or_overlapping_event
pedal_step_002275,pedal_step_event,pedal_to_throttle_delay,trip_0074,trip_0074_seg_001,2018-03-22 18:28:45+00:00,2795,23.150000,,,False,zero_variance
pedal_step_002276,pedal_step_event,pedal_to_throttle_delay,trip_0075,trip_0075_seg_001,2018-03-23 06:16:13+00:00,151,29.450000,0.000000,0.541292,True,none
pedal_step_002277,pedal_step_event,pedal_to_throttle_delay,trip_0075,trip_0075_seg_001,2018-03-23 06:16:16+00:00,154,49.250000,,,False,duplicate_or_overlapping_event
pedal_step_002278,pedal_step_event,pedal_to_throttle_delay,trip_0075,trip_0075_seg_001,2018-03-23 06:17:00+00:00,198,27.600000,0.000000,0.554230,True,none
pedal_step_002279,pedal_step_event,pedal_to_throttle_delay,trip_0075,trip_0075_seg_001,2018-03-23 06:17:02+00:00,200,20.000000,,,False,duplicate_or_overlapping_event
pedal_step_002280,pedal_step_event,pedal_to_throttle_delay,trip_0075,trip_0075_seg_001,2018-03-23 06:17:06+00:00,204,36.100000,,,False,duplicate_or_overlapping_event
pedal_step_002281,pedal_step_event,pedal_to_throttle_delay,trip_0075,trip_0075_seg_001,2018-03-23 06:19:05+00:00,323,27.250000,0.000000,0.582045,True,none
pedal_step_002282,pedal_step_event,pedal_to_throttle_delay,trip_0075,trip_0075_seg_001,2018-03-23 06:19:12+00:00,330,46.100000,,,False,duplicate_or_overlapping_event
pedal_step_002283,pedal_step_event,pedal_to_throttle_delay,trip_0075,trip_0075_seg_001,2018-03-23 06:19:47+00:00,365,31.800000,0.000000,0.817535,True,none
pedal_step_002284,pedal_step_event,pedal_to_throttle_delay,trip_0075,trip_0075_seg_001,2018-03-23 06:19:51+00:00,369,28.450000,,,False,duplicate_or_overlapping_event
pedal_step_002285,pedal_step_event,pedal_to_throttle_delay,trip_0075,trip_0075_seg_001,2018-03-23 06:21:07+00:00,445,20.250000,,0.246758,False,low_correlation
pedal_step_002286,pedal_step_event,pedal_to_throttle_delay,trip_0075,trip_0075_seg_001,2018-03-23 06:21:15+00:00,453,40.600000,,,False,duplicate_or_overlapping_event
pedal_step_002287,pedal_step_event,pedal_to_throttle_delay,trip_0075,trip_0075_seg_001,2018-03-23 06:21:49+00:00,487,32.350000,,0.080577,False,low_correlation
pedal_step_002288,pedal_step_event,pedal_to_throttle_delay,trip_0075,trip_0075_seg_001,2018-03-23 06:22:01+00:00,499,26.100000,0.000000,0.972539,True,none
pedal_step_002289,pedal_step_event,pedal_to_throttle_delay,trip_0075,trip_0075_seg_001,2018-03-23 06:25:07+00:00,685,35.500000,0.000000,0.527625,True,none
pedal_step_002290,pedal_step_event,pedal_to_throttle_delay,trip_0075,trip_0075_seg_001,2018-03-23 06:25:20+00:00,698,25.750000,0.000000,0.834726,True,none
pedal_step_002291,pedal_step_event,pedal_to_throttle_delay,trip_0075,trip_0075_seg_001,2018-03-23 06:26:24+00:00,762,20.250000,,,False,zero_variance
pedal_step_002292,pedal_step_event,pedal_to_throttle_delay,trip_0075,trip_0075_seg_001,2018-03-23 06:26:42+00:00,780,23.150000,,,False,zero_variance
pedal_step_002293,pedal_step_event,pedal_to_throttle_delay,trip_0075,trip_0075_seg_001,2018-03-23 06:31:15+00:00,1053,31.800000,,,False,zero_variance
pedal_step_002294,pedal_step_event,pedal_to_throttle_delay,trip_0075,trip_0075_seg_001,2018-03-23 06:34:24+00:00,1242,25.650000,,,False,zero_variance
pedal_step_002295,pedal_step_event,pedal_to_throttle_delay,trip_0075,trip_0075_seg_001,2018-03-23 06:39:50+00:00,1568,30.200000,0.000000,0.769902,True,none
pedal_step_002296,pedal_step_event,pedal_to_throttle_delay,trip_0075,trip_0075_seg_001,2018-03-23 06:41:33+00:00,1671,21.800000,0.000000,0.938161,True,none
pedal_step_002297,pedal_step_event,pedal_to_throttle_delay,trip_0075,trip_0075_seg_001,2018-03-23 06:41:57+00:00,1695,22.950000,0.000000,0.971272,True,none
pedal_step_002298,pedal_step_event,pedal_to_throttle_delay,trip_0075,trip_0075_seg_001,2018-03-23 06:42:37+00:00,1735,28.450000,,,False,zero_variance
pedal_step_002299,pedal_step_event,pedal_to_throttle_delay,trip_0075,trip_0075_seg_001,2018-03-23 06:43:50+00:00,1808,32.200000,0.000000,0.420224,True,none
pedal_step_002300,pedal_step_event,pedal_to_throttle_delay,trip_0075,trip_0075_seg_001,2018-03-23 06:43:51+00:00,1809,30.950000,,,False,duplicate_or_overlapping_event
pedal_step_002301,pedal_step_event,pedal_to_throttle_delay,trip_0075,trip_0075_seg_001,2018-03-23 06:43:56+00:00,1814,26.450000,,,False,duplicate_or_overlapping_event
pedal_step_002302,pedal_step_event,pedal_to_throttle_delay,trip_0075,trip_0075_seg_001,2018-03-23 06:43:59+00:00,1817,30.400000,1.000000,0.563124,True,none
pedal_step_002303,pedal_step_event,pedal_to_throttle_delay,trip_0075,trip_0075_seg_001,2018-03-23 06:45:01+00:00,1879,39.650000,,,False,zero_variance
pedal_step_002304,pedal_step_event,pedal_to_throttle_delay,trip_0075,trip_0075_seg_001,2018-03-23 06:47:35+00:00,2033,23.900000,,,False,zero_variance
pedal_step_002305,pedal_step_event,pedal_to_throttle_delay,trip_0075,trip_0075_seg_001,2018-03-23 06:49:16+00:00,2134,28.800000,,,False,zero_variance
pedal_step_002306,pedal_step_event,pedal_to_throttle_delay,trip_0075,trip_0075_seg_001,2018-03-23 06:53:24+00:00,2382,21.400000,0.000000,0.919053,True,none
pedal_step_002307,pedal_step_event,pedal_to_throttle_delay,trip_0075,trip_0075_seg_001,2018-03-23 06:58:46+00:00,2704,27.500000,0.000000,0.436067,True,none
pedal_step_002308,pedal_step_event,pedal_to_throttle_delay,trip_0075,trip_0075_seg_001,2018-03-23 06:59:21+00:00,2739,24.850000,1.000000,0.484275,True,none
pedal_step_002309,pedal_step_event,pedal_to_throttle_delay,trip_0075,trip_0075_seg_001,2018-03-23 07:02:55+00:00,2953,30.400000,,,False,zero_variance
pedal_step_002310,pedal_step_event,pedal_to_throttle_delay,trip_0075,trip_0075_seg_001,2018-03-23 07:03:47+00:00,3005,31.400000,2.000000,0.791226,True,none
pedal_step_002311,pedal_step_event,pedal_to_throttle_delay,trip_0075,trip_0075_seg_001,2018-03-23 07:04:25+00:00,3043,21.000000,,,False,zero_variance
pedal_step_002312,pedal_step_event,pedal_to_throttle_delay,trip_0075,trip_0075_seg_001,2018-03-23 07:04:44+00:00,3062,22.950000,0.000000,0.420907,True,none
pedal_step_002313,pedal_step_event,pedal_to_throttle_delay,trip_0076,trip_0076_seg_001,2018-03-23 16:25:41+00:00,99,23.500000,,,False,zero_variance
pedal_step_002314,pedal_step_event,pedal_to_throttle_delay,trip_0076,trip_0076_seg_001,2018-03-23 16:25:59+00:00,117,32.000000,2.000000,0.506635,True,none
pedal_step_002315,pedal_step_event,pedal_to_throttle_delay,trip_0076,trip_0076_seg_001,2018-03-23 16:26:17+00:00,135,23.900000,,,False,zero_variance
pedal_step_002316,pedal_step_event,pedal_to_throttle_delay,trip_0076,trip_0076_seg_001,2018-03-23 16:26:58+00:00,176,26.900000,,0.175156,False,low_correlation
pedal_step_002317,pedal_step_event,pedal_to_throttle_delay,trip_0076,trip_0076_seg_001,2018-03-23 16:27:00+00:00,178,31.600000,,,False,duplicate_or_overlapping_event
pedal_step_002318,pedal_step_event,pedal_to_throttle_delay,trip_0076,trip_0076_seg_001,2018-03-23 16:27:39+00:00,217,24.700000,0.000000,0.589080,True,none
pedal_step_002319,pedal_step_event,pedal_to_throttle_delay,trip_0076,trip_0076_seg_001,2018-03-23 16:28:00+00:00,238,32.400000,3.000000,0.438901,True,none
pedal_step_002320,pedal_step_event,pedal_to_throttle_delay,trip_0076,trip_0076_seg_001,2018-03-23 16:28:50+00:00,288,33.000000,1.000000,0.659217,True,none
pedal_step_002321,pedal_step_event,pedal_to_throttle_delay,trip_0076,trip_0076_seg_001,2018-03-23 16:28:54+00:00,292,28.050000,,,False,duplicate_or_overlapping_event
pedal_step_002322,pedal_step_event,pedal_to_throttle_delay,trip_0076,trip_0076_seg_001,2018-03-23 16:30:00+00:00,358,22.550000,0.000000,0.453678,True,none
pedal_step_002323,pedal_step_event,pedal_to_throttle_delay,trip_0076,trip_0076_seg_001,2018-03-23 16:30:02+00:00,360,39.850000,,,False,duplicate_or_overlapping_event
pedal_step_002324,pedal_step_event,pedal_to_throttle_delay,trip_0076,trip_0076_seg_001,2018-03-23 16:30:05+00:00,363,36.850000,,,False,duplicate_or_overlapping_event
pedal_step_002325,pedal_step_event,pedal_to_throttle_delay,trip_0076,trip_0076_seg_001,2018-03-23 16:30:48+00:00,406,33.700000,0.000000,0.473079,True,none
pedal_step_002326,pedal_step_event,pedal_to_throttle_delay,trip_0076,trip_0076_seg_001,2018-03-23 16:31:04+00:00,422,25.300000,,,False,zero_variance
pedal_step_002327,pedal_step_event,pedal_to_throttle_delay,trip_0076,trip_0076_seg_001,2018-03-23 16:31:59+00:00,477,21.600000,,,False,zero_variance
pedal_step_002328,pedal_step_event,pedal_to_throttle_delay,trip_0076,trip_0076_seg_001,2018-03-23 16:32:09+00:00,487,20.800000,,,False,zero_variance
pedal_step_002329,pedal_step_event,pedal_to_throttle_delay,trip_0076,trip_0076_seg_001,2018-03-23 16:32:49+00:00,527,23.500000,1.000000,0.415589,True,none
pedal_step_002330,pedal_step_event,pedal_to_throttle_delay,trip_0076,trip_0076_seg_001,2018-03-23 16:33:25+00:00,563,22.400000,0.000000,0.339049,True,none
pedal_step_002331,pedal_step_event,pedal_to_throttle_delay,trip_0076,trip_0076_seg_001,2018-03-23 16:34:59+00:00,657,32.550000,,,False,zero_variance
pedal_step_002332,pedal_step_event,pedal_to_throttle_delay,trip_0076,trip_0076_seg_001,2018-03-23 16:35:53+00:00,711,25.900000,,,False,zero_variance
pedal_step_002333,pedal_step_event,pedal_to_throttle_delay,trip_0076,trip_0076_seg_001,2018-03-23 16:36:24+00:00,742,21.000000,,,False,zero_variance
pedal_step_002334,pedal_step_event,pedal_to_throttle_delay,trip_0076,trip_0076_seg_001,2018-03-23 16:36:49+00:00,767,20.800000,,,False,zero_variance
pedal_step_002335,pedal_step_event,pedal_to_throttle_delay,trip_0076,trip_0076_seg_001,2018-03-23 16:38:08+00:00,846,29.050000,,0.073968,False,low_correlation
pedal_step_002336,pedal_step_event,pedal_to_throttle_delay,trip_0076,trip_0076_seg_001,2018-03-23 16:38:50+00:00,888,32.150000,1.000000,0.903236,True,none
pedal_step_002337,pedal_step_event,pedal_to_throttle_delay,trip_0076,trip_0076_seg_001,2018-03-23 16:39:00+00:00,898,25.300000,,,False,zero_variance
pedal_step_002338,pedal_step_event,pedal_to_throttle_delay,trip_0076,trip_0076_seg_001,2018-03-23 16:39:15+00:00,913,28.450000,,0.127197,False,low_correlation
pedal_step_002339,pedal_step_event,pedal_to_throttle_delay,trip_0076,trip_0076_seg_001,2018-03-23 16:41:51+00:00,1069,25.300000,,,False,zero_variance
pedal_step_002340,pedal_step_event,pedal_to_throttle_delay,trip_0076,trip_0076_seg_001,2018-03-23 16:42:15+00:00,1093,24.150000,0.000000,0.545360,True,none
pedal_step_002341,pedal_step_event,pedal_to_throttle_delay,trip_0076,trip_0076_seg_001,2018-03-23 16:42:25+00:00,1103,20.800000,,,False,zero_variance
pedal_step_002342,pedal_step_event,pedal_to_throttle_delay,trip_0076,trip_0076_seg_001,2018-03-23 16:43:54+00:00,1192,24.500000,0.000000,0.568321,True,none
pedal_step_002343,pedal_step_event,pedal_to_throttle_delay,trip_0076,trip_0076_seg_001,2018-03-23 16:55:29+00:00,1887,22.150000,,,False,zero_variance
pedal_step_002344,pedal_step_event,pedal_to_throttle_delay,trip_0076,trip_0076_seg_001,2018-03-23 16:57:41+00:00,2019,30.250000,3.000000,0.426518,True,none
pedal_step_002345,pedal_step_event,pedal_to_throttle_delay,trip_0076,trip_0076_seg_001,2018-03-23 16:57:45+00:00,2023,32.600000,,,False,duplicate_or_overlapping_event
pedal_step_002346,pedal_step_event,pedal_to_throttle_delay,trip_0076,trip_0076_seg_001,2018-03-23 17:00:59+00:00,2217,29.250000,0.000000,0.507325,True,none
pedal_step_002347,pedal_step_event,pedal_to_throttle_delay,trip_0076,trip_0076_seg_001,2018-03-23 17:01:15+00:00,2233,27.450000,1.000000,0.338970,True,none
pedal_step_002348,pedal_step_event,pedal_to_throttle_delay,trip_0076,trip_0076_seg_001,2018-03-23 17:01:29+00:00,2247,38.050000,0.000000,0.397444,True,none
pedal_step_002349,pedal_step_event,pedal_to_throttle_delay,trip_0076,trip_0076_seg_001,2018-03-23 17:03:10+00:00,2348,45.700000,,,False,zero_variance
pedal_step_002350,pedal_step_event,pedal_to_throttle_delay,trip_0076,trip_0076_seg_001,2018-03-23 17:08:17+00:00,2655,48.250000,,,False,zero_variance
pedal_step_002351,pedal_step_event,pedal_to_throttle_delay,trip_0076,trip_0076_seg_001,2018-03-23 17:08:29+00:00,2667,28.250000,,,False,zero_variance
pedal_step_002352,pedal_step_event,pedal_to_throttle_delay,trip_0076,trip_0076_seg_001,2018-03-23 17:11:16+00:00,2834,20.200000,0.000000,0.848406,True,none
pedal_step_002353,pedal_step_event,pedal_to_throttle_delay,trip_0076,trip_0076_seg_001,2018-03-23 17:15:51+00:00,3109,21.000000,,,False,zero_variance
pedal_step_002354,pedal_step_event,pedal_to_throttle_delay,trip_0076,trip_0076_seg_001,2018-03-23 17:18:28+00:00,3266,20.950000,,0.279532,False,low_correlation
pedal_step_002355,pedal_step_event,pedal_to_throttle_delay,trip_0076,trip_0076_seg_001,2018-03-23 17:18:34+00:00,3272,35.900000,,,False,duplicate_or_overlapping_event
pedal_step_002356,pedal_step_event,pedal_to_throttle_delay,trip_0076,trip_0076_seg_001,2018-03-23 17:18:57+00:00,3295,44.500000,0.000000,0.374092,True,none
pedal_step_002357,pedal_step_event,pedal_to_throttle_delay,trip_0076,trip_0076_seg_001,2018-03-23 17:19:01+00:00,3299,21.750000,,,False,duplicate_or_overlapping_event
pedal_step_002358,pedal_step_event,pedal_to_throttle_delay,trip_0076,trip_0076_seg_001,2018-03-23 17:20:59+00:00,3417,20.250000,,,False,zero_variance
pedal_step_002359,pedal_step_event,pedal_to_throttle_delay,trip_0076,trip_0076_seg_001,2018-03-23 17:21:28+00:00,3446,27.850000,,0.298761,False,low_correlation
pedal_step_002360,pedal_step_event,pedal_to_throttle_delay,trip_0076,trip_0076_seg_001,2018-03-23 17:21:33+00:00,3451,48.850000,,,False,duplicate_or_overlapping_event
pedal_step_002361,pedal_step_event,pedal_to_throttle_delay,trip_0076,trip_0076_seg_001,2018-03-23 17:22:38+00:00,3516,21.750000,,,False,zero_variance
pedal_step_002362,pedal_step_event,pedal_to_throttle_delay,trip_0076,trip_0076_seg_001,2018-03-23 17:22:41+00:00,3519,39.250000,,,False,duplicate_or_overlapping_event
pedal_step_002363,pedal_step_event,pedal_to_throttle_delay,trip_0076,trip_0076_seg_001,2018-03-23 17:23:31+00:00,3569,25.500000,1.000000,0.707057,True,none
pedal_step_002364,pedal_step_event,pedal_to_throttle_delay,trip_0077,trip_0077_seg_001,2018-03-26 05:19:15+00:00,131,21.750000,0.000000,0.804844,True,none
pedal_step_002365,pedal_step_event,pedal_to_throttle_delay,trip_0077,trip_0077_seg_001,2018-03-26 05:19:17+00:00,133,45.100000,,,False,duplicate_or_overlapping_event
pedal_step_002366,pedal_step_event,pedal_to_throttle_delay,trip_0077,trip_0077_seg_001,2018-03-26 05:19:56+00:00,172,31.400000,3.000000,0.651575,True,none
pedal_step_002367,pedal_step_event,pedal_to_throttle_delay,trip_0077,trip_0077_seg_001,2018-03-26 05:20:48+00:00,224,20.800000,0.000000,0.655392,True,none
pedal_step_002368,pedal_step_event,pedal_to_throttle_delay,trip_0077,trip_0077_seg_001,2018-03-26 05:20:50+00:00,226,46.700000,,,False,duplicate_or_overlapping_event
pedal_step_002369,pedal_step_event,pedal_to_throttle_delay,trip_0077,trip_0077_seg_001,2018-03-26 05:20:53+00:00,229,40.750000,,,False,duplicate_or_overlapping_event
pedal_step_002370,pedal_step_event,pedal_to_throttle_delay,trip_0077,trip_0077_seg_001,2018-03-26 05:20:56+00:00,232,21.200000,,,False,duplicate_or_overlapping_event
pedal_step_002371,pedal_step_event,pedal_to_throttle_delay,trip_0077,trip_0077_seg_001,2018-03-26 05:22:05+00:00,301,23.750000,0.000000,0.852578,True,none
pedal_step_002372,pedal_step_event,pedal_to_throttle_delay,trip_0077,trip_0077_seg_001,2018-03-26 05:22:23+00:00,319,33.900000,0.000000,0.766510,True,none
pedal_step_002373,pedal_step_event,pedal_to_throttle_delay,trip_0077,trip_0077_seg_001,2018-03-26 05:22:26+00:00,322,23.350000,,,False,duplicate_or_overlapping_event
pedal_step_002374,pedal_step_event,pedal_to_throttle_delay,trip_0077,trip_0077_seg_001,2018-03-26 05:22:56+00:00,352,25.900000,,,False,zero_variance
pedal_step_002375,pedal_step_event,pedal_to_throttle_delay,trip_0077,trip_0077_seg_001,2018-03-26 05:23:59+00:00,415,24.500000,0.000000,0.674738,True,none
pedal_step_002376,pedal_step_event,pedal_to_throttle_delay,trip_0077,trip_0077_seg_001,2018-03-26 05:24:01+00:00,417,35.300000,,,False,duplicate_or_overlapping_event
pedal_step_002377,pedal_step_event,pedal_to_throttle_delay,trip_0077,trip_0077_seg_001,2018-03-26 05:24:04+00:00,420,31.750000,,,False,duplicate_or_overlapping_event
pedal_step_002378,pedal_step_event,pedal_to_throttle_delay,trip_0077,trip_0077_seg_001,2018-03-26 05:24:47+00:00,463,34.500000,0.000000,0.408294,True,none
pedal_step_002379,pedal_step_event,pedal_to_throttle_delay,trip_0077,trip_0077_seg_001,2018-03-26 05:24:51+00:00,467,21.750000,,,False,duplicate_or_overlapping_event
pedal_step_002380,pedal_step_event,pedal_to_throttle_delay,trip_0077,trip_0077_seg_001,2018-03-26 05:25:13+00:00,489,27.850000,3.000000,0.593280,True,none
pedal_step_002381,pedal_step_event,pedal_to_throttle_delay,trip_0077,trip_0077_seg_001,2018-03-26 05:28:46+00:00,702,23.150000,,,False,zero_variance
pedal_step_002382,pedal_step_event,pedal_to_throttle_delay,trip_0077,trip_0077_seg_001,2018-03-26 05:28:54+00:00,710,43.900000,,,False,duplicate_or_overlapping_event
pedal_step_002383,pedal_step_event,pedal_to_throttle_delay,trip_0077,trip_0077_seg_001,2018-03-26 05:32:52+00:00,948,24.300000,,,False,zero_variance
pedal_step_002384,pedal_step_event,pedal_to_throttle_delay,trip_0077,trip_0077_seg_001,2018-03-26 05:40:22+00:00,1398,22.350000,,,False,zero_variance
pedal_step_002385,pedal_step_event,pedal_to_throttle_delay,trip_0077,trip_0077_seg_001,2018-03-26 05:41:26+00:00,1462,21.400000,,,False,zero_variance
pedal_step_002386,pedal_step_event,pedal_to_throttle_delay,trip_0077,trip_0077_seg_001,2018-03-26 05:56:02+00:00,2338,22.400000,,,False,zero_variance
pedal_step_002387,pedal_step_event,pedal_to_throttle_delay,trip_0077,trip_0077_seg_001,2018-03-26 06:01:41+00:00,2677,31.000000,0.000000,0.696345,True,none
pedal_step_002388,pedal_step_event,pedal_to_throttle_delay,trip_0077,trip_0077_seg_001,2018-03-26 06:01:44+00:00,2680,24.500000,,,False,duplicate_or_overlapping_event
pedal_step_002389,pedal_step_event,pedal_to_throttle_delay,trip_0077,trip_0077_seg_001,2018-03-26 06:03:17+00:00,2773,25.100000,0.000000,0.569944,True,none
pedal_step_002390,pedal_step_event,pedal_to_throttle_delay,trip_0078,trip_0078_seg_001,2018-03-26 16:07:18+00:00,46,23.700000,,,False,zero_variance
pedal_step_002391,pedal_step_event,pedal_to_throttle_delay,trip_0078,trip_0078_seg_001,2018-03-26 16:29:16+00:00,1364,24.100000,1.000000,0.537063,True,none
pedal_step_002392,pedal_step_event,pedal_to_throttle_delay,trip_0078,trip_0078_seg_001,2018-03-26 16:29:19+00:00,1367,25.900000,,,False,duplicate_or_overlapping_event
pedal_step_002393,pedal_step_event,pedal_to_throttle_delay,trip_0078,trip_0078_seg_001,2018-03-26 16:29:22+00:00,1370,32.200000,,,False,duplicate_or_overlapping_event
pedal_step_002394,pedal_step_event,pedal_to_throttle_delay,trip_0078,trip_0078_seg_001,2018-03-26 16:30:20+00:00,1428,22.750000,,0.240253,False,low_correlation
pedal_step_002395,pedal_step_event,pedal_to_throttle_delay,trip_0078,trip_0078_seg_001,2018-03-26 16:30:37+00:00,1445,33.900000,3.000000,0.466714,True,none
pedal_step_002396,pedal_step_event,pedal_to_throttle_delay,trip_0078,trip_0078_seg_001,2018-03-26 16:32:33+00:00,1561,26.900000,,,False,zero_variance
pedal_step_002397,pedal_step_event,pedal_to_throttle_delay,trip_0079,trip_0079_seg_002,2018-03-29 14:47:49+00:00,78,33.750000,3.000000,0.791032,True,none
pedal_step_002398,pedal_step_event,pedal_to_throttle_delay,trip_0079,trip_0079_seg_002,2018-03-29 14:48:04+00:00,93,25.050000,1.000000,0.558056,True,none
pedal_step_002399,pedal_step_event,pedal_to_throttle_delay,trip_0079,trip_0079_seg_002,2018-03-29 14:48:13+00:00,102,27.100000,3.000000,0.484268,True,none
pedal_step_002400,pedal_step_event,pedal_to_throttle_delay,trip_0079,trip_0079_seg_002,2018-03-29 14:48:28+00:00,117,20.050000,1.000000,0.699682,True,none
pedal_step_002401,pedal_step_event,pedal_to_throttle_delay,trip_0079,trip_0079_seg_002,2018-03-29 14:48:36+00:00,125,29.850000,,,False,duplicate_or_overlapping_event
pedal_step_002402,pedal_step_event,pedal_to_throttle_delay,trip_0079,trip_0079_seg_002,2018-03-29 14:49:47+00:00,196,29.450000,0.000000,0.776220,True,none
pedal_step_002403,pedal_step_event,pedal_to_throttle_delay,trip_0079,trip_0079_seg_002,2018-03-29 14:49:50+00:00,199,21.600000,,,False,duplicate_or_overlapping_event
pedal_step_002404,pedal_step_event,pedal_to_throttle_delay,trip_0079,trip_0079_seg_002,2018-03-29 14:50:41+00:00,250,21.750000,2.000000,0.311728,True,none
pedal_step_002405,pedal_step_event,pedal_to_throttle_delay,trip_0079,trip_0079_seg_002,2018-03-29 14:50:57+00:00,266,32.000000,0.000000,0.933799,True,none
pedal_step_002406,pedal_step_event,pedal_to_throttle_delay,trip_0079,trip_0079_seg_003,2018-03-29 14:57:32+00:00,43,29.450000,1.000000,0.629061,True,none
pedal_step_002407,pedal_step_event,pedal_to_throttle_delay,trip_0079,trip_0079_seg_003,2018-03-29 14:57:48+00:00,59,21.950000,,,False,zero_variance
pedal_step_002408,pedal_step_event,pedal_to_throttle_delay,trip_0079,trip_0079_seg_003,2018-03-29 15:00:48+00:00,239,20.200000,,,False,zero_variance
pedal_step_002409,pedal_step_event,pedal_to_throttle_delay,trip_0079,trip_0079_seg_003,2018-03-29 15:04:02+00:00,433,23.350000,1.000000,0.659803,True,none
pedal_step_002410,pedal_step_event,pedal_to_throttle_delay,trip_0079,trip_0079_seg_003,2018-03-29 15:06:53+00:00,604,26.900000,0.000000,0.401869,True,none
pedal_step_002411,pedal_step_event,pedal_to_throttle_delay,trip_0079,trip_0079_seg_003,2018-03-29 15:06:57+00:00,608,38.250000,,,False,duplicate_or_overlapping_event
pedal_step_002412,pedal_step_event,pedal_to_throttle_delay,trip_0079,trip_0079_seg_003,2018-03-29 15:08:01+00:00,672,22.150000,0.000000,0.578788,True,none
pedal_step_002413,pedal_step_event,pedal_to_throttle_delay,trip_0079,trip_0079_seg_003,2018-03-29 15:08:04+00:00,675,24.050000,,,False,duplicate_or_overlapping_event
pedal_step_002414,pedal_step_event,pedal_to_throttle_delay,trip_0079,trip_0079_seg_003,2018-03-29 15:12:01+00:00,912,23.550000,1.000000,0.667916,True,none
pedal_step_002415,pedal_step_event,pedal_to_throttle_delay,trip_0079,trip_0079_seg_003,2018-03-29 15:12:07+00:00,918,27.650000,,,False,duplicate_or_overlapping_event
pedal_step_002416,pedal_step_event,pedal_to_throttle_delay,trip_0079,trip_0079_seg_003,2018-03-29 15:14:05+00:00,1036,20.000000,2.000000,0.597515,True,none
pedal_step_002417,pedal_step_event,pedal_to_throttle_delay,trip_0079,trip_0079_seg_003,2018-03-29 15:14:33+00:00,1064,21.600000,,,False,zero_variance
pedal_step_002418,pedal_step_event,pedal_to_throttle_delay,trip_0079,trip_0079_seg_003,2018-03-29 15:15:47+00:00,1138,28.400000,,,False,zero_variance
pedal_step_002419,pedal_step_event,pedal_to_throttle_delay,trip_0079,trip_0079_seg_003,2018-03-29 15:18:41+00:00,1312,20.200000,1.000000,0.535730,True,none
pedal_step_002420,pedal_step_event,pedal_to_throttle_delay,trip_0079,trip_0079_seg_003,2018-03-29 15:22:22+00:00,1533,20.400000,,,False,zero_variance
pedal_step_002421,pedal_step_event,pedal_to_throttle_delay,trip_0079,trip_0079_seg_003,2018-03-29 15:22:42+00:00,1553,28.600000,0.000000,0.865359,True,none
pedal_step_002422,pedal_step_event,pedal_to_throttle_delay,trip_0079,trip_0079_seg_003,2018-03-29 15:23:09+00:00,1580,34.150000,,,False,zero_variance
pedal_step_002423,pedal_step_event,pedal_to_throttle_delay,trip_0079,trip_0079_seg_003,2018-03-29 15:25:26+00:00,1717,21.900000,2.000000,0.470864,True,none
pedal_step_002424,pedal_step_event,pedal_to_throttle_delay,trip_0079,trip_0079_seg_003,2018-03-29 15:29:19+00:00,1950,22.500000,0.000000,0.623926,True,none
pedal_step_002425,pedal_step_event,pedal_to_throttle_delay,trip_0079,trip_0079_seg_003,2018-03-29 15:30:01+00:00,1992,34.350000,1.000000,0.791358,True,none
pedal_step_002426,pedal_step_event,pedal_to_throttle_delay,trip_0079,trip_0079_seg_003,2018-03-29 15:30:41+00:00,2032,30.950000,0.000000,0.570666,True,none
pedal_step_002427,pedal_step_event,pedal_to_throttle_delay,trip_0079,trip_0079_seg_003,2018-03-29 15:31:44+00:00,2095,26.850000,0.000000,0.688424,True,none
pedal_step_002428,pedal_step_event,pedal_to_throttle_delay,trip_0079,trip_0079_seg_003,2018-03-29 15:31:49+00:00,2100,23.300000,,,False,duplicate_or_overlapping_event
pedal_step_002429,pedal_step_event,pedal_to_throttle_delay,trip_0079,trip_0079_seg_003,2018-03-29 15:31:52+00:00,2103,21.950000,,,False,duplicate_or_overlapping_event
pedal_step_002430,pedal_step_event,pedal_to_throttle_delay,trip_0079,trip_0079_seg_003,2018-03-29 15:32:47+00:00,2158,22.400000,0.000000,0.802794,True,none
pedal_step_002431,pedal_step_event,pedal_to_throttle_delay,trip_0079,trip_0079_seg_003,2018-03-29 15:33:06+00:00,2177,21.350000,,,False,zero_variance
pedal_step_002432,pedal_step_event,pedal_to_throttle_delay,trip_0079,trip_0079_seg_003,2018-03-29 15:34:32+00:00,2263,23.350000,0.000000,0.770703,True,none
pedal_step_002433,pedal_step_event,pedal_to_throttle_delay,trip_0079,trip_0079_seg_003,2018-03-29 15:35:21+00:00,2312,46.300000,,,False,zero_variance
pedal_step_002434,pedal_step_event,pedal_to_throttle_delay,trip_0079,trip_0079_seg_003,2018-03-29 15:35:24+00:00,2315,34.300000,,,False,duplicate_or_overlapping_event
pedal_step_002435,pedal_step_event,pedal_to_throttle_delay,trip_0079,trip_0079_seg_003,2018-03-29 15:37:42+00:00,2453,46.450000,0.000000,0.775558,True,none
pedal_step_002436,pedal_step_event,pedal_to_throttle_delay,trip_0079,trip_0079_seg_003,2018-03-29 15:37:51+00:00,2462,40.000000,,,False,zero_variance
pedal_step_002437,pedal_step_event,pedal_to_throttle_delay,trip_0079,trip_0079_seg_003,2018-03-29 15:38:40+00:00,2511,25.300000,,,False,zero_variance
pedal_step_002438,pedal_step_event,pedal_to_throttle_delay,trip_0079,trip_0079_seg_003,2018-03-29 15:39:20+00:00,2551,21.000000,,,False,zero_variance
pedal_step_002439,pedal_step_event,pedal_to_throttle_delay,trip_0079,trip_0079_seg_003,2018-03-29 15:42:33+00:00,2744,25.700000,,,False,zero_variance
pedal_step_002440,pedal_step_event,pedal_to_throttle_delay,trip_0079,trip_0079_seg_003,2018-03-29 15:43:38+00:00,2809,22.150000,,,False,zero_variance
pedal_step_002441,pedal_step_event,pedal_to_throttle_delay,trip_0079,trip_0079_seg_003,2018-03-29 15:43:42+00:00,2813,21.600000,,,False,duplicate_or_overlapping_event
pedal_step_002442,pedal_step_event,pedal_to_throttle_delay,trip_0079,trip_0079_seg_003,2018-03-29 15:43:44+00:00,2815,20.450000,,,False,duplicate_or_overlapping_event
pedal_step_002443,pedal_step_event,pedal_to_throttle_delay,trip_0079,trip_0079_seg_003,2018-03-29 15:45:18+00:00,2909,21.950000,,,False,zero_variance
pedal_step_002444,pedal_step_event,pedal_to_throttle_delay,trip_0079,trip_0079_seg_003,2018-03-29 15:54:08+00:00,3439,39.200000,0.000000,0.938104,True,none
pedal_step_002445,pedal_step_event,pedal_to_throttle_delay,trip_0079,trip_0079_seg_003,2018-03-29 16:07:18+00:00,4229,22.600000,1.000000,0.704798,True,none
pedal_step_002446,pedal_step_event,pedal_to_throttle_delay,trip_0079,trip_0079_seg_003,2018-03-29 16:07:57+00:00,4268,25.850000,3.000000,0.596306,True,none
pedal_step_002447,pedal_step_event,pedal_to_throttle_delay,trip_0079,trip_0079_seg_003,2018-03-29 16:08:01+00:00,4272,22.750000,,,False,duplicate_or_overlapping_event
pedal_step_002448,pedal_step_event,pedal_to_throttle_delay,trip_0079,trip_0079_seg_003,2018-03-29 16:11:01+00:00,4452,25.300000,,0.288883,False,low_correlation
pedal_step_002449,pedal_step_event,pedal_to_throttle_delay,trip_0079,trip_0079_seg_003,2018-03-29 16:12:22+00:00,4533,24.500000,1.000000,0.898842,True,none
pedal_step_002450,pedal_step_event,pedal_to_throttle_delay,trip_0079,trip_0079_seg_003,2018-03-29 16:12:26+00:00,4537,34.700000,,,False,duplicate_or_overlapping_event
pedal_step_002451,pedal_step_event,pedal_to_throttle_delay,trip_0079,trip_0079_seg_003,2018-03-29 16:12:33+00:00,4544,33.350000,,,False,zero_variance
pedal_step_002452,pedal_step_event,pedal_to_throttle_delay,trip_0079,trip_0079_seg_003,2018-03-29 16:12:41+00:00,4552,35.500000,,,False,duplicate_or_overlapping_event
pedal_step_002453,pedal_step_event,pedal_to_throttle_delay,trip_0079,trip_0079_seg_003,2018-03-29 16:13:02+00:00,4573,20.350000,,,False,zero_variance
pedal_step_002454,pedal_step_event,pedal_to_throttle_delay,trip_0079,trip_0079_seg_003,2018-03-29 16:13:06+00:00,4577,30.600000,,,False,duplicate_or_overlapping_event
pedal_step_002455,pedal_step_event,pedal_to_throttle_delay,trip_0079,trip_0079_seg_003,2018-03-29 16:13:39+00:00,4610,24.900000,,,False,zero_variance
pedal_step_002456,pedal_step_event,pedal_to_throttle_delay,trip_0079,trip_0079_seg_003,2018-03-29 16:15:52+00:00,4743,32.550000,,,False,zero_variance
pedal_step_002457,pedal_step_event,pedal_to_throttle_delay,trip_0079,trip_0079_seg_003,2018-03-29 16:16:36+00:00,4787,44.100000,,,False,zero_variance
pedal_step_002458,pedal_step_event,pedal_to_throttle_delay,trip_0079,trip_0079_seg_003,2018-03-29 16:16:58+00:00,4809,22.600000,,,False,zero_variance
pedal_step_002459,pedal_step_event,pedal_to_throttle_delay,trip_0079,trip_0079_seg_003,2018-03-29 16:17:17+00:00,4828,20.200000,,0.147680,False,low_correlation
pedal_step_002460,pedal_step_event,pedal_to_throttle_delay,trip_0079,trip_0079_seg_003,2018-03-29 16:17:23+00:00,4834,55.300000,,,False,duplicate_or_overlapping_event
pedal_step_002461,pedal_step_event,pedal_to_throttle_delay,trip_0079,trip_0079_seg_003,2018-03-29 16:18:05+00:00,4876,21.950000,,,False,zero_variance
pedal_step_002462,pedal_step_event,pedal_to_throttle_delay,trip_0079,trip_0079_seg_003,2018-03-29 16:18:51+00:00,4922,22.400000,,,False,zero_variance
pedal_step_002463,pedal_step_event,pedal_to_throttle_delay,trip_0079,trip_0079_seg_003,2018-03-29 16:19:01+00:00,4932,27.300000,,,False,zero_variance
pedal_step_002464,pedal_step_event,pedal_to_throttle_delay,trip_0079,trip_0079_seg_003,2018-03-29 16:20:40+00:00,5031,21.200000,,,False,zero_variance
pedal_step_002465,pedal_step_event,pedal_to_throttle_delay,trip_0079,trip_0079_seg_003,2018-03-29 16:21:00+00:00,5051,39.000000,,,False,zero_variance
pedal_step_002466,pedal_step_event,pedal_to_throttle_delay,trip_0079,trip_0079_seg_003,2018-03-29 16:21:22+00:00,5073,37.250000,,,False,zero_variance
pedal_step_002467,pedal_step_event,pedal_to_throttle_delay,trip_0079,trip_0079_seg_003,2018-03-29 16:23:12+00:00,5183,21.550000,,,False,zero_variance
pedal_step_002468,pedal_step_event,pedal_to_throttle_delay,trip_0079,trip_0079_seg_003,2018-03-29 16:23:20+00:00,5191,21.750000,,,False,duplicate_or_overlapping_event
pedal_step_002469,pedal_step_event,pedal_to_throttle_delay,trip_0079,trip_0079_seg_003,2018-03-29 16:23:21+00:00,5192,22.350000,,,False,zero_variance
pedal_step_002470,pedal_step_event,pedal_to_throttle_delay,trip_0079,trip_0079_seg_003,2018-03-29 16:23:59+00:00,5230,22.950000,,,False,zero_variance
pedal_step_002471,pedal_step_event,pedal_to_throttle_delay,trip_0079,trip_0079_seg_003,2018-03-29 16:26:19+00:00,5370,33.350000,3.000000,0.634761,True,none
pedal_step_002472,pedal_step_event,pedal_to_throttle_delay,trip_0079,trip_0079_seg_003,2018-03-29 16:27:40+00:00,5451,25.300000,,,False,zero_variance
pedal_step_002473,pedal_step_event,pedal_to_throttle_delay,trip_0079,trip_0079_seg_003,2018-03-29 16:27:55+00:00,5466,20.400000,0.000000,0.901587,True,none
pedal_step_002474,pedal_step_event,pedal_to_throttle_delay,trip_0079,trip_0079_seg_003,2018-03-29 16:28:02+00:00,5473,31.950000,,,False,duplicate_or_overlapping_event
pedal_step_002475,pedal_step_event,pedal_to_throttle_delay,trip_0079,trip_0079_seg_003,2018-03-29 16:28:15+00:00,5486,28.450000,1.000000,0.408162,True,none
pedal_step_002476,pedal_step_event,pedal_to_throttle_delay,trip_0079,trip_0079_seg_003,2018-03-29 16:32:54+00:00,5765,20.650000,,,False,zero_variance
pedal_step_002477,pedal_step_event,pedal_to_throttle_delay,trip_0079,trip_0079_seg_003,2018-03-29 16:34:32+00:00,5863,23.100000,0.000000,0.559381,True,none
pedal_step_002478,pedal_step_event,pedal_to_throttle_delay,trip_0079,trip_0079_seg_003,2018-03-29 16:35:44+00:00,5935,21.200000,1.000000,0.331036,True,none
pedal_step_002479,pedal_step_event,pedal_to_throttle_delay,trip_0079,trip_0079_seg_003,2018-03-29 16:36:19+00:00,5970,21.400000,,,False,zero_variance
pedal_step_002480,pedal_step_event,pedal_to_throttle_delay,trip_0079,trip_0079_seg_003,2018-03-29 16:36:29+00:00,5980,39.250000,2.000000,0.830097,True,none
pedal_step_002481,pedal_step_event,pedal_to_throttle_delay,trip_0079,trip_0079_seg_003,2018-03-29 16:38:28+00:00,6099,51.200000,,,False,zero_variance
pedal_step_002482,pedal_step_event,pedal_to_throttle_delay,trip_0079,trip_0079_seg_003,2018-03-29 16:38:53+00:00,6124,22.950000,,,False,zero_variance
pedal_step_002483,pedal_step_event,pedal_to_throttle_delay,trip_0079,trip_0079_seg_003,2018-03-29 16:39:13+00:00,6144,28.450000,,,False,zero_variance
pedal_step_002484,pedal_step_event,pedal_to_throttle_delay,trip_0079,trip_0079_seg_003,2018-03-29 16:43:00+00:00,6371,36.300000,,,False,zero_variance
pedal_step_002485,pedal_step_event,pedal_to_throttle_delay,trip_0079,trip_0079_seg_003,2018-03-29 16:43:09+00:00,6380,28.050000,,,False,zero_variance
pedal_step_002486,pedal_step_event,pedal_to_throttle_delay,trip_0079,trip_0079_seg_003,2018-03-29 16:51:07+00:00,6858,25.500000,,,False,zero_variance
pedal_step_002487,pedal_step_event,pedal_to_throttle_delay,trip_0079,trip_0079_seg_003,2018-03-29 16:51:45+00:00,6896,25.050000,2.000000,0.494749,True,none
pedal_step_002488,pedal_step_event,pedal_to_throttle_delay,trip_0079,trip_0079_seg_003,2018-03-29 16:52:35+00:00,6946,27.500000,0.000000,0.646153,True,none
pedal_step_002489,pedal_step_event,pedal_to_throttle_delay,trip_0079,trip_0079_seg_003,2018-03-29 16:53:07+00:00,6978,24.900000,,0.247151,False,low_correlation
pedal_step_002490,pedal_step_event,pedal_to_throttle_delay,trip_0079,trip_0079_seg_003,2018-03-29 16:54:18+00:00,7049,20.200000,,,False,zero_variance
pedal_step_002491,pedal_step_event,pedal_to_throttle_delay,trip_0079,trip_0079_seg_003,2018-03-29 16:54:33+00:00,7064,23.700000,,,False,zero_variance
pedal_step_002492,pedal_step_event,pedal_to_throttle_delay,trip_0079,trip_0079_seg_003,2018-03-29 16:56:41+00:00,7192,21.950000,,0.295673,False,low_correlation
pedal_step_002493,pedal_step_event,pedal_to_throttle_delay,trip_0080,trip_0080_seg_001,2018-04-23 17:55:40+00:00,35,20.050000,0.000000,0.696769,True,none
pedal_step_002494,pedal_step_event,pedal_to_throttle_delay,trip_0080,trip_0080_seg_001,2018-04-23 17:55:42+00:00,37,30.450000,,,False,duplicate_or_overlapping_event
pedal_step_002495,pedal_step_event,pedal_to_throttle_delay,trip_0080,trip_0080_seg_001,2018-04-23 17:56:07+00:00,62,27.650000,0.000000,0.684219,True,none
pedal_step_002496,pedal_step_event,pedal_to_throttle_delay,trip_0080,trip_0080_seg_001,2018-04-23 17:56:09+00:00,64,24.300000,,,False,duplicate_or_overlapping_event
pedal_step_002497,pedal_step_event,pedal_to_throttle_delay,trip_0080,trip_0080_seg_001,2018-04-23 17:56:21+00:00,76,21.400000,0.000000,0.652814,True,none
pedal_step_002498,pedal_step_event,pedal_to_throttle_delay,trip_0080,trip_0080_seg_001,2018-04-23 17:56:52+00:00,107,26.200000,,,False,zero_variance
pedal_step_002499,pedal_step_event,pedal_to_throttle_delay,trip_0080,trip_0080_seg_001,2018-04-23 17:58:31+00:00,206,22.150000,1.000000,0.612840,True,none
pedal_step_002500,pedal_step_event,pedal_to_throttle_delay,trip_0080,trip_0080_seg_001,2018-04-23 18:00:43+00:00,338,20.600000,0.000000,0.348176,True,none
pedal_step_002501,pedal_step_event,pedal_to_throttle_delay,trip_0080,trip_0080_seg_001,2018-04-23 18:01:40+00:00,395,41.800000,0.000000,0.491933,True,none
pedal_step_002502,pedal_step_event,pedal_to_throttle_delay,trip_0080,trip_0080_seg_001,2018-04-23 18:04:22+00:00,557,46.100000,,,False,zero_variance
pedal_step_002503,pedal_step_event,pedal_to_throttle_delay,trip_0080,trip_0080_seg_001,2018-04-23 18:05:09+00:00,604,33.950000,1.000000,0.649599,True,none
pedal_step_002504,pedal_step_event,pedal_to_throttle_delay,trip_0080,trip_0080_seg_001,2018-04-23 18:05:44+00:00,639,30.200000,,0.062998,False,low_correlation
pedal_step_002505,pedal_step_event,pedal_to_throttle_delay,trip_0080,trip_0080_seg_001,2018-04-23 18:05:50+00:00,645,20.250000,,,False,duplicate_or_overlapping_event
pedal_step_002506,pedal_step_event,pedal_to_throttle_delay,trip_0080,trip_0080_seg_001,2018-04-23 18:06:51+00:00,706,24.900000,,,False,zero_variance
pedal_step_002507,pedal_step_event,pedal_to_throttle_delay,trip_0080,trip_0080_seg_001,2018-04-23 18:07:47+00:00,762,31.600000,3.000000,0.480460,True,none
pedal_step_002508,pedal_step_event,pedal_to_throttle_delay,trip_0080,trip_0080_seg_001,2018-04-23 18:07:49+00:00,764,32.000000,,,False,duplicate_or_overlapping_event
pedal_step_002509,pedal_step_event,pedal_to_throttle_delay,trip_0080,trip_0080_seg_001,2018-04-23 18:09:09+00:00,844,37.900000,,0.123420,False,low_correlation
pedal_step_002510,pedal_step_event,pedal_to_throttle_delay,trip_0080,trip_0080_seg_001,2018-04-23 18:11:12+00:00,967,27.450000,,,False,zero_variance
pedal_step_002511,pedal_step_event,pedal_to_throttle_delay,trip_0081,trip_0081_seg_001,2018-04-23 05:00:40+00:00,120,33.550000,0.000000,0.810988,True,none
pedal_step_002512,pedal_step_event,pedal_to_throttle_delay,trip_0081,trip_0081_seg_001,2018-04-23 05:01:38+00:00,178,25.550000,1.000000,0.592278,True,none
pedal_step_002513,pedal_step_event,pedal_to_throttle_delay,trip_0081,trip_0081_seg_001,2018-04-23 05:01:42+00:00,182,23.350000,,,False,duplicate_or_overlapping_event
pedal_step_002514,pedal_step_event,pedal_to_throttle_delay,trip_0081,trip_0081_seg_001,2018-04-23 05:02:31+00:00,231,20.250000,0.000000,0.588121,True,none
pedal_step_002515,pedal_step_event,pedal_to_throttle_delay,trip_0081,trip_0081_seg_001,2018-04-23 05:02:34+00:00,234,30.000000,,,False,duplicate_or_overlapping_event
pedal_step_002516,pedal_step_event,pedal_to_throttle_delay,trip_0081,trip_0081_seg_001,2018-04-23 05:03:07+00:00,267,30.850000,,,False,zero_variance
pedal_step_002517,pedal_step_event,pedal_to_throttle_delay,trip_0081,trip_0081_seg_001,2018-04-23 05:04:08+00:00,328,22.150000,0.000000,0.787449,True,none
pedal_step_002518,pedal_step_event,pedal_to_throttle_delay,trip_0081,trip_0081_seg_001,2018-04-23 05:04:22+00:00,342,22.000000,,0.122266,False,low_correlation
pedal_step_002519,pedal_step_event,pedal_to_throttle_delay,trip_0081,trip_0081_seg_001,2018-04-23 05:06:00+00:00,440,31.600000,0.000000,0.483582,True,none
pedal_step_002520,pedal_step_event,pedal_to_throttle_delay,trip_0081,trip_0081_seg_001,2018-04-23 05:06:52+00:00,492,30.200000,1.000000,0.832241,True,none
pedal_step_002521,pedal_step_event,pedal_to_throttle_delay,trip_0081,trip_0081_seg_001,2018-04-23 05:07:00+00:00,500,39.400000,,,False,duplicate_or_overlapping_event
pedal_step_002522,pedal_step_event,pedal_to_throttle_delay,trip_0081,trip_0081_seg_001,2018-04-23 05:07:02+00:00,502,32.350000,3.000000,0.657135,True,none
pedal_step_002523,pedal_step_event,pedal_to_throttle_delay,trip_0081,trip_0081_seg_001,2018-04-23 05:09:41+00:00,661,20.800000,,,False,zero_variance
pedal_step_002524,pedal_step_event,pedal_to_throttle_delay,trip_0081,trip_0081_seg_001,2018-04-23 05:10:02+00:00,682,36.700000,0.000000,0.402507,True,none
pedal_step_002525,pedal_step_event,pedal_to_throttle_delay,trip_0081,trip_0081_seg_001,2018-04-23 05:15:17+00:00,997,27.450000,,,False,zero_variance
pedal_step_002526,pedal_step_event,pedal_to_throttle_delay,trip_0081,trip_0081_seg_001,2018-04-23 05:38:52+00:00,2412,33.150000,0.000000,0.962767,True,none
pedal_step_002527,pedal_step_event,pedal_to_throttle_delay,trip_0081,trip_0081_seg_001,2018-04-23 05:40:06+00:00,2486,26.650000,0.000000,0.890243,True,none
pedal_step_002528,pedal_step_event,pedal_to_throttle_delay,trip_0081,trip_0081_seg_001,2018-04-23 05:40:35+00:00,2515,27.800000,0.000000,0.823210,True,none
pedal_step_002529,pedal_step_event,pedal_to_throttle_delay,trip_0081,trip_0081_seg_001,2018-04-23 05:43:16+00:00,2676,24.900000,,,False,zero_variance
pedal_step_002530,pedal_step_event,pedal_to_throttle_delay,trip_0081,trip_0081_seg_001,2018-04-23 05:45:55+00:00,2835,27.900000,,,False,zero_variance
pedal_step_002531,pedal_step_event,pedal_to_throttle_delay,trip_0081,trip_0081_seg_001,2018-04-23 05:57:23+00:00,3523,56.450000,,,False,zero_variance
pedal_step_002532,pedal_step_event,pedal_to_throttle_delay,trip_0081,trip_0081_seg_001,2018-04-23 05:58:32+00:00,3592,20.400000,,,False,zero_variance
pedal_step_002533,pedal_step_event,pedal_to_throttle_delay,trip_0081,trip_0081_seg_001,2018-04-23 06:01:34+00:00,3774,30.050000,,,False,zero_variance
pedal_step_002534,pedal_step_event,pedal_to_throttle_delay,trip_0081,trip_0081_seg_001,2018-04-23 06:05:01+00:00,3981,20.600000,,-0.228234,False,low_correlation
pedal_step_002535,pedal_step_event,pedal_to_throttle_delay,trip_0081,trip_0081_seg_001,2018-04-23 06:05:49+00:00,4029,43.300000,,,False,zero_variance
pedal_step_002536,pedal_step_event,pedal_to_throttle_delay,trip_0081,trip_0081_seg_001,2018-04-23 06:06:07+00:00,4047,58.800000,,,False,zero_variance
pedal_step_002537,pedal_step_event,pedal_to_throttle_delay,trip_0081,trip_0081_seg_001,2018-04-23 06:06:40+00:00,4080,20.600000,,,False,zero_variance
pedal_step_002538,pedal_step_event,pedal_to_throttle_delay,trip_0081,trip_0081_seg_001,2018-04-23 06:07:05+00:00,4105,29.200000,,,False,zero_variance
pedal_step_002539,pedal_step_event,pedal_to_throttle_delay,trip_0081,trip_0081_seg_001,2018-04-23 06:07:16+00:00,4116,21.600000,,,False,zero_variance
pedal_step_002540,pedal_step_event,pedal_to_throttle_delay,trip_0081,trip_0081_seg_001,2018-04-23 06:08:01+00:00,4161,20.800000,,,False,zero_variance
pedal_step_002541,pedal_step_event,pedal_to_throttle_delay,trip_0081,trip_0081_seg_001,2018-04-23 06:08:13+00:00,4173,21.550000,,,False,zero_variance
pedal_step_002542,pedal_step_event,pedal_to_throttle_delay,trip_0081,trip_0081_seg_001,2018-04-23 06:08:53+00:00,4213,28.450000,,,False,zero_variance
pedal_step_002543,pedal_step_event,pedal_to_throttle_delay,trip_0081,trip_0081_seg_001,2018-04-23 06:09:13+00:00,4233,21.600000,,,False,zero_variance
pedal_step_002544,pedal_step_event,pedal_to_throttle_delay,trip_0081,trip_0081_seg_001,2018-04-23 06:12:35+00:00,4435,28.450000,1.000000,0.757187,True,none
pedal_step_002545,pedal_step_event,pedal_to_throttle_delay,trip_0081,trip_0081_seg_001,2018-04-23 06:16:31+00:00,4671,41.200000,,,False,zero_variance
pedal_step_002546,pedal_step_event,pedal_to_throttle_delay,trip_0081,trip_0081_seg_001,2018-04-23 06:17:27+00:00,4727,29.800000,,,False,zero_variance
pedal_step_002547,pedal_step_event,pedal_to_throttle_delay,trip_0081,trip_0081_seg_001,2018-04-23 06:17:58+00:00,4758,22.550000,0.000000,0.573079,True,none
pedal_step_002548,pedal_step_event,pedal_to_throttle_delay,trip_0081,trip_0081_seg_001,2018-04-23 06:18:12+00:00,4772,26.300000,0.000000,0.889694,True,none
pedal_step_002549,pedal_step_event,pedal_to_throttle_delay,trip_0081,trip_0081_seg_001,2018-04-23 06:19:36+00:00,4856,24.500000,1.000000,0.685475,True,none
pedal_step_002550,pedal_step_event,pedal_to_throttle_delay,trip_0081,trip_0081_seg_001,2018-04-23 06:30:55+00:00,5535,37.850000,,,False,zero_variance
pedal_step_002551,pedal_step_event,pedal_to_throttle_delay,trip_0081,trip_0081_seg_001,2018-04-23 06:31:58+00:00,5598,20.800000,0.000000,0.656310,True,none
pedal_step_002552,pedal_step_event,pedal_to_throttle_delay,trip_0081,trip_0081_seg_001,2018-04-23 06:32:00+00:00,5600,27.050000,,,False,duplicate_or_overlapping_event
pedal_step_002553,pedal_step_event,pedal_to_throttle_delay,trip_0081,trip_0081_seg_001,2018-04-23 06:34:10+00:00,5730,21.600000,0.000000,0.702273,True,none
pedal_step_002554,pedal_step_event,pedal_to_throttle_delay,trip_0081,trip_0081_seg_001,2018-04-23 06:34:13+00:00,5733,22.900000,,,False,duplicate_or_overlapping_event
pedal_step_002555,pedal_step_event,pedal_to_throttle_delay,trip_0081,trip_0081_seg_001,2018-04-23 06:34:58+00:00,5778,22.550000,,0.112556,False,low_correlation
pedal_step_002556,pedal_step_event,pedal_to_throttle_delay,trip_0081,trip_0081_seg_001,2018-04-23 06:42:13+00:00,6213,23.400000,0.000000,0.412026,True,none
pedal_step_002557,pedal_step_event,pedal_to_throttle_delay,trip_0081,trip_0081_seg_001,2018-04-23 06:42:16+00:00,6216,42.000000,,,False,duplicate_or_overlapping_event
