summary_scope,group_type,group_value,feature,feature_stage,feature_type,unit,count,missing_rate,min,max,mean,std,p05,p50,p95,p99,baseline_filter,notes
all_rows,global,global,coolant_slope,deterministic,diff,degC/s,249575,0.000477,-1.000000,9.000000,0.018920,0.196251,0.000000,0.000000,0.000000,1.000000,all_rows,
all_rows,global,global,coolant_ambient_delta,deterministic,rowwise,degC,249599,0.000380,1.000000,108.000000,71.106222,19.209982,28.000000,72.000000,95.000000,99.000000,all_rows,
all_rows,global,global,coolant_stability,deterministic,rolling,degC,177727,0.288221,0.000000,4.879190,0.408925,0.442388,0.000000,0.423531,1.167353,2.341758,all_rows,
all_rows,global,global,intake_ambient_delta,deterministic,rowwise,degC,249600,0.000376,-43.000000,137.000000,9.189119,15.147480,1.000000,6.000000,20.000000,95.000000,all_rows,
all_rows,global,global,intake_temp_slope,deterministic,diff,degC/s,249557,0.000549,-96.000000,114.000000,0.006668,3.588126,-3.000000,0.000000,2.000000,4.000000,all_rows,
all_rows,global,global,maf_derived_air_load_raw,deterministic,raw_proxy,g/rev_proxy,249670,0.000096,0.000000,17240000.000000,2117.462036,74090.170587,0.468865,0.714663,1.753872,2.117947,all_rows,
all_rows,global,global,map_derived_air_load_raw,deterministic,raw_proxy,rpm*kPa/K,249674,0.000080,0.000000,2795.128774,689.914892,383.576373,256.706150,626.965209,1414.659638,1880.171185,all_rows,
all_rows,global,global,maf_map_cohesion,baseline_final,cohesion,zscore_abs_diff,249669,0.000100,0.000001,59117491.596362,7247.088210,253994.118190,0.057675,0.593553,2.163919,2.893374,all_rows,
all_rows,global,global,speed_density_maf_residual,baseline_final,residual,g/s,249669,0.000100,-33.123232,79.178345,1.998350,8.126648,-6.311188,-0.634093,15.403518,36.134265,all_rows,
all_rows,global,global,map_slope,deterministic,diff,kPa/s,249573,0.000485,-138.000000,135.000000,-0.016156,13.734987,-14.000000,0.000000,16.000000,46.000000,all_rows,
all_rows,global,global,map_stability,deterministic,rolling,kPa,220199,0.118125,0.000000,56.299853,17.854627,11.034937,2.591964,16.343168,38.211516,44.147474,all_rows,
all_rows,global,global,accel_pedal_mean,deterministic,rowwise,percent,249633,0.000244,14.100000,84.700000,21.839177,12.685019,14.300000,14.300000,48.650000,65.300000,all_rows,
all_rows,global,global,accel_pedal_channel_delta,deterministic,rowwise,percent,249633,0.000244,0.000000,63.500000,0.795367,2.275011,0.000000,0.400000,2.300000,10.404000,all_rows,
all_rows,global,global,accel_pedal_channel_ratio,deterministic,rowwise,ratio,249633,0.000244,0.181701,4.655172,0.986480,0.106306,0.965616,0.972414,1.026144,1.300000,all_rows,
all_rows,global,global,pedal_slope,deterministic,diff,percent/s,249516,0.000713,-63.700000,62.000000,0.000237,6.141482,-7.450000,0.000000,7.700000,20.200000,all_rows,
all_rows,global,global,engine_on_flag,deterministic,rowwise,flag,249687,0.000028,0.000000,1.000000,0.964856,0.184144,1.000000,1.000000,1.000000,1.000000,all_rows,
all_rows,global,global,rpm_slope,deterministic,diff,rpm/s,249569,0.000501,-2703.000000,3280.000000,0.001835,141.912937,-118.000000,0.000000,133.000000,527.000000,all_rows,
all_rows,global,global,idle_flag,deterministic,rowwise,flag,249694,0.000000,0.000000,1.000000,0.072757,0.259738,0.000000,0.000000,1.000000,1.000000,all_rows,
all_rows,global,global,idle_rpm_stability,deterministic,rolling,rpm,10467,0.958081,0.316228,563.387463,25.725252,61.317046,0.674949,1.490712,97.908395,347.213371,all_rows,
all_rows,global,global,segment_gap_seconds,deterministic,gap_proxy,s,80,0.999680,7.000000,16201416.000000,312794.937500,1818944.801102,6747.250000,40925.000000,404608.750000,5074511.690000,all_rows,
all_rows,global,global,cold_soak_candidate_flag,deterministic,rowwise,flag,37,0.999852,0.000000,1.000000,0.837838,0.373684,0.000000,1.000000,1.000000,1.000000,all_rows,
all_rows,global,global,intake_temp_stability,deterministic,rolling,degC,230047,0.078684,0.000000,36.628752,2.238997,3.109390,0.567231,1.534813,5.875481,18.632607,all_rows,
all_rows,thermal_state,engine_off,coolant_slope,deterministic,diff,degC/s,8736,0.004444,-1.000000,1.000000,0.001259,0.178073,0.000000,0.000000,0.000000,1.000000,all_rows,
all_rows,thermal_state,engine_off,coolant_ambient_delta,deterministic,rowwise,degC,8759,0.001823,1.000000,98.000000,65.169540,21.188718,24.000000,70.000000,92.000000,95.000000,all_rows,
all_rows,thermal_state,engine_off,coolant_stability,deterministic,rolling,degC,0,1.000000,,,,,,,,,all_rows,
all_rows,thermal_state,engine_off,intake_ambient_delta,deterministic,rowwise,degC,8759,0.001823,-43.000000,137.000000,75.904441,29.913301,2.000000,75.000000,119.000000,127.420000,all_rows,
all_rows,thermal_state,engine_off,intake_temp_slope,deterministic,diff,degC/s,8729,0.005242,-13.000000,114.000000,2.751632,15.468262,-5.000000,-1.000000,35.000000,76.000000,all_rows,
all_rows,thermal_state,engine_off,maf_derived_air_load_raw,deterministic,raw_proxy,g/rev_proxy,8766,0.001026,0.000000,17240000.000000,60187.089909,390875.170219,0.000000,0.000000,3.480000,1060500.000000,all_rows,
all_rows,thermal_state,engine_off,map_derived_air_load_raw,deterministic,raw_proxy,rpm*kPa/K,8771,0.000456,0.000000,7.535899,0.017875,0.311859,0.000000,0.000000,0.000000,0.000000,all_rows,
all_rows,thermal_state,engine_off,maf_map_cohesion,baseline_final,cohesion,zscore_abs_diff,8766,0.001026,0.123671,59117491.596362,206386.989812,1340345.650565,0.123671,0.123671,11.800201,3636548.598434,all_rows,
all_rows,thermal_state,engine_off,speed_density_maf_residual,baseline_final,residual,g/s,8766,0.001026,-20.487980,9.967737,-8.766143,0.875640,-9.327169,-9.044617,-6.715076,-5.060724,all_rows,
all_rows,thermal_state,engine_off,map_slope,deterministic,diff,kPa/s,8734,0.004672,-66.000000,84.000000,1.731166,9.301056,-1.000000,0.000000,14.000000,47.000000,all_rows,
all_rows,thermal_state,engine_off,map_stability,deterministic,rolling,kPa,0,1.000000,,,,,,,,,all_rows,
all_rows,thermal_state,engine_off,accel_pedal_mean,deterministic,rowwise,percent,8750,0.002849,14.100000,84.700000,14.460137,2.340964,14.300000,14.300000,14.500000,19.200000,all_rows,
all_rows,thermal_state,engine_off,accel_pedal_channel_delta,deterministic,rowwise,percent,8750,0.002849,0.000000,13.400000,0.391634,0.204053,0.400000,0.400000,0.400000,0.400000,all_rows,
all_rows,thermal_state,engine_off,accel_pedal_channel_ratio,deterministic,rowwise,ratio,8750,0.002849,0.512727,1.351724,0.974305,0.011971,0.972414,0.972414,1.000000,1.023207,all_rows,
all_rows,thermal_state,engine_off,pedal_slope,deterministic,diff,percent/s,8707,0.007749,-34.900000,28.000000,0.009889,0.861218,0.000000,0.000000,0.000000,0.200000,all_rows,
all_rows,thermal_state,engine_off,engine_on_flag,deterministic,rowwise,flag,8775,0.000000,0.000000,0.000000,0.000000,0.000000,0.000000,0.000000,0.000000,0.000000,all_rows,
all_rows,thermal_state,engine_off,rpm_slope,deterministic,diff,rpm/s,8732,0.004900,-868.000000,0.000000,-14.092419,85.121501,0.000000,0.000000,0.000000,0.000000,all_rows,
all_rows,thermal_state,engine_off,idle_flag,deterministic,rowwise,flag,8775,0.000000,0.000000,0.000000,0.000000,0.000000,0.000000,0.000000,0.000000,0.000000,all_rows,
all_rows,thermal_state,engine_off,idle_rpm_stability,deterministic,rolling,rpm,0,1.000000,,,,,,,,,all_rows,
all_rows,thermal_state,engine_off,segment_gap_seconds,deterministic,gap_proxy,s,35,0.996011,7039.000000,16201416.000000,611196.657143,2739147.287912,26840.400000,44717.000000,1297316.800000,11412621.740000,all_rows,
all_rows,thermal_state,engine_off,cold_soak_candidate_flag,deterministic,rowwise,flag,19,0.997835,0.000000,1.000000,0.947368,0.229416,0.900000,1.000000,1.000000,1.000000,all_rows,
all_rows,thermal_state,engine_off,intake_temp_stability,deterministic,rolling,degC,0,1.000000,,,,,,,,,all_rows,
all_rows,thermal_state,post_warmup,coolant_slope,deterministic,diff,degC/s,194380,0.000072,-1.000000,2.000000,0.006045,0.169975,0.000000,0.000000,0.000000,1.000000,all_rows,
all_rows,thermal_state,post_warmup,coolant_ambient_delta,deterministic,rowwise,degC,194348,0.000237,43.000000,108.000000,78.283893,10.747002,63.000000,76.000000,96.000000,100.000000,all_rows,
all_rows,thermal_state,post_warmup,coolant_stability,deterministic,rolling,degC,177727,0.085738,0.000000,4.879190,0.408925,0.442388,0.000000,0.423531,1.167353,2.341758,all_rows,
all_rows,thermal_state,post_warmup,intake_ambient_delta,deterministic,rowwise,degC,194348,0.000237,-34.000000,131.000000,7.096430,6.020210,1.000000,6.000000,16.000000,24.000000,all_rows,
all_rows,thermal_state,post_warmup,intake_temp_slope,deterministic,diff,degC/s,194379,0.000077,-96.000000,80.000000,-0.086825,2.060800,-2.000000,0.000000,2.000000,4.000000,all_rows,
all_rows,thermal_state,post_warmup,maf_derived_air_load_raw,deterministic,raw_proxy,g/rev_proxy,194394,0.000000,0.000000,6.987097,0.864997,0.390123,0.499768,0.744634,1.812268,2.111139,all_rows,
all_rows,thermal_state,post_warmup,map_derived_air_load_raw,deterministic,raw_proxy,rpm*kPa/K,194394,0.000000,5.827062,2795.128774,755.906638,378.395600,291.557762,683.942370,1458.795276,1972.143314,all_rows,
all_rows,thermal_state,post_warmup,maf_map_cohesion,baseline_final,cohesion,zscore_abs_diff,194394,0.000000,0.000001,23.723767,0.702579,0.616940,0.053854,0.591181,1.829993,2.652626,all_rows,
all_rows,thermal_state,post_warmup,speed_density_maf_residual,baseline_final,residual,g/s,194394,0.000000,-33.123232,79.178345,2.137163,8.230819,-3.811245,-0.746117,15.761232,39.390694,all_rows,
all_rows,thermal_state,post_warmup,map_slope,deterministic,diff,kPa/s,194380,0.000072,-138.000000,135.000000,-0.093811,13.189067,-13.000000,0.000000,15.000000,43.000000,all_rows,
all_rows,thermal_state,post_warmup,map_stability,deterministic,rolling,kPa,181699,0.065306,0.000000,56.299853,18.474167,11.225321,2.818973,16.993020,38.863790,44.617830,all_rows,
all_rows,thermal_state,post_warmup,accel_pedal_mean,deterministic,rowwise,percent,194391,0.000015,14.100000,84.700000,21.968392,13.015874,14.300000,14.300000,49.400000,69.800000,all_rows,
all_rows,thermal_state,post_warmup,accel_pedal_channel_delta,deterministic,rowwise,percent,194391,0.000015,0.000000,63.500000,0.768474,2.194018,0.000000,0.400000,2.000000,9.800000,all_rows,
all_rows,thermal_state,post_warmup,accel_pedal_channel_ratio,deterministic,rowwise,ratio,194391,0.000015,0.181701,4.655172,0.986038,0.101761,0.968127,0.972414,1.024845,1.269608,all_rows,
all_rows,thermal_state,post_warmup,pedal_slope,deterministic,diff,percent/s,194377,0.000087,-63.700000,62.000000,-0.005346,5.822325,-6.700000,0.000000,7.100000,18.650000,all_rows,
all_rows,thermal_state,post_warmup,engine_on_flag,deterministic,rowwise,flag,194394,0.000000,1.000000,1.000000,1.000000,0.000000,1.000000,1.000000,1.000000,1.000000,all_rows,
all_rows,thermal_state,post_warmup,rpm_slope,deterministic,diff,rpm/s,194380,0.000072,-2703.000000,3280.000000,0.096178,129.873594,-99.000000,0.000000,111.000000,472.000000,all_rows,
all_rows,thermal_state,post_warmup,idle_flag,deterministic,rowwise,flag,194394,0.000000,0.000000,1.000000,0.044698,0.206640,0.000000,0.000000,0.000000,1.000000,all_rows,
all_rows,thermal_state,post_warmup,idle_rpm_stability,deterministic,rolling,rpm,4629,0.976188,0.421637,563.387463,35.939773,60.960609,0.788811,2.118700,118.249105,335.075355,all_rows,
all_rows,thermal_state,post_warmup,segment_gap_seconds,deterministic,gap_proxy,s,4,0.999979,7.000000,219115.000000,63810.500000,104925.681370,7.450000,18060.000000,191664.250000,213624.850000,all_rows,
all_rows,thermal_state,post_warmup,cold_soak_candidate_flag,deterministic,rowwise,flag,0,1.000000,,,,,,,,,all_rows,
all_rows,thermal_state,post_warmup,intake_temp_stability,deterministic,rolling,degC,188825,0.028648,0.000000,36.628752,2.210291,3.146407,0.543061,1.499058,5.694159,18.924508,all_rows,
all_rows,thermal_state,unknown,coolant_slope,deterministic,diff,degC/s,0,1.000000,,,,,,,,,all_rows,
all_rows,thermal_state,unknown,coolant_ambient_delta,deterministic,rowwise,degC,0,1.000000,,,,,,,,,all_rows,
all_rows,thermal_state,unknown,coolant_stability,deterministic,rolling,degC,0,1.000000,,,,,,,,,all_rows,
all_rows,thermal_state,unknown,intake_ambient_delta,deterministic,rowwise,degC,1,0.857143,1.000000,1.000000,1.000000,0.000000,1.000000,1.000000,1.000000,1.000000,all_rows,
all_rows,thermal_state,unknown,intake_temp_slope,deterministic,diff,degC/s,0,1.000000,,,,,,,,,all_rows,
all_rows,thermal_state,unknown,maf_derived_air_load_raw,deterministic,raw_proxy,g/rev_proxy,1,0.857143,860000.000000,860000.000000,860000.000000,0.000000,860000.000000,860000.000000,860000.000000,860000.000000,all_rows,
all_rows,thermal_state,unknown,map_derived_air_load_raw,deterministic,raw_proxy,rpm*kPa/K,0,1.000000,,,,,,,,,all_rows,
all_rows,thermal_state,unknown,maf_map_cohesion,baseline_final,cohesion,zscore_abs_diff,0,1.000000,,,,,,,,,all_rows,
all_rows,thermal_state,unknown,speed_density_maf_residual,baseline_final,residual,g/s,0,1.000000,,,,,,,,,all_rows,
all_rows,thermal_state,unknown,map_slope,deterministic,diff,kPa/s,0,1.000000,,,,,,,,,all_rows,
all_rows,thermal_state,unknown,map_stability,deterministic,rolling,kPa,0,1.000000,,,,,,,,,all_rows,
all_rows,thermal_state,unknown,accel_pedal_mean,deterministic,rowwise,percent,0,1.000000,,,,,,,,,all_rows,
all_rows,thermal_state,unknown,accel_pedal_channel_delta,deterministic,rowwise,percent,0,1.000000,,,,,,,,,all_rows,
all_rows,thermal_state,unknown,accel_pedal_channel_ratio,deterministic,rowwise,ratio,0,1.000000,,,,,,,,,all_rows,
all_rows,thermal_state,unknown,pedal_slope,deterministic,diff,percent/s,0,1.000000,,,,,,,,,all_rows,
all_rows,thermal_state,unknown,engine_on_flag,deterministic,rowwise,flag,0,1.000000,,,,,,,,,all_rows,
all_rows,thermal_state,unknown,rpm_slope,deterministic,diff,rpm/s,0,1.000000,,,,,,,,,all_rows,
all_rows,thermal_state,unknown,idle_flag,deterministic,rowwise,flag,7,0.000000,0.000000,0.000000,0.000000,0.000000,0.000000,0.000000,0.000000,0.000000,all_rows,
all_rows,thermal_state,unknown,idle_rpm_stability,deterministic,rolling,rpm,0,1.000000,,,,,,,,,all_rows,
all_rows,thermal_state,unknown,segment_gap_seconds,deterministic,gap_proxy,s,7,0.000000,291.000000,169185.000000,57886.000000,54672.519752,10556.100000,40036.000000,143389.800000,164025.960000,all_rows,
all_rows,thermal_state,unknown,cold_soak_candidate_flag,deterministic,rowwise,flag,0,1.000000,,,,,,,,,all_rows,
all_rows,thermal_state,unknown,intake_temp_stability,deterministic,rolling,degC,0,1.000000,,,,,,,,,all_rows,
all_rows,thermal_state,warmup,coolant_slope,deterministic,diff,degC/s,46459,0.001268,-1.000000,9.000000,0.076110,0.275742,0.000000,0.000000,1.000000,1.000000,all_rows,
all_rows,thermal_state,warmup,coolant_ambient_delta,deterministic,rowwise,degC,46492,0.000559,1.000000,86.000000,42.220253,18.904293,10.000000,42.000000,71.000000,78.000000,all_rows,
all_rows,thermal_state,warmup,coolant_stability,deterministic,rolling,degC,0,1.000000,,,,,,,,,all_rows,
all_rows,thermal_state,warmup,intake_ambient_delta,deterministic,rowwise,degC,46492,0.000559,-39.000000,117.000000,5.368214,6.348001,-2.000000,5.000000,12.000000,24.000000,all_rows,
all_rows,thermal_state,warmup,intake_temp_slope,deterministic,diff,degC/s,46449,0.001483,-70.000000,81.000000,-0.117936,2.229743,-2.000000,0.000000,2.000000,4.000000,all_rows,
all_rows,thermal_state,warmup,maf_derived_air_load_raw,deterministic,raw_proxy,g/rev_proxy,46509,0.000193,0.000000,6.370213,0.829221,0.333475,0.517003,0.689135,1.395292,2.063274,all_rows,
all_rows,thermal_state,warmup,map_derived_air_load_raw,deterministic,raw_proxy,rpm*kPa/K,46509,0.000193,7.024545,2313.569269,544.194437,249.364462,270.992698,490.140996,1021.854424,1485.307494,all_rows,
all_rows,thermal_state,warmup,maf_map_cohesion,baseline_final,cohesion,zscore_abs_diff,46509,0.000193,0.000033,21.585124,1.039293,0.892388,0.064118,0.804933,2.391551,3.245848,all_rows,
all_rows,thermal_state,warmup,speed_density_maf_residual,baseline_final,residual,g/s,46509,0.000193,-31.171329,71.696367,3.447044,6.870610,-3.292686,0.817742,15.435038,26.082665,all_rows,
all_rows,thermal_state,warmup,map_slope,deterministic,diff,kPa/s,46459,0.001268,-134.000000,135.000000,-0.019738,16.393788,-18.000000,0.000000,20.000000,53.000000,all_rows,
all_rows,thermal_state,warmup,map_stability,deterministic,rolling,kPa,38500,0.172363,0.000000,47.953709,14.930736,9.560895,1.929477,13.537325,32.470843,40.892904,all_rows,
all_rows,thermal_state,warmup,accel_pedal_mean,deterministic,rowwise,percent,46492,0.000559,14.100000,73.300000,22.687676,11.982259,14.300000,14.300000,47.250000,57.650000,all_rows,
all_rows,thermal_state,warmup,accel_pedal_channel_delta,deterministic,rowwise,percent,46492,0.000559,0.000000,47.100000,0.983796,2.754325,0.000000,0.400000,3.600000,13.800000,all_rows,
all_rows,thermal_state,warmup,accel_pedal_channel_ratio,deterministic,rowwise,ratio,46492,0.000559,0.231908,4.248276,0.990617,0.131567,0.944598,0.972414,1.029963,1.504713,all_rows,
all_rows,thermal_state,warmup,pedal_slope,deterministic,diff,percent/s,46432,0.001849,-54.900000,54.700000,0.021799,7.786967,-12.150000,0.000000,11.400000,25.900000,all_rows,
all_rows,thermal_state,warmup,engine_on_flag,deterministic,rowwise,flag,46518,0.000000,1.000000,1.000000,1.000000,0.000000,1.000000,1.000000,1.000000,1.000000,all_rows,
all_rows,thermal_state,warmup,rpm_slope,deterministic,diff,rpm/s,46457,0.001311,-1659.000000,1609.000000,2.256237,190.294587,-270.000000,0.000000,280.000000,688.440000,all_rows,
all_rows,thermal_state,warmup,idle_flag,deterministic,rowwise,flag,46518,0.000000,0.000000,1.000000,0.203749,0.402789,0.000000,0.000000,1.000000,1.000000,all_rows,
all_rows,thermal_state,warmup,idle_rpm_stability,deterministic,rolling,rpm,5838,0.874500,0.316228,549.540171,17.626070,60.387331,0.632456,1.247219,75.848066,354.820964,all_rows,
all_rows,thermal_state,warmup,segment_gap_seconds,deterministic,gap_proxy,s,34,0.999269,1204.000000,819013.000000,87390.235294,143437.121820,25808.650000,40925.000000,228981.900000,632057.770000,all_rows,
all_rows,thermal_state,warmup,cold_soak_candidate_flag,deterministic,rowwise,flag,18,0.999613,0.000000,1.000000,0.722222,0.460889,0.000000,1.000000,1.000000,1.000000,all_rows,
all_rows,thermal_state,warmup,intake_temp_stability,deterministic,rolling,degC,41222,0.113848,0.000000,28.791896,2.370492,2.930306,0.691147,1.722155,6.373829,17.560412,all_rows,
all_rows,child_state,acceleration,coolant_slope,deterministic,diff,degC/s,42789,0.000164,-1.000000,2.000000,0.026339,0.197607,0.000000,0.000000,0.000000,1.000000,all_rows,
all_rows,child_state,acceleration,coolant_ambient_delta,deterministic,rowwise,degC,42789,0.000164,2.000000,102.000000,68.279955,20.902134,21.000000,71.000000,94.000000,97.000000,all_rows,
all_rows,child_state,acceleration,coolant_stability,deterministic,rolling,degC,27453,0.358515,0.000000,4.077325,0.401785,0.384932,0.000000,0.426522,1.136776,1.932975,all_rows,
all_rows,child_state,acceleration,intake_ambient_delta,deterministic,rowwise,degC,42789,0.000164,-39.000000,131.000000,8.404099,8.425861,0.000000,8.000000,19.000000,30.000000,all_rows,
all_rows,child_state,acceleration,intake_temp_slope,deterministic,diff,degC/s,42788,0.000187,-96.000000,43.000000,-0.165151,2.945803,-3.000000,0.000000,2.000000,4.000000,all_rows,
all_rows,child_state,acceleration,maf_derived_air_load_raw,deterministic,raw_proxy,g/rev_proxy,42795,0.000023,0.000000,6.370213,0.819375,0.317669,0.495294,0.728879,1.423752,1.851406,all_rows,
all_rows,child_state,acceleration,map_derived_air_load_raw,deterministic,raw_proxy,rpm*kPa/K,42795,0.000023,6.216171,1839.716518,646.752717,235.591589,317.510732,625.961999,1076.711860,1334.237553,all_rows,
all_rows,child_state,acceleration,maf_map_cohesion,baseline_final,cohesion,zscore_abs_diff,42795,0.000023,0.000033,21.585124,0.766597,0.777850,0.048376,0.548550,2.271008,2.927183,all_rows,
all_rows,child_state,acceleration,speed_density_maf_residual,baseline_final,residual,g/s,42795,0.000023,-33.123232,71.253994,1.066687,5.910385,-5.144762,-0.710533,13.047236,20.567579,all_rows,
all_rows,child_state,acceleration,map_slope,deterministic,diff,kPa/s,42789,0.000164,-126.000000,124.000000,0.280002,17.768442,-27.000000,0.000000,25.000000,48.000000,all_rows,
all_rows,child_state,acceleration,map_stability,deterministic,rolling,kPa,36665,0.143261,0.000000,47.708212,14.589824,8.837922,3.153072,13.001467,31.407918,38.258129,all_rows,
all_rows,child_state,acceleration,accel_pedal_mean,deterministic,rowwise,percent,42794,0.000047,14.100000,78.000000,28.992619,11.928459,14.300000,29.000000,48.200000,54.500000,all_rows,
all_rows,child_state,acceleration,accel_pedal_channel_delta,deterministic,rowwise,percent,42794,0.000047,0.000000,47.900000,1.254332,3.104625,0.000000,0.400000,5.100000,16.800000,all_rows,
all_rows,child_state,acceleration,accel_pedal_channel_ratio,deterministic,rowwise,ratio,42794,0.000047,0.227419,4.170213,0.997866,0.145656,0.921569,0.986577,1.072928,1.570000,all_rows,
all_rows,child_state,acceleration,pedal_slope,deterministic,diff,percent/s,42787,0.000210,-63.000000,51.750000,-0.136161,8.839780,-16.500000,0.000000,12.900000,26.650000,all_rows,
all_rows,child_state,acceleration,engine_on_flag,deterministic,rowwise,flag,42796,0.000000,1.000000,1.000000,1.000000,0.000000,1.000000,1.000000,1.000000,1.000000,all_rows,
all_rows,child_state,acceleration,rpm_slope,deterministic,diff,rpm/s,42789,0.000164,-1385.000000,1201.000000,21.310477,188.003255,-356.600000,24.000000,248.000000,504.120000,all_rows,
all_rows,child_state,acceleration,idle_flag,deterministic,rowwise,flag,42796,0.000000,0.000000,0.000000,0.000000,0.000000,0.000000,0.000000,0.000000,0.000000,all_rows,
all_rows,child_state,acceleration,idle_rpm_stability,deterministic,rolling,rpm,0,1.000000,,,,,,,,,all_rows,
all_rows,child_state,acceleration,segment_gap_seconds,deterministic,gap_proxy,s,4,0.999907,36110.000000,219115.000000,85284.250000,89427.994615,36188.450000,42956.000000,193639.600000,214019.920000,all_rows,
all_rows,child_state,acceleration,cold_soak_candidate_flag,deterministic,rowwise,flag,1,0.999977,0.000000,0.000000,0.000000,0.000000,0.000000,0.000000,0.000000,0.000000,all_rows,
all_rows,child_state,acceleration,intake_temp_stability,deterministic,rolling,degC,39531,0.076292,0.000000,29.190451,3.001993,3.894653,0.980603,1.910054,13.925966,20.851939,all_rows,
all_rows,child_state,deceleration,coolant_slope,deterministic,diff,degC/s,65285,0.000092,-1.000000,1.000000,0.017814,0.203452,0.000000,0.000000,0.000000,1.000000,all_rows,
all_rows,child_state,deceleration,coolant_ambient_delta,deterministic,rowwise,degC,65286,0.000077,2.000000,104.000000,70.895414,19.270697,27.000000,72.000000,95.000000,98.000000,all_rows,
all_rows,child_state,deceleration,coolant_stability,deterministic,rolling,degC,47332,0.275061,0.000000,4.646364,0.399486,0.388193,0.000000,0.426522,1.033206,2.016953,all_rows,
all_rows,child_state,deceleration,intake_ambient_delta,deterministic,rowwise,degC,65286,0.000077,-35.000000,89.000000,5.880924,5.365710,-1.000000,6.000000,14.000000,22.000000,all_rows,
all_rows,child_state,deceleration,intake_temp_slope,deterministic,diff,degC/s,65285,0.000092,-47.000000,81.000000,-0.100398,1.734862,-3.000000,0.000000,2.000000,4.000000,all_rows,
all_rows,child_state,deceleration,maf_derived_air_load_raw,deterministic,raw_proxy,g/rev_proxy,65291,0.000000,0.000000,3.554430,0.776270,0.280654,0.489609,0.646809,1.207564,1.592269,all_rows,
all_rows,child_state,deceleration,map_derived_air_load_raw,deterministic,raw_proxy,rpm*kPa/K,65291,0.000000,7.024545,2406.049448,573.492130,249.554706,297.981011,535.038760,1053.583465,1378.926929,all_rows,
all_rows,child_state,deceleration,maf_map_cohesion,baseline_final,cohesion,zscore_abs_diff,65291,0.000000,0.000001,11.995062,0.856795,0.660902,0.072907,0.698400,2.109562,2.763675,all_rows,
all_rows,child_state,deceleration,speed_density_maf_residual,baseline_final,residual,g/s,65291,0.000000,-27.838480,67.410013,3.116074,6.314068,-3.604575,0.262402,14.275575,20.111166,all_rows,
all_rows,child_state,deceleration,map_slope,deterministic,diff,kPa/s,65285,0.000092,-127.000000,114.000000,-0.509887,11.087132,-12.000000,0.000000,12.000000,35.000000,all_rows,
all_rows,child_state,deceleration,map_stability,deterministic,rolling,kPa,59533,0.088190,0.181020,55.443999,18.544684,11.052287,3.995831,16.706126,39.065788,45.031540,all_rows,
all_rows,child_state,deceleration,accel_pedal_mean,deterministic,rowwise,percent,65290,0.000015,14.100000,77.450000,18.325899,8.378021,14.300000,14.300000,38.800000,49.400000,all_rows,
all_rows,child_state,deceleration,accel_pedal_channel_delta,deterministic,rowwise,percent,65290,0.000015,0.000000,47.900000,0.748879,1.914313,0.000000,0.400000,2.300000,9.800000,all_rows,
all_rows,child_state,deceleration,accel_pedal_channel_ratio,deterministic,rowwise,ratio,65290,0.000015,0.241438,4.397163,0.985155,0.102014,0.961340,0.972414,1.024845,1.366103,all_rows,
all_rows,child_state,deceleration,pedal_slope,deterministic,diff,percent/s,65284,0.000107,-63.500000,58.100000,0.271824,5.703678,-7.650000,0.000000,9.400000,19.275500,all_rows,
all_rows,child_state,deceleration,engine_on_flag,deterministic,rowwise,flag,65291,0.000000,1.000000,1.000000,1.000000,0.000000,1.000000,1.000000,1.000000,1.000000,all_rows,
all_rows,child_state,deceleration,rpm_slope,deterministic,diff,rpm/s,65285,0.000092,-2703.000000,3280.000000,-27.122019,166.074737,-232.000000,-20.000000,119.000000,674.160000,all_rows,
all_rows,child_state,deceleration,idle_flag,deterministic,rowwise,flag,65291,0.000000,0.000000,0.000000,0.000000,0.000000,0.000000,0.000000,0.000000,0.000000,all_rows,
all_rows,child_state,deceleration,idle_rpm_stability,deterministic,rolling,rpm,0,1.000000,,,,,,,,,all_rows,
all_rows,child_state,deceleration,segment_gap_seconds,deterministic,gap_proxy,s,1,0.999985,44482.000000,44482.000000,44482.000000,0.000000,44482.000000,44482.000000,44482.000000,44482.000000,all_rows,
all_rows,child_state,deceleration,cold_soak_candidate_flag,deterministic,rowwise,flag,0,1.000000,,,,,,,,,all_rows,
all_rows,child_state,deceleration,intake_temp_stability,deterministic,rolling,degC,62486,0.042962,0.000000,36.628752,2.470562,3.228704,0.790301,1.690452,7.527262,19.131742,all_rows,
all_rows,child_state,high_load,coolant_slope,deterministic,diff,degC/s,26276,0.000076,-1.000000,9.000000,0.025689,0.212068,0.000000,0.000000,0.000000,1.000000,all_rows,
all_rows,child_state,high_load,coolant_ambient_delta,deterministic,rowwise,degC,26276,0.000076,7.000000,103.000000,74.518344,15.836832,41.000000,73.000000,97.000000,100.000000,all_rows,
all_rows,child_state,high_load,coolant_stability,deterministic,rolling,degC,21701,0.174176,0.000000,4.497331,0.421281,0.482298,0.000000,0.415450,1.147830,2.831372,all_rows,
all_rows,child_state,high_load,intake_ambient_delta,deterministic,rowwise,degC,26276,0.000076,-25.000000,118.000000,7.220658,6.787352,3.000000,7.000000,13.000000,29.000000,all_rows,
all_rows,child_state,high_load,intake_temp_slope,deterministic,diff,degC/s,26276,0.000076,-69.000000,52.000000,-0.300065,3.018033,-3.000000,0.000000,2.000000,4.000000,all_rows,
all_rows,child_state,high_load,maf_derived_air_load_raw,deterministic,raw_proxy,g/rev_proxy,26278,0.000000,0.000000,4.663087,1.440576,0.504213,0.678216,1.359462,2.134819,2.211946,all_rows,
all_rows,child_state,high_load,map_derived_air_load_raw,deterministic,raw_proxy,rpm*kPa/K,26278,0.000000,34.342255,2795.128774,1283.064389,445.837783,562.835380,1267.413269,2109.464564,2482.904009,all_rows,
all_rows,child_state,high_load,maf_map_cohesion,baseline_final,cohesion,zscore_abs_diff,26278,0.000000,0.000254,15.724381,1.077355,0.887008,0.086958,0.826399,2.644757,3.663334,all_rows,
all_rows,child_state,high_load,speed_density_maf_residual,baseline_final,residual,g/s,26278,0.000000,-31.171329,79.178345,11.360851,15.986094,-5.307280,7.711119,45.542728,60.943571,all_rows,
all_rows,child_state,high_load,map_slope,deterministic,diff,kPa/s,26276,0.000076,-138.000000,135.000000,0.184199,27.248189,-49.000000,0.000000,46.000000,79.000000,all_rows,
all_rows,child_state,high_load,map_stability,deterministic,rolling,kPa,24682,0.060735,0.000000,56.299853,29.000438,10.053749,10.839441,30.172917,43.567896,47.704759,all_rows,
all_rows,child_state,high_load,accel_pedal_mean,deterministic,rowwise,percent,26278,0.000000,14.100000,84.700000,36.304567,21.213716,14.300000,37.850000,77.250000,77.800000,all_rows,
all_rows,child_state,high_load,accel_pedal_channel_delta,deterministic,rowwise,percent,26278,0.000000,0.000000,63.500000,1.380836,3.884029,0.000000,0.400000,5.500000,20.869000,all_rows,
all_rows,child_state,high_load,accel_pedal_channel_ratio,deterministic,rowwise,ratio,26278,0.000000,0.181701,4.572414,0.992815,0.161474,0.933566,0.981609,1.036058,1.593235,all_rows,
all_rows,child_state,high_load,pedal_slope,deterministic,diff,percent/s,26276,0.000076,-63.700000,62.000000,-0.537287,10.491245,-20.550000,0.000000,14.300000,32.600000,all_rows,
all_rows,child_state,high_load,engine_on_flag,deterministic,rowwise,flag,26278,0.000000,1.000000,1.000000,1.000000,0.000000,1.000000,1.000000,1.000000,1.000000,all_rows,
all_rows,child_state,high_load,rpm_slope,deterministic,diff,rpm/s,26276,0.000076,-1659.000000,2077.000000,33.107969,207.196721,-182.000000,16.000000,361.000000,812.000000,all_rows,
all_rows,child_state,high_load,idle_flag,deterministic,rowwise,flag,26278,0.000000,0.000000,0.000000,0.000000,0.000000,0.000000,0.000000,0.000000,0.000000,all_rows,
all_rows,child_state,high_load,idle_rpm_stability,deterministic,rolling,rpm,0,1.000000,,,,,,,,,all_rows,
all_rows,child_state,high_load,segment_gap_seconds,deterministic,gap_proxy,s,0,1.000000,,,,,,,,,all_rows,
all_rows,child_state,high_load,cold_soak_candidate_flag,deterministic,rowwise,flag,0,1.000000,,,,,,,,,all_rows,
all_rows,child_state,high_load,intake_temp_stability,deterministic,rolling,degC,25315,0.036647,0.000000,27.353462,1.881779,2.446411,0.700282,1.415312,3.207957,16.576276,all_rows,
all_rows,child_state,idle,coolant_slope,deterministic,diff,degC/s,18132,0.001927,-1.000000,3.000000,0.024763,0.187568,0.000000,0.000000,0.000000,1.000000,all_rows,
all_rows,child_state,idle,coolant_ambient_delta,deterministic,rowwise,degC,18157,0.000550,1.000000,95.000000,56.489398,24.453997,10.000000,66.000000,90.000000,93.000000,all_rows,
all_rows,child_state,idle,coolant_stability,deterministic,rolling,degC,7052,0.611824,0.000000,2.739696,0.333044,0.323610,0.000000,0.403376,0.767268,1.606604,all_rows,
all_rows,child_state,idle,intake_ambient_delta,deterministic,rowwise,degC,18157,0.000550,-31.000000,124.000000,8.084210,8.007020,0.000000,7.000000,18.000000,33.000000,all_rows,
all_rows,child_state,idle,intake_temp_slope,deterministic,diff,degC/s,18122,0.002477,-70.000000,65.000000,-0.019093,3.110703,-1.000000,0.000000,1.000000,3.000000,all_rows,
all_rows,child_state,idle,maf_derived_air_load_raw,deterministic,raw_proxy,g/rev_proxy,18163,0.000220,0.000000,5.615217,0.662683,0.239331,0.514397,0.561719,1.073654,1.113817,all_rows,
all_rows,child_state,idle,map_derived_air_load_raw,deterministic,raw_proxy,rpm*kPa/K,18163,0.000220,5.827062,1428.958599,312.621647,79.929037,248.746563,285.523246,407.126562,573.436600,all_rows,
all_rows,child_state,idle,maf_map_cohesion,baseline_final,cohesion,zscore_abs_diff,18163,0.000220,0.001153,18.923191,1.108932,0.737412,0.355832,0.890349,2.305430,2.436011,all_rows,
all_rows,child_state,idle,speed_density_maf_residual,baseline_final,residual,g/s,18163,0.000220,-24.616949,39.140034,1.214774,3.977755,-2.200796,-0.264438,8.778770,9.751539,all_rows,
all_rows,child_state,idle,map_slope,deterministic,diff,kPa/s,18132,0.001927,-100.000000,100.000000,-0.249669,6.075530,-1.000000,0.000000,1.000000,7.000000,all_rows,
all_rows,child_state,idle,map_stability,deterministic,rolling,kPa,14859,0.182088,0.000000,39.949276,7.508641,7.348162,0.672943,4.773840,22.237320,31.807960,all_rows,
all_rows,child_state,idle,accel_pedal_mean,deterministic,rowwise,percent,18145,0.001211,14.100000,61.200000,14.907068,2.935298,14.300000,14.300000,17.450000,29.424000,all_rows,
all_rows,child_state,idle,accel_pedal_channel_delta,deterministic,rowwise,percent,18145,0.001211,0.000000,35.700000,0.454941,1.118879,0.000000,0.400000,0.400000,2.700000,all_rows,
all_rows,child_state,idle,accel_pedal_channel_ratio,deterministic,rowwise,ratio,18145,0.001211,0.283133,3.137931,0.980599,0.053577,0.972414,0.972414,1.026144,1.052288,all_rows,
all_rows,child_state,idle,pedal_slope,deterministic,diff,percent/s,18105,0.003413,-41.200000,36.050000,0.199102,2.338328,-0.200000,0.000000,1.200000,8.800000,all_rows,
all_rows,child_state,idle,engine_on_flag,deterministic,rowwise,flag,18167,0.000000,1.000000,1.000000,1.000000,0.000000,1.000000,1.000000,1.000000,1.000000,all_rows,
all_rows,child_state,idle,rpm_slope,deterministic,diff,rpm/s,18130,0.002037,-1205.000000,1181.000000,9.034528,110.380576,-48.000000,0.000000,103.550000,510.550000,all_rows,
all_rows,child_state,idle,idle_flag,deterministic,rowwise,flag,18167,0.000000,1.000000,1.000000,1.000000,0.000000,1.000000,1.000000,1.000000,1.000000,all_rows,
all_rows,child_state,idle,idle_rpm_stability,deterministic,rolling,rpm,10467,0.423845,0.316228,563.387463,25.725252,61.317046,0.674949,1.490712,97.908395,347.213371,all_rows,
all_rows,child_state,idle,segment_gap_seconds,deterministic,gap_proxy,s,29,0.998404,7.000000,819013.000000,86540.379310,154233.472976,487.600000,40063.000000,238020.400000,660384.320000,all_rows,
all_rows,child_state,idle,cold_soak_candidate_flag,deterministic,rowwise,flag,17,0.999064,0.000000,1.000000,0.764706,0.437237,0.000000,1.000000,1.000000,1.000000,all_rows,
all_rows,child_state,idle,intake_temp_stability,deterministic,rolling,degC,16311,0.102163,0.000000,34.337086,2.935258,4.038492,0.671452,1.751432,13.934941,20.264154,all_rows,
all_rows,child_state,inactive_engine_off,coolant_slope,deterministic,diff,degC/s,8736,0.004217,-1.000000,1.000000,0.001259,0.178073,0.000000,0.000000,0.000000,1.000000,all_rows,
all_rows,child_state,inactive_engine_off,coolant_ambient_delta,deterministic,rowwise,degC,8759,0.001596,1.000000,98.000000,65.169540,21.188718,24.000000,70.000000,92.000000,95.000000,all_rows,
all_rows,child_state,inactive_engine_off,coolant_stability,deterministic,rolling,degC,0,1.000000,,,,,,,,,all_rows,
all_rows,child_state,inactive_engine_off,intake_ambient_delta,deterministic,rowwise,degC,8759,0.001596,-43.000000,137.000000,75.904441,29.913301,2.000000,75.000000,119.000000,127.420000,all_rows,
all_rows,child_state,inactive_engine_off,intake_temp_slope,deterministic,diff,degC/s,8729,0.005015,-13.000000,114.000000,2.751632,15.468262,-5.000000,-1.000000,35.000000,76.000000,all_rows,
all_rows,child_state,inactive_engine_off,maf_derived_air_load_raw,deterministic,raw_proxy,g/rev_proxy,8766,0.000798,0.000000,17240000.000000,60187.089909,390875.170219,0.000000,0.000000,3.480000,1060500.000000,all_rows,
all_rows,child_state,inactive_engine_off,map_derived_air_load_raw,deterministic,raw_proxy,rpm*kPa/K,8771,0.000228,0.000000,7.535899,0.017875,0.311859,0.000000,0.000000,0.000000,0.000000,all_rows,
all_rows,child_state,inactive_engine_off,maf_map_cohesion,baseline_final,cohesion,zscore_abs_diff,8766,0.000798,0.123671,59117491.596362,206386.989812,1340345.650565,0.123671,0.123671,11.800201,3636548.598434,all_rows,
all_rows,child_state,inactive_engine_off,speed_density_maf_residual,baseline_final,residual,g/s,8766,0.000798,-20.487980,9.967737,-8.766143,0.875640,-9.327169,-9.044617,-6.715076,-5.060724,all_rows,
all_rows,child_state,inactive_engine_off,map_slope,deterministic,diff,kPa/s,8734,0.004445,-66.000000,84.000000,1.731166,9.301056,-1.000000,0.000000,14.000000,47.000000,all_rows,
all_rows,child_state,inactive_engine_off,map_stability,deterministic,rolling,kPa,0,1.000000,,,,,,,,,all_rows,
all_rows,child_state,inactive_engine_off,accel_pedal_mean,deterministic,rowwise,percent,8750,0.002622,14.100000,84.700000,14.460137,2.340964,14.300000,14.300000,14.500000,19.200000,all_rows,
all_rows,child_state,inactive_engine_off,accel_pedal_channel_delta,deterministic,rowwise,percent,8750,0.002622,0.000000,13.400000,0.391634,0.204053,0.400000,0.400000,0.400000,0.400000,all_rows,
all_rows,child_state,inactive_engine_off,accel_pedal_channel_ratio,deterministic,rowwise,ratio,8750,0.002622,0.512727,1.351724,0.974305,0.011971,0.972414,0.972414,1.000000,1.023207,all_rows,
all_rows,child_state,inactive_engine_off,pedal_slope,deterministic,diff,percent/s,8707,0.007523,-34.900000,28.000000,0.009889,0.861218,0.000000,0.000000,0.000000,0.200000,all_rows,
all_rows,child_state,inactive_engine_off,engine_on_flag,deterministic,rowwise,flag,8773,0.000000,0.000000,0.000000,0.000000,0.000000,0.000000,0.000000,0.000000,0.000000,all_rows,
all_rows,child_state,inactive_engine_off,rpm_slope,deterministic,diff,rpm/s,8732,0.004673,-868.000000,0.000000,-14.092419,85.121501,0.000000,0.000000,0.000000,0.000000,all_rows,
all_rows,child_state,inactive_engine_off,idle_flag,deterministic,rowwise,flag,8773,0.000000,0.000000,0.000000,0.000000,0.000000,0.000000,0.000000,0.000000,0.000000,all_rows,
all_rows,child_state,inactive_engine_off,idle_rpm_stability,deterministic,rolling,rpm,0,1.000000,,,,,,,,,all_rows,
all_rows,child_state,inactive_engine_off,segment_gap_seconds,deterministic,gap_proxy,s,33,0.996238,7039.000000,16201416.000000,618371.212121,2821008.323875,25407.200000,44717.000000,1076369.600000,11694315.520000,all_rows,
all_rows,child_state,inactive_engine_off,cold_soak_candidate_flag,deterministic,rowwise,flag,19,0.997834,0.000000,1.000000,0.947368,0.229416,0.900000,1.000000,1.000000,1.000000,all_rows,
all_rows,child_state,inactive_engine_off,intake_temp_stability,deterministic,rolling,degC,0,1.000000,,,,,,,,,all_rows,
all_rows,child_state,steady_driving,coolant_slope,deterministic,diff,degC/s,88357,0.000215,-1.000000,2.000000,0.014679,0.188334,0.000000,0.000000,0.000000,1.000000,all_rows,
all_rows,child_state,steady_driving,coolant_ambient_delta,deterministic,rowwise,degC,88332,0.000498,1.000000,108.000000,75.209335,15.588433,48.000000,74.000000,96.000000,100.000000,all_rows,
all_rows,child_state,steady_driving,coolant_stability,deterministic,rolling,degC,74189,0.160530,0.000000,4.879190,0.421187,0.488937,0.000000,0.415450,1.314414,2.658614,all_rows,
all_rows,child_state,steady_driving,intake_ambient_delta,deterministic,rowwise,degC,88332,0.000498,-39.000000,130.000000,6.211747,4.130913,2.000000,6.000000,13.000000,20.000000,all_rows,
all_rows,child_state,steady_driving,intake_temp_slope,deterministic,diff,degC/s,88357,0.000215,-58.000000,18.000000,-0.005698,0.901988,-1.000000,0.000000,1.000000,2.000000,all_rows,
all_rows,child_state,steady_driving,maf_derived_air_load_raw,deterministic,raw_proxy,g/rev_proxy,88376,0.000000,0.000000,6.987097,0.804247,0.286561,0.503638,0.723718,1.314850,1.811066,all_rows,
all_rows,child_state,steady_driving,map_derived_air_load_raw,deterministic,raw_proxy,rpm*kPa/K,88376,0.000000,16.885007,1980.100928,766.469220,290.657576,326.620465,714.357348,1333.134380,1516.366935,all_rows,
all_rows,child_state,steady_driving,maf_map_cohesion,baseline_final,cohesion,zscore_abs_diff,88376,0.000000,0.000007,23.723767,0.539895,0.482575,0.039614,0.445466,1.552490,2.221231,all_rows,
all_rows,child_state,steady_driving,speed_density_maf_residual,baseline_final,residual,g/s,88376,0.000000,-27.000488,45.151277,0.068630,4.259416,-3.331194,-1.160886,10.541513,15.627570,all_rows,
all_rows,child_state,steady_driving,map_slope,deterministic,diff,kPa/s,88357,0.000215,-113.000000,106.000000,0.020847,7.188948,-8.000000,0.000000,8.000000,23.000000,all_rows,
all_rows,child_state,steady_driving,map_stability,deterministic,rolling,kPa,84460,0.044311,0.000000,53.754650,17.348506,9.903208,3.116205,16.372051,35.566917,41.796903,all_rows,
all_rows,child_state,steady_driving,accel_pedal_mean,deterministic,rowwise,percent,88376,0.000000,14.100000,77.450000,18.823491,8.785117,14.300000,14.300000,39.600000,47.850000,all_rows,
all_rows,child_state,steady_driving,accel_pedal_channel_delta,deterministic,rowwise,percent,88376,0.000000,0.000000,58.400000,0.543251,1.479683,0.000000,0.400000,0.800000,5.100000,all_rows,
all_rows,child_state,steady_driving,accel_pedal_channel_ratio,deterministic,rowwise,ratio,88376,0.000000,0.249558,4.655172,0.982474,0.074098,0.972414,0.972414,1.017021,1.104278,all_rows,
all_rows,child_state,steady_driving,pedal_slope,deterministic,diff,percent/s,88357,0.000215,-52.950000,56.100000,-0.016227,3.248891,-2.200000,0.000000,2.500000,10.400000,all_rows,
all_rows,child_state,steady_driving,engine_on_flag,deterministic,rowwise,flag,88376,0.000000,1.000000,1.000000,1.000000,0.000000,1.000000,1.000000,1.000000,1.000000,all_rows,
all_rows,child_state,steady_driving,rpm_slope,deterministic,diff,rpm/s,88357,0.000215,-1328.000000,1142.000000,-0.581969,47.759696,-17.000000,0.000000,18.000000,64.000000,all_rows,
all_rows,child_state,steady_driving,idle_flag,deterministic,rowwise,flag,88376,0.000000,0.000000,0.000000,0.000000,0.000000,0.000000,0.000000,0.000000,0.000000,all_rows,
all_rows,child_state,steady_driving,idle_rpm_stability,deterministic,rolling,rpm,0,1.000000,,,,,,,,,all_rows,
all_rows,child_state,steady_driving,segment_gap_seconds,deterministic,gap_proxy,s,0,1.000000,,,,,,,,,all_rows,
all_rows,child_state,steady_driving,cold_soak_candidate_flag,deterministic,rowwise,flag,0,1.000000,,,,,,,,,all_rows,
all_rows,child_state,steady_driving,intake_temp_stability,deterministic,rolling,degC,86404,0.022314,0.000000,33.658737,1.695675,2.387855,0.436667,1.266139,2.999247,16.203646,all_rows,
all_rows,child_state,unknown,coolant_slope,deterministic,diff,degC/s,0,1.000000,,,,,,,,,all_rows,
all_rows,child_state,unknown,coolant_ambient_delta,deterministic,rowwise,degC,0,1.000000,,,,,,,,,all_rows,
all_rows,child_state,unknown,coolant_stability,deterministic,rolling,degC,0,1.000000,,,,,,,,,all_rows,
all_rows,child_state,unknown,intake_ambient_delta,deterministic,rowwise,degC,1,0.923077,1.000000,1.000000,1.000000,0.000000,1.000000,1.000000,1.000000,1.000000,all_rows,
all_rows,child_state,unknown,intake_temp_slope,deterministic,diff,degC/s,0,1.000000,,,,,,,,,all_rows,
all_rows,child_state,unknown,maf_derived_air_load_raw,deterministic,raw_proxy,g/rev_proxy,1,0.923077,860000.000000,860000.000000,860000.000000,0.000000,860000.000000,860000.000000,860000.000000,860000.000000,all_rows,
all_rows,child_state,unknown,map_derived_air_load_raw,deterministic,raw_proxy,rpm*kPa/K,0,1.000000,,,,,,,,,all_rows,
all_rows,child_state,unknown,maf_map_cohesion,baseline_final,cohesion,zscore_abs_diff,0,1.000000,,,,,,,,,all_rows,
all_rows,child_state,unknown,speed_density_maf_residual,baseline_final,residual,g/s,0,1.000000,,,,,,,,,all_rows,
all_rows,child_state,unknown,map_slope,deterministic,diff,kPa/s,0,1.000000,,,,,,,,,all_rows,
all_rows,child_state,unknown,map_stability,deterministic,rolling,kPa,0,1.000000,,,,,,,,,all_rows,
all_rows,child_state,unknown,accel_pedal_mean,deterministic,rowwise,percent,0,1.000000,,,,,,,,,all_rows,
all_rows,child_state,unknown,accel_pedal_channel_delta,deterministic,rowwise,percent,0,1.000000,,,,,,,,,all_rows,
all_rows,child_state,unknown,accel_pedal_channel_ratio,deterministic,rowwise,ratio,0,1.000000,,,,,,,,,all_rows,
all_rows,child_state,unknown,pedal_slope,deterministic,diff,percent/s,0,1.000000,,,,,,,,,all_rows,
all_rows,child_state,unknown,engine_on_flag,deterministic,rowwise,flag,6,0.538462,0.000000,1.000000,0.666667,0.516398,0.000000,1.000000,1.000000,1.000000,all_rows,
all_rows,child_state,unknown,rpm_slope,deterministic,diff,rpm/s,0,1.000000,,,,,,,,,all_rows,
all_rows,child_state,unknown,idle_flag,deterministic,rowwise,flag,13,0.000000,0.000000,0.000000,0.000000,0.000000,0.000000,0.000000,0.000000,0.000000,all_rows,
all_rows,child_state,unknown,idle_rpm_stability,deterministic,rolling,rpm,0,1.000000,,,,,,,,,all_rows,
all_rows,child_state,unknown,segment_gap_seconds,deterministic,gap_proxy,s,13,0.000000,291.000000,946141.000000,132465.769231,251599.524351,20821.200000,40036.000000,505525.000000,858017.800000,all_rows,
all_rows,child_state,unknown,cold_soak_candidate_flag,deterministic,rowwise,flag,0,1.000000,,,,,,,,,all_rows,
all_rows,child_state,unknown,intake_temp_stability,deterministic,rolling,degC,0,1.000000,,,,,,,,,all_rows,
all_rows,operating_state,engine_off,coolant_slope,deterministic,diff,degC/s,8736,0.004444,-1.000000,1.000000,0.001259,0.178073,0.000000,0.000000,0.000000,1.000000,all_rows,
all_rows,operating_state,engine_off,coolant_ambient_delta,deterministic,rowwise,degC,8759,0.001823,1.000000,98.000000,65.169540,21.188718,24.000000,70.000000,92.000000,95.000000,all_rows,
all_rows,operating_state,engine_off,coolant_stability,deterministic,rolling,degC,0,1.000000,,,,,,,,,all_rows,
all_rows,operating_state,engine_off,intake_ambient_delta,deterministic,rowwise,degC,8759,0.001823,-43.000000,137.000000,75.904441,29.913301,2.000000,75.000000,119.000000,127.420000,all_rows,
all_rows,operating_state,engine_off,intake_temp_slope,deterministic,diff,degC/s,8729,0.005242,-13.000000,114.000000,2.751632,15.468262,-5.000000,-1.000000,35.000000,76.000000,all_rows,
all_rows,operating_state,engine_off,maf_derived_air_load_raw,deterministic,raw_proxy,g/rev_proxy,8766,0.001026,0.000000,17240000.000000,60187.089909,390875.170219,0.000000,0.000000,3.480000,1060500.000000,all_rows,
all_rows,operating_state,engine_off,map_derived_air_load_raw,deterministic,raw_proxy,rpm*kPa/K,8771,0.000456,0.000000,7.535899,0.017875,0.311859,0.000000,0.000000,0.000000,0.000000,all_rows,
all_rows,operating_state,engine_off,maf_map_cohesion,baseline_final,cohesion,zscore_abs_diff,8766,0.001026,0.123671,59117491.596362,206386.989812,1340345.650565,0.123671,0.123671,11.800201,3636548.598434,all_rows,
all_rows,operating_state,engine_off,speed_density_maf_residual,baseline_final,residual,g/s,8766,0.001026,-20.487980,9.967737,-8.766143,0.875640,-9.327169,-9.044617,-6.715076,-5.060724,all_rows,
all_rows,operating_state,engine_off,map_slope,deterministic,diff,kPa/s,8734,0.004672,-66.000000,84.000000,1.731166,9.301056,-1.000000,0.000000,14.000000,47.000000,all_rows,
all_rows,operating_state,engine_off,map_stability,deterministic,rolling,kPa,0,1.000000,,,,,,,,,all_rows,
all_rows,operating_state,engine_off,accel_pedal_mean,deterministic,rowwise,percent,8750,0.002849,14.100000,84.700000,14.460137,2.340964,14.300000,14.300000,14.500000,19.200000,all_rows,
all_rows,operating_state,engine_off,accel_pedal_channel_delta,deterministic,rowwise,percent,8750,0.002849,0.000000,13.400000,0.391634,0.204053,0.400000,0.400000,0.400000,0.400000,all_rows,
all_rows,operating_state,engine_off,accel_pedal_channel_ratio,deterministic,rowwise,ratio,8750,0.002849,0.512727,1.351724,0.974305,0.011971,0.972414,0.972414,1.000000,1.023207,all_rows,
all_rows,operating_state,engine_off,pedal_slope,deterministic,diff,percent/s,8707,0.007749,-34.900000,28.000000,0.009889,0.861218,0.000000,0.000000,0.000000,0.200000,all_rows,
all_rows,operating_state,engine_off,engine_on_flag,deterministic,rowwise,flag,8775,0.000000,0.000000,0.000000,0.000000,0.000000,0.000000,0.000000,0.000000,0.000000,all_rows,
all_rows,operating_state,engine_off,rpm_slope,deterministic,diff,rpm/s,8732,0.004900,-868.000000,0.000000,-14.092419,85.121501,0.000000,0.000000,0.000000,0.000000,all_rows,
all_rows,operating_state,engine_off,idle_flag,deterministic,rowwise,flag,8775,0.000000,0.000000,0.000000,0.000000,0.000000,0.000000,0.000000,0.000000,0.000000,all_rows,
all_rows,operating_state,engine_off,idle_rpm_stability,deterministic,rolling,rpm,0,1.000000,,,,,,,,,all_rows,
all_rows,operating_state,engine_off,segment_gap_seconds,deterministic,gap_proxy,s,35,0.996011,7039.000000,16201416.000000,611196.657143,2739147.287912,26840.400000,44717.000000,1297316.800000,11412621.740000,all_rows,
all_rows,operating_state,engine_off,cold_soak_candidate_flag,deterministic,rowwise,flag,19,0.997835,0.000000,1.000000,0.947368,0.229416,0.900000,1.000000,1.000000,1.000000,all_rows,
all_rows,operating_state,engine_off,intake_temp_stability,deterministic,rolling,degC,0,1.000000,,,,,,,,,all_rows,
all_rows,operating_state,post_warmup__acceleration,coolant_slope,deterministic,diff,degC/s,31849,0.000063,-1.000000,1.000000,0.009262,0.160681,0.000000,0.000000,0.000000,1.000000,all_rows,
all_rows,operating_state,post_warmup__acceleration,coolant_ambient_delta,deterministic,rowwise,degC,31848,0.000094,43.000000,102.000000,77.737283,10.343610,63.000000,75.000000,95.000000,98.000000,all_rows,
all_rows,operating_state,post_warmup__acceleration,coolant_stability,deterministic,rolling,degC,27453,0.138080,0.000000,4.077325,0.401785,0.384932,0.000000,0.426522,1.136776,1.932975,all_rows,
all_rows,operating_state,post_warmup__acceleration,intake_ambient_delta,deterministic,rowwise,degC,31848,0.000094,-30.000000,131.000000,9.161297,8.539775,1.000000,8.000000,20.000000,32.000000,all_rows,
all_rows,operating_state,post_warmup__acceleration,intake_temp_slope,deterministic,diff,degC/s,31848,0.000094,-96.000000,22.000000,-0.145582,2.952387,-3.000000,0.000000,2.000000,4.000000,all_rows,
all_rows,operating_state,post_warmup__acceleration,maf_derived_air_load_raw,deterministic,raw_proxy,g/rev_proxy,31851,0.000000,0.000000,5.919745,0.784553,0.304851,0.490080,0.690470,1.372011,1.811084,all_rows,
all_rows,operating_state,post_warmup__acceleration,map_derived_air_load_raw,deterministic,raw_proxy,rpm*kPa/K,31851,0.000000,6.216171,1828.718218,651.247425,234.332024,317.121085,633.949354,1074.515513,1311.138650,all_rows,
all_rows,operating_state,post_warmup__acceleration,maf_map_cohesion,baseline_final,cohesion,zscore_abs_diff,31851,0.000000,0.000033,20.041231,0.661111,0.683877,0.044484,0.491006,1.966229,2.752409,all_rows,
all_rows,operating_state,post_warmup__acceleration,speed_density_maf_residual,baseline_final,residual,g/s,31851,0.000000,-33.123232,71.253994,0.015785,4.895824,-5.281730,-1.102744,9.713966,17.572714,all_rows,
all_rows,operating_state,post_warmup__acceleration,map_slope,deterministic,diff,kPa/s,31849,0.000063,-126.000000,124.000000,0.439260,16.451443,-23.000000,0.000000,24.000000,45.000000,all_rows,
all_rows,operating_state,post_warmup__acceleration,map_stability,deterministic,rolling,kPa,28087,0.118175,0.000000,46.387861,14.386324,8.900814,3.132805,12.681630,31.895266,38.419149,all_rows,
all_rows,operating_state,post_warmup__acceleration,accel_pedal_mean,deterministic,rowwise,percent,31850,0.000031,14.100000,78.000000,28.463659,11.796434,14.300000,28.200000,47.650000,53.700000,all_rows,
all_rows,operating_state,post_warmup__acceleration,accel_pedal_channel_delta,deterministic,rowwise,percent,31850,0.000031,0.000000,47.900000,1.171425,2.933455,0.000000,0.400000,4.700000,15.300000,all_rows,
all_rows,operating_state,post_warmup__acceleration,accel_pedal_channel_ratio,deterministic,rowwise,ratio,31850,0.000031,0.227419,4.137931,0.996061,0.134232,0.927392,0.986207,1.064847,1.493769,all_rows,
all_rows,operating_state,post_warmup__acceleration,pedal_slope,deterministic,diff,percent/s,31847,0.000126,-63.000000,49.000000,-0.155635,8.158938,-15.100000,0.000000,11.400000,24.300000,all_rows,
all_rows,operating_state,post_warmup__acceleration,engine_on_flag,deterministic,rowwise,flag,31851,0.000000,1.000000,1.000000,1.000000,0.000000,1.000000,1.000000,1.000000,1.000000,all_rows,
all_rows,operating_state,post_warmup__acceleration,rpm_slope,deterministic,diff,rpm/s,31849,0.000063,-1385.000000,1201.000000,23.375522,174.377419,-275.000000,24.000000,225.000000,468.000000,all_rows,
all_rows,operating_state,post_warmup__acceleration,idle_flag,deterministic,rowwise,flag,31851,0.000000,0.000000,0.000000,0.000000,0.000000,0.000000,0.000000,0.000000,0.000000,all_rows,
all_rows,operating_state,post_warmup__acceleration,idle_rpm_stability,deterministic,rolling,rpm,0,1.000000,,,,,,,,,all_rows,
all_rows,operating_state,post_warmup__acceleration,segment_gap_seconds,deterministic,gap_proxy,s,2,0.999937,36110.000000,219115.000000,127612.500000,129404.076491,45260.250000,127612.500000,209964.750000,217284.950000,all_rows,
all_rows,operating_state,post_warmup__acceleration,cold_soak_candidate_flag,deterministic,rowwise,flag,0,1.000000,,,,,,,,,all_rows,
all_rows,operating_state,post_warmup__acceleration,intake_temp_stability,deterministic,rolling,degC,30211,0.051490,0.000001,29.190451,3.136984,4.091000,1.039339,1.929477,14.751340,21.144277,all_rows,
all_rows,operating_state,post_warmup__deceleration,coolant_slope,deterministic,diff,degC/s,51981,0.000000,-1.000000,1.000000,-0.000135,0.171508,0.000000,0.000000,0.000000,1.000000,all_rows,
all_rows,operating_state,post_warmup__deceleration,coolant_ambient_delta,deterministic,rowwise,degC,51980,0.000019,46.000000,104.000000,78.254098,10.594844,64.000000,76.000000,96.000000,99.000000,all_rows,
all_rows,operating_state,post_warmup__deceleration,coolant_stability,deterministic,rolling,degC,47332,0.089437,0.000000,4.646364,0.399486,0.388193,0.000000,0.426522,1.033206,2.016953,all_rows,
all_rows,operating_state,post_warmup__deceleration,intake_ambient_delta,deterministic,rowwise,degC,51980,0.000019,-34.000000,89.000000,6.349000,5.215028,0.000000,6.000000,15.000000,22.000000,all_rows,
all_rows,operating_state,post_warmup__deceleration,intake_temp_slope,deterministic,diff,degC/s,51981,0.000000,-19.000000,80.000000,-0.092101,1.795490,-3.000000,0.000000,3.000000,4.000000,all_rows,
all_rows,operating_state,post_warmup__deceleration,maf_derived_air_load_raw,deterministic,raw_proxy,g/rev_proxy,51981,0.000000,0.000000,3.001117,0.786907,0.284946,0.486391,0.671398,1.216938,1.615637,all_rows,
all_rows,operating_state,post_warmup__deceleration,map_derived_air_load_raw,deterministic,raw_proxy,rpm*kPa/K,51981,0.000000,7.096663,2406.049448,598.113602,260.598517,298.067373,563.684866,1096.258537,1410.620870,all_rows,
all_rows,operating_state,post_warmup__deceleration,maf_map_cohesion,baseline_final,cohesion,zscore_abs_diff,51981,0.000000,0.000001,9.935835,0.836656,0.618094,0.076271,0.701029,1.856482,2.718297,all_rows,
all_rows,operating_state,post_warmup__deceleration,speed_density_maf_residual,baseline_final,residual,g/s,51981,0.000000,-27.838480,67.410013,3.235839,6.492883,-3.726509,0.209737,14.481742,20.467444,all_rows,
all_rows,operating_state,post_warmup__deceleration,map_slope,deterministic,diff,kPa/s,51981,0.000000,-127.000000,107.000000,-0.529251,11.507549,-12.000000,0.000000,13.000000,36.000000,all_rows,
all_rows,operating_state,post_warmup__deceleration,map_stability,deterministic,rolling,kPa,48235,0.072065,0.181020,55.443999,19.187887,11.418440,3.986945,17.244863,39.940593,45.657789,all_rows,
all_rows,operating_state,post_warmup__deceleration,accel_pedal_mean,deterministic,rowwise,percent,51981,0.000000,14.100000,77.450000,18.373985,8.479306,14.300000,14.300000,39.200000,49.400000,all_rows,
all_rows,operating_state,post_warmup__deceleration,accel_pedal_channel_delta,deterministic,rowwise,percent,51981,0.000000,0.000000,47.900000,0.747816,1.927541,0.000000,0.400000,2.300000,9.400000,all_rows,
all_rows,operating_state,post_warmup__deceleration,accel_pedal_channel_ratio,deterministic,rowwise,ratio,51981,0.000000,0.241438,4.397163,0.984939,0.103034,0.961783,0.972414,1.023669,1.351724,all_rows,
all_rows,operating_state,post_warmup__deceleration,pedal_slope,deterministic,diff,percent/s,51981,0.000000,-63.500000,58.100000,0.322922,5.672634,-7.100000,0.000000,9.350000,19.600000,all_rows,
all_rows,operating_state,post_warmup__deceleration,engine_on_flag,deterministic,rowwise,flag,51981,0.000000,1.000000,1.000000,1.000000,0.000000,1.000000,1.000000,1.000000,1.000000,all_rows,
all_rows,operating_state,post_warmup__deceleration,rpm_slope,deterministic,diff,rpm/s,51981,0.000000,-2703.000000,3280.000000,-26.579866,160.250804,-209.000000,-20.000000,89.000000,664.200000,all_rows,
all_rows,operating_state,post_warmup__deceleration,idle_flag,deterministic,rowwise,flag,51981,0.000000,0.000000,0.000000,0.000000,0.000000,0.000000,0.000000,0.000000,0.000000,all_rows,
all_rows,operating_state,post_warmup__deceleration,idle_rpm_stability,deterministic,rolling,rpm,0,1.000000,,,,,,,,,all_rows,
all_rows,operating_state,post_warmup__deceleration,segment_gap_seconds,deterministic,gap_proxy,s,0,1.000000,,,,,,,,,all_rows,
all_rows,operating_state,post_warmup__deceleration,cold_soak_candidate_flag,deterministic,rowwise,flag,0,1.000000,,,,,,,,,all_rows,
all_rows,operating_state,post_warmup__deceleration,intake_temp_stability,deterministic,rolling,degC,50326,0.031839,0.000000,36.628752,2.474532,3.302731,0.789049,1.666893,7.752196,19.452565,all_rows,
all_rows,operating_state,post_warmup__high_load,coolant_slope,deterministic,diff,degC/s,23166,0.000000,-1.000000,1.000000,0.017914,0.192406,0.000000,0.000000,0.000000,1.000000,all_rows,
all_rows,operating_state,post_warmup__high_load,coolant_ambient_delta,deterministic,rowwise,degC,23164,0.000086,43.000000,103.000000,78.371007,11.127147,62.000000,75.000000,97.000000,100.000000,all_rows,
all_rows,operating_state,post_warmup__high_load,coolant_stability,deterministic,rolling,degC,21701,0.063239,0.000000,4.497331,0.421281,0.482298,0.000000,0.415450,1.147830,2.831372,all_rows,
all_rows,operating_state,post_warmup__high_load,intake_ambient_delta,deterministic,rowwise,degC,23164,0.000086,-23.000000,118.000000,7.171602,6.161468,3.000000,6.000000,13.000000,26.000000,all_rows,
all_rows,operating_state,post_warmup__high_load,intake_temp_slope,deterministic,diff,degC/s,23166,0.000000,-69.000000,26.000000,-0.276159,2.731265,-3.000000,0.000000,2.000000,4.000000,all_rows,
all_rows,operating_state,post_warmup__high_load,maf_derived_air_load_raw,deterministic,raw_proxy,g/rev_proxy,23166,0.000000,0.000000,4.663087,1.456829,0.499393,0.695018,1.391093,2.132093,2.183976,all_rows,
all_rows,operating_state,post_warmup__high_load,map_derived_air_load_raw,deterministic,raw_proxy,rpm*kPa/K,23166,0.000000,34.342255,2795.128774,1329.290430,430.454191,657.826255,1299.786380,2144.662412,2493.452308,all_rows,
all_rows,operating_state,post_warmup__high_load,maf_map_cohesion,baseline_final,cohesion,zscore_abs_diff,23166,0.000000,0.000254,15.724381,1.006534,0.811475,0.083237,0.785188,2.457604,3.242032,all_rows,
all_rows,operating_state,post_warmup__high_load,speed_density_maf_residual,baseline_final,residual,g/s,23166,0.000000,-27.838480,79.178345,11.519905,16.347292,-5.033219,7.503341,46.788619,61.435383,all_rows,
all_rows,operating_state,post_warmup__high_load,map_slope,deterministic,diff,kPa/s,23166,0.000000,-138.000000,135.000000,-0.080981,24.400946,-40.000000,0.000000,41.000000,74.000000,all_rows,
all_rows,operating_state,post_warmup__high_load,map_stability,deterministic,rolling,kPa,22125,0.044937,1.337845,56.299853,29.824429,9.599779,12.328203,30.840596,43.793526,48.028691,all_rows,
all_rows,operating_state,post_warmup__high_load,accel_pedal_mean,deterministic,rowwise,percent,23166,0.000000,14.100000,84.700000,35.951435,21.780862,14.300000,36.650000,77.450000,78.000000,all_rows,
all_rows,operating_state,post_warmup__high_load,accel_pedal_channel_delta,deterministic,rowwise,percent,23166,0.000000,0.000000,63.500000,1.170219,3.455667,0.000000,0.400000,3.900000,16.640000,all_rows,
all_rows,operating_state,post_warmup__high_load,accel_pedal_channel_ratio,deterministic,rowwise,ratio,23166,0.000000,0.181701,4.572414,0.990222,0.137813,0.956960,0.980198,1.021370,1.401981,all_rows,
all_rows,operating_state,post_warmup__high_load,pedal_slope,deterministic,diff,percent/s,23166,0.000000,-63.700000,62.000000,-0.608387,9.206196,-15.700000,0.000000,10.200000,27.850000,all_rows,
all_rows,operating_state,post_warmup__high_load,engine_on_flag,deterministic,rowwise,flag,23166,0.000000,1.000000,1.000000,1.000000,0.000000,1.000000,1.000000,1.000000,1.000000,all_rows,
all_rows,operating_state,post_warmup__high_load,rpm_slope,deterministic,diff,rpm/s,23166,0.000000,-1569.000000,2077.000000,27.252309,164.743848,-23.000000,15.000000,185.750000,712.700000,all_rows,
all_rows,operating_state,post_warmup__high_load,idle_flag,deterministic,rowwise,flag,23166,0.000000,0.000000,0.000000,0.000000,0.000000,0.000000,0.000000,0.000000,0.000000,all_rows,
all_rows,operating_state,post_warmup__high_load,idle_rpm_stability,deterministic,rolling,rpm,0,1.000000,,,,,,,,,all_rows,
all_rows,operating_state,post_warmup__high_load,segment_gap_seconds,deterministic,gap_proxy,s,0,1.000000,,,,,,,,,all_rows,
all_rows,operating_state,post_warmup__high_load,cold_soak_candidate_flag,deterministic,rowwise,flag,0,1.000000,,,,,,,,,all_rows,
all_rows,operating_state,post_warmup__high_load,intake_temp_stability,deterministic,rolling,degC,22534,0.027281,0.000000,27.353462,1.740713,2.174043,0.683088,1.372397,2.879042,15.195490,all_rows,
all_rows,operating_state,post_warmup__idle,coolant_slope,deterministic,diff,degC/s,8683,0.000691,-1.000000,1.000000,0.004261,0.130052,0.000000,0.000000,0.000000,1.000000,all_rows,
all_rows,operating_state,post_warmup__idle,coolant_ambient_delta,deterministic,rowwise,degC,8689,0.000000,51.000000,95.000000,76.764760,9.344844,65.000000,73.000000,91.000000,93.000000,all_rows,
all_rows,operating_state,post_warmup__idle,coolant_stability,deterministic,rolling,degC,7052,0.188399,0.000000,2.739696,0.333044,0.323610,0.000000,0.403376,0.767268,1.606604,all_rows,
all_rows,operating_state,post_warmup__idle,intake_ambient_delta,deterministic,rowwise,degC,8689,0.000000,-21.000000,124.000000,10.044309,9.881014,-1.000000,9.000000,20.000000,52.000000,all_rows,
all_rows,operating_state,post_warmup__idle,intake_temp_slope,deterministic,diff,degC/s,8683,0.000691,-61.000000,65.000000,-0.099505,4.064018,-1.000000,0.000000,1.000000,4.000000,all_rows,
all_rows,operating_state,post_warmup__idle,maf_derived_air_load_raw,deterministic,raw_proxy,g/rev_proxy,8689,0.000000,0.000000,4.539901,0.551929,0.152958,0.507710,0.545682,0.612281,0.968659,all_rows,
all_rows,operating_state,post_warmup__idle,map_derived_air_load_raw,deterministic,raw_proxy,rpm*kPa/K,8689,0.000000,5.827062,1374.341774,279.171047,64.904016,241.860264,266.751728,348.829474,504.832090,all_rows,
all_rows,operating_state,post_warmup__idle,maf_map_cohesion,baseline_final,cohesion,zscore_abs_diff,8689,0.000000,0.001153,15.258263,0.849455,0.497844,0.493387,0.841858,1.091909,1.985801,all_rows,
all_rows,operating_state,post_warmup__idle,speed_density_maf_residual,baseline_final,residual,g/s,8689,0.000000,-24.616949,22.009334,-0.937965,1.789254,-2.560997,-1.065861,1.127629,4.975675,all_rows,
all_rows,operating_state,post_warmup__idle,map_slope,deterministic,diff,kPa/s,8683,0.000691,-99.000000,100.000000,-0.557872,7.319365,-1.000000,0.000000,1.000000,6.000000,all_rows,
all_rows,operating_state,post_warmup__idle,map_stability,deterministic,rolling,kPa,7120,0.180573,0.129099,39.949276,6.356361,6.936431,1.124333,3.756539,20.839318,34.245412,all_rows,
all_rows,operating_state,post_warmup__idle,accel_pedal_mean,deterministic,rowwise,percent,8687,0.000230,14.100000,54.500000,14.865045,2.560657,14.300000,14.300000,17.450000,26.128000,all_rows,
all_rows,operating_state,post_warmup__idle,accel_pedal_channel_delta,deterministic,rowwise,percent,8687,0.000230,0.000000,35.700000,0.444814,1.003191,0.000000,0.400000,0.400000,2.400000,all_rows,
all_rows,operating_state,post_warmup__idle,accel_pedal_channel_ratio,deterministic,rowwise,ratio,8687,0.000230,0.283133,2.163265,0.981951,0.048481,0.972414,0.972414,1.026846,1.055172,all_rows,
all_rows,operating_state,post_warmup__idle,pedal_slope,deterministic,diff,percent/s,8682,0.000806,-40.400000,34.150000,0.167018,2.129298,-0.200000,0.000000,1.200000,8.119000,all_rows,
all_rows,operating_state,post_warmup__idle,engine_on_flag,deterministic,rowwise,flag,8689,0.000000,1.000000,1.000000,1.000000,0.000000,1.000000,1.000000,1.000000,1.000000,all_rows,
all_rows,operating_state,post_warmup__idle,rpm_slope,deterministic,diff,rpm/s,8683,0.000691,-960.000000,1181.000000,7.410918,114.079043,-61.000000,0.000000,139.900000,472.080000,all_rows,
all_rows,operating_state,post_warmup__idle,idle_flag,deterministic,rowwise,flag,8689,0.000000,1.000000,1.000000,1.000000,0.000000,1.000000,1.000000,1.000000,1.000000,all_rows,
all_rows,operating_state,post_warmup__idle,idle_rpm_stability,deterministic,rolling,rpm,4629,0.467257,0.421637,563.387463,35.939773,60.960609,0.788811,2.118700,118.249105,335.075355,all_rows,
all_rows,operating_state,post_warmup__idle,segment_gap_seconds,deterministic,gap_proxy,s,2,0.999770,7.000000,10.000000,8.500000,2.121320,7.150000,8.500000,9.850000,9.970000,all_rows,
all_rows,operating_state,post_warmup__idle,cold_soak_candidate_flag,deterministic,rowwise,flag,0,1.000000,,,,,,,,,all_rows,
all_rows,operating_state,post_warmup__idle,intake_temp_stability,deterministic,rolling,degC,8150,0.062032,0.618683,34.337086,4.058456,5.109441,1.006953,2.108766,17.243721,21.068955,all_rows,
all_rows,operating_state,post_warmup__steady_driving,coolant_slope,deterministic,diff,degC/s,78701,0.000076,-1.000000,2.000000,0.005527,0.169257,0.000000,0.000000,0.000000,1.000000,all_rows,
all_rows,operating_state,post_warmup__steady_driving,coolant_ambient_delta,deterministic,rowwise,degC,78667,0.000508,43.000000,108.000000,78.667014,11.010511,64.000000,76.000000,96.000000,100.000000,all_rows,
all_rows,operating_state,post_warmup__steady_driving,coolant_stability,deterministic,rolling,degC,74189,0.057403,0.000000,4.879190,0.421187,0.488937,0.000000,0.415450,1.314414,2.658614,all_rows,
all_rows,operating_state,post_warmup__steady_driving,intake_ambient_delta,deterministic,rowwise,degC,78667,0.000508,-34.000000,130.000000,6.406613,4.068329,2.000000,6.000000,13.000000,20.000000,all_rows,
all_rows,operating_state,post_warmup__steady_driving,intake_temp_slope,deterministic,diff,degC/s,78701,0.000076,-58.000000,18.000000,-0.002433,0.892075,-1.000000,0.000000,1.000000,2.000000,all_rows,
all_rows,operating_state,post_warmup__steady_driving,maf_derived_air_load_raw,deterministic,raw_proxy,g/rev_proxy,78707,0.000000,0.000000,6.987097,0.809491,0.291625,0.502597,0.734735,1.325984,1.827484,all_rows,
all_rows,operating_state,post_warmup__steady_driving,map_derived_air_load_raw,deterministic,raw_proxy,rpm*kPa/K,78707,0.000000,16.885007,1980.100928,786.337056,296.492902,325.148582,745.495287,1351.864257,1525.621165,all_rows,
all_rows,operating_state,post_warmup__steady_driving,maf_map_cohesion,baseline_final,cohesion,zscore_abs_diff,78707,0.000000,0.000007,23.723767,0.525132,0.451327,0.040603,0.452545,1.419129,1.988251,all_rows,
all_rows,operating_state,post_warmup__steady_driving,speed_density_maf_residual,baseline_final,residual,g/s,78707,0.000000,-27.000488,45.151277,-0.152127,3.995062,-3.330363,-1.213967,9.815166,14.768460,all_rows,
all_rows,operating_state,post_warmup__steady_driving,map_slope,deterministic,diff,kPa/s,78701,0.000076,-107.000000,106.000000,0.025489,7.155798,-7.000000,0.000000,8.000000,23.000000,all_rows,
all_rows,operating_state,post_warmup__steady_driving,map_stability,deterministic,rolling,kPa,76132,0.032716,0.000000,53.754650,17.364820,9.936458,2.984785,16.411546,35.515705,41.686399,all_rows,
all_rows,operating_state,post_warmup__steady_driving,accel_pedal_mean,deterministic,rowwise,percent,78707,0.000000,14.100000,77.450000,18.382207,8.525719,14.300000,14.300000,39.400000,48.200000,all_rows,
all_rows,operating_state,post_warmup__steady_driving,accel_pedal_channel_delta,deterministic,rowwise,percent,78707,0.000000,0.000000,58.400000,0.536533,1.465770,0.000000,0.400000,0.800000,4.700000,all_rows,
all_rows,operating_state,post_warmup__steady_driving,accel_pedal_channel_ratio,deterministic,rowwise,ratio,78707,0.000000,0.249558,4.655172,0.981929,0.073203,0.972414,0.972414,1.016736,1.099218,all_rows,
all_rows,operating_state,post_warmup__steady_driving,pedal_slope,deterministic,diff,percent/s,78701,0.000076,-52.950000,56.100000,-0.002853,3.146097,-1.800000,0.000000,2.300000,10.000000,all_rows,
all_rows,operating_state,post_warmup__steady_driving,engine_on_flag,deterministic,rowwise,flag,78707,0.000000,1.000000,1.000000,1.000000,0.000000,1.000000,1.000000,1.000000,1.000000,all_rows,
all_rows,operating_state,post_warmup__steady_driving,rpm_slope,deterministic,diff,rpm/s,78701,0.000076,-1061.000000,1142.000000,-0.505966,45.344061,-16.000000,0.000000,17.000000,60.000000,all_rows,
all_rows,operating_state,post_warmup__steady_driving,idle_flag,deterministic,rowwise,flag,78707,0.000000,0.000000,0.000000,0.000000,0.000000,0.000000,0.000000,0.000000,0.000000,all_rows,
all_rows,operating_state,post_warmup__steady_driving,idle_rpm_stability,deterministic,rolling,rpm,0,1.000000,,,,,,,,,all_rows,
all_rows,operating_state,post_warmup__steady_driving,segment_gap_seconds,deterministic,gap_proxy,s,0,1.000000,,,,,,,,,all_rows,
all_rows,operating_state,post_warmup__steady_driving,cold_soak_candidate_flag,deterministic,rowwise,flag,0,1.000000,,,,,,,,,all_rows,
all_rows,operating_state,post_warmup__steady_driving,intake_temp_stability,deterministic,rolling,degC,77604,0.014014,0.000000,33.658737,1.620430,2.288081,0.426522,1.236338,2.833217,15.580246,all_rows,
all_rows,operating_state,unknown,coolant_slope,deterministic,diff,degC/s,0,1.000000,,,,,,,,,all_rows,
all_rows,operating_state,unknown,coolant_ambient_delta,deterministic,rowwise,degC,0,1.000000,,,,,,,,,all_rows,
all_rows,operating_state,unknown,coolant_stability,deterministic,rolling,degC,0,1.000000,,,,,,,,,all_rows,
all_rows,operating_state,unknown,intake_ambient_delta,deterministic,rowwise,degC,1,0.909091,1.000000,1.000000,1.000000,0.000000,1.000000,1.000000,1.000000,1.000000,all_rows,
all_rows,operating_state,unknown,intake_temp_slope,deterministic,diff,degC/s,0,1.000000,,,,,,,,,all_rows,
all_rows,operating_state,unknown,maf_derived_air_load_raw,deterministic,raw_proxy,g/rev_proxy,1,0.909091,860000.000000,860000.000000,860000.000000,0.000000,860000.000000,860000.000000,860000.000000,860000.000000,all_rows,
all_rows,operating_state,unknown,map_derived_air_load_raw,deterministic,raw_proxy,rpm*kPa/K,0,1.000000,,,,,,,,,all_rows,
all_rows,operating_state,unknown,maf_map_cohesion,baseline_final,cohesion,zscore_abs_diff,0,1.000000,,,,,,,,,all_rows,
all_rows,operating_state,unknown,speed_density_maf_residual,baseline_final,residual,g/s,0,1.000000,,,,,,,,,all_rows,
all_rows,operating_state,unknown,map_slope,deterministic,diff,kPa/s,0,1.000000,,,,,,,,,all_rows,
all_rows,operating_state,unknown,map_stability,deterministic,rolling,kPa,0,1.000000,,,,,,,,,all_rows,
all_rows,operating_state,unknown,accel_pedal_mean,deterministic,rowwise,percent,0,1.000000,,,,,,,,,all_rows,
all_rows,operating_state,unknown,accel_pedal_channel_delta,deterministic,rowwise,percent,0,1.000000,,,,,,,,,all_rows,
all_rows,operating_state,unknown,accel_pedal_channel_ratio,deterministic,rowwise,ratio,0,1.000000,,,,,,,,,all_rows,
all_rows,operating_state,unknown,pedal_slope,deterministic,diff,percent/s,0,1.000000,,,,,,,,,all_rows,
all_rows,operating_state,unknown,engine_on_flag,deterministic,rowwise,flag,4,0.636364,1.000000,1.000000,1.000000,0.000000,1.000000,1.000000,1.000000,1.000000,all_rows,
all_rows,operating_state,unknown,rpm_slope,deterministic,diff,rpm/s,0,1.000000,,,,,,,,,all_rows,
all_rows,operating_state,unknown,idle_flag,deterministic,rowwise,flag,11,0.000000,0.000000,0.000000,0.000000,0.000000,0.000000,0.000000,0.000000,0.000000,all_rows,
all_rows,operating_state,unknown,idle_rpm_stability,deterministic,rolling,rpm,0,1.000000,,,,,,,,,all_rows,
all_rows,operating_state,unknown,segment_gap_seconds,deterministic,gap_proxy,s,11,0.000000,291.000000,211781.000000,66947.454545,64573.368937,17399.500000,40036.000000,190483.000000,207521.400000,all_rows,
all_rows,operating_state,unknown,cold_soak_candidate_flag,deterministic,rowwise,flag,0,1.000000,,,,,,,,,all_rows,
all_rows,operating_state,unknown,intake_temp_stability,deterministic,rolling,degC,0,1.000000,,,,,,,,,all_rows,
all_rows,operating_state,warmup__acceleration,coolant_slope,deterministic,diff,degC/s,10940,0.000457,-1.000000,2.000000,0.076051,0.272489,0.000000,0.000000,1.000000,1.000000,all_rows,
all_rows,operating_state,warmup__acceleration,coolant_ambient_delta,deterministic,rowwise,degC,10941,0.000365,2.000000,84.000000,40.750754,19.468470,9.000000,42.000000,70.000000,77.000000,all_rows,
all_rows,operating_state,warmup__acceleration,coolant_stability,deterministic,rolling,degC,0,1.000000,,,,,,,,,all_rows,
all_rows,operating_state,warmup__acceleration,intake_ambient_delta,deterministic,rowwise,degC,10941,0.000365,-39.000000,117.000000,6.199982,7.671241,-4.000000,6.000000,13.000000,26.000000,all_rows,
all_rows,operating_state,warmup__acceleration,intake_temp_slope,deterministic,diff,degC/s,10940,0.000457,-54.000000,43.000000,-0.222121,2.925942,-3.000000,0.000000,2.000000,4.000000,all_rows,
all_rows,operating_state,warmup__acceleration,maf_derived_air_load_raw,deterministic,raw_proxy,g/rev_proxy,10944,0.000091,0.000000,6.370213,0.920721,0.332186,0.534331,0.869729,1.530559,1.985046,all_rows,
all_rows,operating_state,warmup__acceleration,map_derived_air_load_raw,deterministic,raw_proxy,rpm*kPa/K,10944,0.000091,36.642503,1839.716518,633.671490,238.749403,318.430928,599.248849,1087.437639,1396.006356,all_rows,
all_rows,operating_state,warmup__acceleration,maf_map_cohesion,baseline_final,cohesion,zscore_abs_diff,10944,0.000091,0.000057,21.585124,1.073601,0.937152,0.065867,0.830846,2.540191,3.495501,all_rows,
all_rows,operating_state,warmup__acceleration,speed_density_maf_residual,baseline_final,residual,g/s,10944,0.000091,-26.118782,57.764335,4.125191,7.367217,-4.510540,2.060997,17.185429,25.685173,all_rows,
all_rows,operating_state,warmup__acceleration,map_slope,deterministic,diff,kPa/s,10940,0.000457,-124.000000,116.000000,-0.183638,21.134523,-37.000000,0.000000,31.000000,55.000000,all_rows,
all_rows,operating_state,warmup__acceleration,map_stability,deterministic,rolling,kPa,8578,0.216263,0.000000,47.708212,15.256146,8.595643,3.230635,14.196642,29.484372,36.979088,all_rows,
all_rows,operating_state,warmup__acceleration,accel_pedal_mean,deterministic,rowwise,percent,10944,0.000091,14.100000,68.000000,30.532036,12.175103,14.300000,31.600000,49.000000,56.700000,all_rows,
all_rows,operating_state,warmup__acceleration,accel_pedal_channel_delta,deterministic,rowwise,percent,10944,0.000091,0.000000,46.700000,1.495614,3.545334,0.000000,0.400000,6.600000,19.600000,all_rows,
all_rows,operating_state,warmup__acceleration,accel_pedal_channel_ratio,deterministic,rowwise,ratio,10944,0.000091,0.231908,4.170213,1.003119,0.174605,0.903533,0.987421,1.108608,1.834575,all_rows,
all_rows,operating_state,warmup__acceleration,pedal_slope,deterministic,diff,percent/s,10940,0.000457,-53.700000,51.750000,-0.079470,10.575327,-20.400000,0.000000,17.200000,30.600000,all_rows,
all_rows,operating_state,warmup__acceleration,engine_on_flag,deterministic,rowwise,flag,10945,0.000000,1.000000,1.000000,1.000000,0.000000,1.000000,1.000000,1.000000,1.000000,all_rows,
all_rows,operating_state,warmup__acceleration,rpm_slope,deterministic,diff,rpm/s,10940,0.000457,-1153.000000,1195.000000,15.298629,222.880498,-501.050000,25.000000,316.000000,584.220000,all_rows,
all_rows,operating_state,warmup__acceleration,idle_flag,deterministic,rowwise,flag,10945,0.000000,0.000000,0.000000,0.000000,0.000000,0.000000,0.000000,0.000000,0.000000,all_rows,
all_rows,operating_state,warmup__acceleration,idle_rpm_stability,deterministic,rolling,rpm,0,1.000000,,,,,,,,,all_rows,
all_rows,operating_state,warmup__acceleration,segment_gap_seconds,deterministic,gap_proxy,s,2,0.999817,36633.000000,49279.000000,42956.000000,8942.072355,37265.300000,42956.000000,48646.700000,49152.540000,all_rows,
all_rows,operating_state,warmup__acceleration,cold_soak_candidate_flag,deterministic,rowwise,flag,1,0.999909,0.000000,0.000000,0.000000,0.000000,0.000000,0.000000,0.000000,0.000000,all_rows,
all_rows,operating_state,warmup__acceleration,intake_temp_stability,deterministic,rolling,degC,9320,0.148470,0.000000,25.741738,2.564418,3.136305,0.812291,1.835579,8.441669,18.325054,all_rows,
all_rows,operating_state,warmup__deceleration,coolant_slope,deterministic,diff,degC/s,13304,0.000451,-1.000000,1.000000,0.087943,0.286391,0.000000,0.000000,1.000000,1.000000,all_rows,
all_rows,operating_state,warmup__deceleration,coolant_ambient_delta,deterministic,rowwise,degC,13306,0.000301,2.000000,82.000000,42.148655,18.592026,11.000000,42.000000,71.000000,78.000000,all_rows,
all_rows,operating_state,warmup__deceleration,coolant_stability,deterministic,rolling,degC,0,1.000000,,,,,,,,,all_rows,
all_rows,operating_state,warmup__deceleration,intake_ambient_delta,deterministic,rowwise,degC,13306,0.000301,-35.000000,85.000000,4.052382,5.551741,-3.000000,4.000000,11.000000,18.000000,all_rows,
all_rows,operating_state,warmup__deceleration,intake_temp_slope,deterministic,diff,degC/s,13304,0.000451,-47.000000,81.000000,-0.132817,1.473878,-2.000000,0.000000,2.000000,4.000000,all_rows,
all_rows,operating_state,warmup__deceleration,maf_derived_air_load_raw,deterministic,raw_proxy,g/rev_proxy,13310,0.000000,0.000000,3.554430,0.734727,0.259082,0.503622,0.615501,1.157207,1.468507,all_rows,
all_rows,operating_state,warmup__deceleration,map_derived_air_load_raw,deterministic,raw_proxy,rpm*kPa/K,13310,0.000000,7.024545,1822.488680,477.335200,169.302191,297.649769,425.682843,772.887575,1053.624117,all_rows,
all_rows,operating_state,warmup__deceleration,maf_map_cohesion,baseline_final,cohesion,zscore_abs_diff,13310,0.000000,0.000075,11.995062,0.935446,0.801804,0.060738,0.678335,2.327306,2.828623,all_rows,
all_rows,operating_state,warmup__deceleration,speed_density_maf_residual,baseline_final,residual,g/s,13310,0.000000,-22.315922,52.126361,2.648343,5.536374,-2.951879,0.383231,13.239809,18.458384,all_rows,
all_rows,operating_state,warmup__deceleration,map_slope,deterministic,diff,kPa/s,13304,0.000451,-107.000000,114.000000,-0.434230,9.263344,-9.000000,0.000000,9.000000,27.000000,all_rows,
all_rows,operating_state,warmup__deceleration,map_stability,deterministic,rolling,kPa,11298,0.151165,0.685607,42.793935,15.798631,8.816268,4.006131,14.592884,32.069588,38.324368,all_rows,
all_rows,operating_state,warmup__deceleration,accel_pedal_mean,deterministic,rowwise,percent,13309,0.000075,14.100000,64.900000,18.138091,7.967640,14.300000,14.300000,36.700000,49.000000,all_rows,
all_rows,operating_state,warmup__deceleration,accel_pedal_channel_delta,deterministic,rowwise,percent,13309,0.000075,0.000000,36.100000,0.753032,1.861814,0.000000,0.400000,2.400000,10.200000,all_rows,
all_rows,operating_state,warmup__deceleration,accel_pedal_channel_ratio,deterministic,rowwise,ratio,13309,0.000075,0.280877,3.110345,0.986002,0.097929,0.958448,0.972414,1.026144,1.435129,all_rows,
all_rows,operating_state,warmup__deceleration,pedal_slope,deterministic,diff,percent/s,13303,0.000526,-47.650000,46.100000,0.072160,5.819313,-9.940000,0.000000,9.600000,18.649000,all_rows,
all_rows,operating_state,warmup__deceleration,engine_on_flag,deterministic,rowwise,flag,13310,0.000000,1.000000,1.000000,1.000000,0.000000,1.000000,1.000000,1.000000,1.000000,all_rows,
all_rows,operating_state,warmup__deceleration,rpm_slope,deterministic,diff,rpm/s,13304,0.000451,-1207.000000,1609.000000,-29.240304,187.091529,-306.850000,-17.000000,235.850000,709.000000,all_rows,
all_rows,operating_state,warmup__deceleration,idle_flag,deterministic,rowwise,flag,13310,0.000000,0.000000,0.000000,0.000000,0.000000,0.000000,0.000000,0.000000,0.000000,all_rows,
all_rows,operating_state,warmup__deceleration,idle_rpm_stability,deterministic,rolling,rpm,0,1.000000,,,,,,,,,all_rows,
all_rows,operating_state,warmup__deceleration,segment_gap_seconds,deterministic,gap_proxy,s,1,0.999925,44482.000000,44482.000000,44482.000000,0.000000,44482.000000,44482.000000,44482.000000,44482.000000,all_rows,
all_rows,operating_state,warmup__deceleration,cold_soak_candidate_flag,deterministic,rowwise,flag,0,1.000000,,,,,,,,,all_rows,
all_rows,operating_state,warmup__deceleration,intake_temp_stability,deterministic,rolling,degC,12160,0.086401,0.000001,28.791896,2.454131,2.902394,0.804472,1.780861,6.640273,17.662119,all_rows,
all_rows,operating_state,warmup__high_load,coolant_slope,deterministic,diff,degC/s,3110,0.000643,-1.000000,9.000000,0.083601,0.316921,0.000000,0.000000,1.000000,1.000000,all_rows,
all_rows,operating_state,warmup__high_load,coolant_ambient_delta,deterministic,rowwise,degC,3112,0.000000,7.000000,86.000000,45.841260,16.224910,21.000000,45.000000,75.000000,80.000000,all_rows,
all_rows,operating_state,warmup__high_load,coolant_stability,deterministic,rolling,degC,0,1.000000,,,,,,,,,all_rows,
all_rows,operating_state,warmup__high_load,intake_ambient_delta,deterministic,rowwise,degC,3112,0.000000,-25.000000,112.000000,7.585797,10.308908,-8.000000,7.000000,16.000000,56.890000,all_rows,
all_rows,operating_state,warmup__high_load,intake_temp_slope,deterministic,diff,degC/s,3110,0.000643,-52.000000,52.000000,-0.478135,4.621680,-6.000000,0.000000,4.000000,5.000000,all_rows,
all_rows,operating_state,warmup__high_load,maf_derived_air_load_raw,deterministic,raw_proxy,g/rev_proxy,3112,0.000000,0.000000,3.636810,1.319587,0.523187,0.590415,1.219758,2.199779,2.368459,all_rows,
all_rows,operating_state,warmup__high_load,map_derived_air_load_raw,deterministic,raw_proxy,rpm*kPa/K,3112,0.000000,41.834391,2313.569269,938.953698,406.018573,399.127490,846.265904,1639.271249,1833.233229,all_rows,
all_rows,operating_state,warmup__high_load,maf_map_cohesion,baseline_final,cohesion,zscore_abs_diff,3112,0.000000,0.000782,12.206175,1.604550,1.194548,0.125880,1.472713,3.552646,5.617089,all_rows,
all_rows,operating_state,warmup__high_load,speed_density_maf_residual,baseline_final,residual,g/s,3112,0.000000,-31.171329,71.696367,10.176839,12.926126,-7.362093,9.092051,32.357514,51.115958,all_rows,
all_rows,operating_state,warmup__high_load,map_slope,deterministic,diff,kPa/s,3110,0.000643,-134.000000,135.000000,2.159486,42.825162,-90.000000,3.000000,69.000000,96.910000,all_rows,
all_rows,operating_state,warmup__high_load,map_stability,deterministic,rolling,kPa,2557,0.178342,0.000000,47.953709,21.870677,11.027878,4.840973,21.439680,40.310208,44.850188,all_rows,
all_rows,operating_state,warmup__high_load,accel_pedal_mean,deterministic,rowwise,percent,3112,0.000000,14.100000,73.300000,38.933307,16.147966,14.300000,41.950000,61.400000,66.300000,all_rows,
all_rows,operating_state,warmup__high_load,accel_pedal_channel_delta,deterministic,rowwise,percent,3112,0.000000,0.000000,47.100000,2.948683,5.975981,0.000000,0.800000,13.700000,35.212000,all_rows,
all_rows,operating_state,warmup__high_load,accel_pedal_channel_ratio,deterministic,rowwise,ratio,3112,0.000000,0.243103,4.248276,1.012120,0.279978,0.782020,0.985428,1.329347,2.220690,all_rows,
all_rows,operating_state,warmup__high_load,pedal_slope,deterministic,diff,percent/s,3110,0.000643,-54.900000,54.700000,-0.007669,17.273772,-34.100000,0.000000,29.450000,42.132000,all_rows,
all_rows,operating_state,warmup__high_load,engine_on_flag,deterministic,rowwise,flag,3112,0.000000,1.000000,1.000000,1.000000,0.000000,1.000000,1.000000,1.000000,1.000000,all_rows,
all_rows,operating_state,warmup__high_load,rpm_slope,deterministic,diff,rpm/s,3110,0.000643,-1659.000000,1459.000000,76.726045,398.039853,-686.200000,54.000000,726.000000,1061.820000,all_rows,
all_rows,operating_state,warmup__high_load,idle_flag,deterministic,rowwise,flag,3112,0.000000,0.000000,0.000000,0.000000,0.000000,0.000000,0.000000,0.000000,0.000000,all_rows,
all_rows,operating_state,warmup__high_load,idle_rpm_stability,deterministic,rolling,rpm,0,1.000000,,,,,,,,,all_rows,
all_rows,operating_state,warmup__high_load,segment_gap_seconds,deterministic,gap_proxy,s,0,1.000000,,,,,,,,,all_rows,
all_rows,operating_state,warmup__high_load,cold_soak_candidate_flag,deterministic,rowwise,flag,0,1.000000,,,,,,,,,all_rows,
all_rows,operating_state,warmup__high_load,intake_temp_stability,deterministic,rolling,degC,2781,0.106362,0.340737,25.381815,3.024818,3.836553,0.942409,1.914854,14.725845,18.304193,all_rows,
all_rows,operating_state,warmup__idle,coolant_slope,deterministic,diff,degC/s,9449,0.003060,-1.000000,3.000000,0.043602,0.226344,0.000000,0.000000,0.000000,1.000000,all_rows,
all_rows,operating_state,warmup__idle,coolant_ambient_delta,deterministic,rowwise,degC,9468,0.001055,1.000000,76.000000,37.882235,18.524093,8.000000,37.000000,69.000000,73.000000,all_rows,
all_rows,operating_state,warmup__idle,coolant_stability,deterministic,rolling,degC,0,1.000000,,,,,,,,,all_rows,
all_rows,operating_state,warmup__idle,intake_ambient_delta,deterministic,rowwise,degC,9468,0.001055,-31.000000,105.000000,6.285382,5.156850,0.000000,6.000000,12.000000,26.000000,all_rows,
all_rows,operating_state,warmup__idle,intake_temp_slope,deterministic,diff,degC/s,9439,0.004115,-70.000000,27.000000,0.054879,1.836896,-1.000000,0.000000,1.000000,3.000000,all_rows,
all_rows,operating_state,warmup__idle,maf_derived_air_load_raw,deterministic,raw_proxy,g/rev_proxy,9474,0.000422,0.000000,5.615217,0.764260,0.258438,0.522115,0.635055,1.086346,1.140250,all_rows,
all_rows,operating_state,warmup__idle,map_derived_air_load_raw,deterministic,raw_proxy,rpm*kPa/K,9474,0.000422,18.458109,1428.958599,343.300584,80.109191,257.871064,364.360435,412.852471,625.179732,all_rows,
all_rows,operating_state,warmup__idle,maf_map_cohesion,baseline_final,cohesion,zscore_abs_diff,9474,0.000422,0.004508,18.923191,1.346909,0.834771,0.334191,1.079827,2.361224,2.462817,all_rows,
all_rows,operating_state,warmup__idle,speed_density_maf_residual,baseline_final,residual,g/s,9474,0.000422,-20.417964,39.140034,3.189140,4.387500,-1.413978,0.986838,9.131191,10.769199,all_rows,
all_rows,operating_state,warmup__idle,map_slope,deterministic,diff,kPa/s,9449,0.003060,-100.000000,99.000000,0.033549,4.630143,-1.000000,0.000000,1.000000,9.000000,all_rows,
all_rows,operating_state,warmup__idle,map_stability,deterministic,rolling,kPa,7739,0.183478,0.000000,37.151313,8.568756,7.554317,0.300950,6.152924,23.017293,29.420972,all_rows,
all_rows,operating_state,warmup__idle,accel_pedal_mean,deterministic,rowwise,percent,9458,0.002110,14.100000,61.200000,14.945665,3.241129,14.300000,14.300000,17.600000,32.921500,all_rows,
all_rows,operating_state,warmup__idle,accel_pedal_channel_delta,deterministic,rowwise,percent,9458,0.002110,0.000000,35.700000,0.464242,1.215453,0.000000,0.400000,0.400000,2.700000,all_rows,
all_rows,operating_state,warmup__idle,accel_pedal_channel_ratio,deterministic,rowwise,ratio,9458,0.002110,0.283133,3.137931,0.979358,0.057839,0.972414,0.972414,1.009112,1.028369,all_rows,
all_rows,operating_state,warmup__idle,pedal_slope,deterministic,diff,percent/s,9423,0.005803,-41.200000,36.050000,0.228664,2.515345,-0.200000,0.000000,1.200000,10.189000,all_rows,
all_rows,operating_state,warmup__idle,engine_on_flag,deterministic,rowwise,flag,9478,0.000000,1.000000,1.000000,1.000000,0.000000,1.000000,1.000000,1.000000,1.000000,all_rows,
all_rows,operating_state,warmup__idle,rpm_slope,deterministic,diff,rpm/s,9447,0.003271,-1205.000000,1159.000000,10.526834,106.852693,-23.700000,0.000000,61.000000,537.400000,all_rows,
all_rows,operating_state,warmup__idle,idle_flag,deterministic,rowwise,flag,9478,0.000000,1.000000,1.000000,1.000000,0.000000,1.000000,1.000000,1.000000,1.000000,all_rows,
all_rows,operating_state,warmup__idle,idle_rpm_stability,deterministic,rolling,rpm,5838,0.384047,0.316228,549.540171,17.626070,60.387331,0.632456,1.247219,75.848066,354.820964,all_rows,
all_rows,operating_state,warmup__idle,segment_gap_seconds,deterministic,gap_proxy,s,27,0.997151,1204.000000,819013.000000,92950.148148,158111.227433,19466.300000,40885.000000,241635.800000,671714.940000,all_rows,
all_rows,operating_state,warmup__idle,cold_soak_candidate_flag,deterministic,rowwise,flag,17,0.998206,0.000000,1.000000,0.764706,0.437237,0.000000,1.000000,1.000000,1.000000,all_rows,
all_rows,operating_state,warmup__idle,intake_temp_stability,deterministic,rolling,degC,8161,0.138953,0.000000,27.186052,1.813573,2.002323,0.534409,1.498021,3.137661,13.334525,all_rows,
all_rows,operating_state,warmup__steady_driving,coolant_slope,deterministic,diff,degC/s,9656,0.001345,-1.000000,2.000000,0.089271,0.291259,0.000000,0.000000,1.000000,1.000000,all_rows,
all_rows,operating_state,warmup__steady_driving,coolant_ambient_delta,deterministic,rowwise,degC,9665,0.000414,1.000000,86.000000,47.066011,18.568219,11.000000,50.000000,72.000000,78.000000,all_rows,
all_rows,operating_state,warmup__steady_driving,coolant_stability,deterministic,rolling,degC,0,1.000000,,,,,,,,,all_rows,
all_rows,operating_state,warmup__steady_driving,intake_ambient_delta,deterministic,rowwise,degC,9665,0.000414,-39.000000,104.000000,4.625660,4.291645,0.000000,5.000000,10.000000,14.000000,all_rows,
all_rows,operating_state,warmup__steady_driving,intake_temp_slope,deterministic,diff,degC/s,9656,0.001345,-42.000000,13.000000,-0.032312,0.978692,-1.000000,0.000000,1.000000,2.000000,all_rows,
all_rows,operating_state,warmup__steady_driving,maf_derived_air_load_raw,deterministic,raw_proxy,g/rev_proxy,9669,0.000000,0.000000,2.375824,0.761560,0.237161,0.512645,0.664528,1.198304,1.399406,all_rows,
all_rows,operating_state,warmup__steady_driving,map_derived_air_load_raw,deterministic,raw_proxy,rpm*kPa/K,9669,0.000000,231.506313,1597.760052,604.742283,165.004139,336.477095,605.873261,872.248998,1140.467207,all_rows,
all_rows,operating_state,warmup__steady_driving,maf_map_cohesion,baseline_final,cohesion,zscore_abs_diff,9669,0.000000,0.000033,6.671283,0.660071,0.673988,0.030244,0.388244,2.119625,2.408043,all_rows,
all_rows,operating_state,warmup__steady_driving,speed_density_maf_residual,baseline_final,residual,g/s,9669,0.000000,-11.795837,33.913594,1.865629,5.681770,-3.331437,-0.488983,14.217829,17.307643,all_rows,
all_rows,operating_state,warmup__steady_driving,map_slope,deterministic,diff,kPa/s,9656,0.001345,-113.000000,80.000000,-0.016984,7.453910,-9.000000,0.000000,9.000000,23.000000,all_rows,
all_rows,operating_state,warmup__steady_driving,map_stability,deterministic,rolling,kPa,8328,0.138691,0.534409,46.791411,17.199360,9.593202,3.934987,15.936198,36.147531,42.123635,all_rows,
all_rows,operating_state,warmup__steady_driving,accel_pedal_mean,deterministic,rowwise,percent,9669,0.000000,14.100000,57.650000,22.415599,9.962534,14.300000,14.300000,40.600000,46.100000,all_rows,
all_rows,operating_state,warmup__steady_driving,accel_pedal_channel_delta,deterministic,rowwise,percent,9669,0.000000,0.000000,43.100000,0.597937,1.587433,0.000000,0.400000,1.500000,6.300000,all_rows,
all_rows,operating_state,warmup__steady_driving,accel_pedal_channel_ratio,deterministic,rowwise,ratio,9669,0.000000,0.287755,3.972414,0.986910,0.080882,0.972414,0.972414,1.020833,1.148311,all_rows,
all_rows,operating_state,warmup__steady_driving,pedal_slope,deterministic,diff,percent/s,9656,0.001345,-41.600000,38.800000,-0.125233,3.987655,-4.700000,0.000000,4.100000,13.537500,all_rows,
all_rows,operating_state,warmup__steady_driving,engine_on_flag,deterministic,rowwise,flag,9669,0.000000,1.000000,1.000000,1.000000,0.000000,1.000000,1.000000,1.000000,1.000000,all_rows,
all_rows,operating_state,warmup__steady_driving,rpm_slope,deterministic,diff,rpm/s,9656,0.001345,-1328.000000,1097.000000,-1.201429,64.140788,-29.250000,0.000000,26.000000,120.450000,all_rows,
all_rows,operating_state,warmup__steady_driving,idle_flag,deterministic,rowwise,flag,9669,0.000000,0.000000,0.000000,0.000000,0.000000,0.000000,0.000000,0.000000,0.000000,all_rows,
all_rows,operating_state,warmup__steady_driving,idle_rpm_stability,deterministic,rolling,rpm,0,1.000000,,,,,,,,,all_rows,
all_rows,operating_state,warmup__steady_driving,segment_gap_seconds,deterministic,gap_proxy,s,0,1.000000,,,,,,,,,all_rows,
all_rows,operating_state,warmup__steady_driving,cold_soak_candidate_flag,deterministic,rowwise,flag,0,1.000000,,,,,,,,,all_rows,
all_rows,operating_state,warmup__steady_driving,intake_temp_stability,deterministic,rolling,degC,8800,0.089875,0.000000,24.943411,2.359232,3.053989,0.634240,1.637398,8.127490,18.080179,all_rows,
base_high_confidence_engine_running,global,global,coolant_slope,deterministic,diff,degC/s,240839,0.000266,-1.000000,9.000000,0.019561,0.196849,0.000000,0.000000,0.000000,1.000000,condition_confidence == high; engine_on_flag == 1; thermal_state != unknown; child_state != unknown,
base_high_confidence_engine_running,global,global,coolant_ambient_delta,deterministic,rowwise,degC,240840,0.000262,1.000000,108.000000,71.322131,19.099466,29.000000,72.000000,95.000000,99.000000,condition_confidence == high; engine_on_flag == 1; thermal_state != unknown; child_state != unknown,
base_high_confidence_engine_running,global,global,coolant_stability,deterministic,rolling,degC,177727,0.262247,0.000000,4.879190,0.408925,0.442388,0.000000,0.423531,1.167353,2.341758,condition_confidence == high; engine_on_flag == 1; thermal_state != unknown; child_state != unknown,
base_high_confidence_engine_running,global,global,intake_ambient_delta,deterministic,rowwise,degC,240840,0.000262,-39.000000,131.000000,6.762813,6.122961,1.000000,6.000000,15.000000,24.000000,condition_confidence == high; engine_on_flag == 1; thermal_state != unknown; child_state != unknown,
base_high_confidence_engine_running,global,global,intake_temp_slope,deterministic,diff,degC/s,240828,0.000311,-96.000000,81.000000,-0.092826,2.094476,-2.000000,0.000000,2.000000,4.000000,condition_confidence == high; engine_on_flag == 1; thermal_state != unknown; child_state != unknown,
base_high_confidence_engine_running,global,global,maf_derived_air_load_raw,deterministic,raw_proxy,g/rev_proxy,240903,0.000000,0.000000,6.987097,0.858090,0.380107,0.502564,0.733964,1.753252,2.107825,condition_confidence == high; engine_on_flag == 1; thermal_state != unknown; child_state != unknown,
base_high_confidence_engine_running,global,global,map_derived_air_load_raw,deterministic,raw_proxy,rpm*kPa/K,240903,0.000000,5.827062,2795.128774,715.033246,366.780088,283.906540,640.206186,1423.033625,1895.099918,condition_confidence == high; engine_on_flag == 1; thermal_state != unknown; child_state != unknown,
base_high_confidence_engine_running,global,global,maf_map_cohesion,baseline_final,cohesion,zscore_abs_diff,240903,0.000000,0.000001,23.723767,0.767585,0.691765,0.055752,0.613085,2.163526,2.796901,condition_confidence == high; engine_on_flag == 1; thermal_state != unknown; child_state != unknown,
base_high_confidence_engine_running,global,global,speed_density_maf_residual,baseline_final,residual,g/s,240903,0.000000,-33.123232,79.178345,2.390050,8.002986,-3.725829,-0.531591,15.655949,36.799502,condition_confidence == high; engine_on_flag == 1; thermal_state != unknown; child_state != unknown,
base_high_confidence_engine_running,global,global,map_slope,deterministic,diff,kPa/s,240839,0.000266,-138.000000,135.000000,-0.079522,13.865050,-14.000000,0.000000,16.000000,46.000000,condition_confidence == high; engine_on_flag == 1; thermal_state != unknown; child_state != unknown,
base_high_confidence_engine_running,global,global,map_stability,deterministic,rolling,kPa,220199,0.085943,0.000000,56.299853,17.854627,11.034937,2.591964,16.343168,38.211516,44.147474,condition_confidence == high; engine_on_flag == 1; thermal_state != unknown; child_state != unknown,
base_high_confidence_engine_running,global,global,accel_pedal_mean,deterministic,rowwise,percent,240883,0.000083,14.100000,84.700000,22.107218,12.825987,14.300000,14.300000,49.000000,66.100000,condition_confidence == high; engine_on_flag == 1; thermal_state != unknown; child_state != unknown,
base_high_confidence_engine_running,global,global,accel_pedal_channel_delta,deterministic,rowwise,percent,240883,0.000083,0.000000,63.500000,0.810032,2.314311,0.000000,0.400000,2.400000,10.600000,condition_confidence == high; engine_on_flag == 1; thermal_state != unknown; child_state != unknown,
base_high_confidence_engine_running,global,global,accel_pedal_channel_ratio,deterministic,rowwise,ratio,240883,0.000083,0.181701,4.655172,0.986922,0.108170,0.964206,0.972414,1.026144,1.320652,condition_confidence == high; engine_on_flag == 1; thermal_state != unknown; child_state != unknown,
base_high_confidence_engine_running,global,global,pedal_slope,deterministic,diff,percent/s,240809,0.000390,-63.700000,62.000000,-0.000112,6.249381,-7.800000,0.000000,8.000000,20.446000,condition_confidence == high; engine_on_flag == 1; thermal_state != unknown; child_state != unknown,
base_high_confidence_engine_running,global,global,engine_on_flag,deterministic,rowwise,flag,240903,0.000000,1.000000,1.000000,1.000000,0.000000,1.000000,1.000000,1.000000,1.000000,condition_confidence == high; engine_on_flag == 1; thermal_state != unknown; child_state != unknown,
base_high_confidence_engine_running,global,global,rpm_slope,deterministic,diff,rpm/s,240837,0.000274,-2703.000000,3280.000000,0.512849,143.524676,-120.000000,0.000000,139.000000,538.000000,condition_confidence == high; engine_on_flag == 1; thermal_state != unknown; child_state != unknown,
base_high_confidence_engine_running,global,global,idle_flag,deterministic,rowwise,flag,240903,0.000000,0.000000,1.000000,0.075395,0.264029,0.000000,0.000000,1.000000,1.000000,condition_confidence == high; engine_on_flag == 1; thermal_state != unknown; child_state != unknown,
base_high_confidence_engine_running,global,global,idle_rpm_stability,deterministic,rolling,rpm,10467,0.956551,0.316228,563.387463,25.725252,61.317046,0.674949,1.490712,97.908395,347.213371,condition_confidence == high; engine_on_flag == 1; thermal_state != unknown; child_state != unknown,
base_high_confidence_engine_running,global,global,segment_gap_seconds,deterministic,gap_proxy,s,29,0.999880,7.000000,819013.000000,90844.862069,155482.719212,5618.000000,40063.000000,239135.200000,660384.320000,condition_confidence == high; engine_on_flag == 1; thermal_state != unknown; child_state != unknown,
base_high_confidence_engine_running,global,global,cold_soak_candidate_flag,deterministic,rowwise,flag,18,0.999925,0.000000,1.000000,0.722222,0.460889,0.000000,1.000000,1.000000,1.000000,condition_confidence == high; engine_on_flag == 1; thermal_state != unknown; child_state != unknown,
base_high_confidence_engine_running,global,global,intake_temp_stability,deterministic,rolling,degC,230047,0.045064,0.000000,36.628752,2.238997,3.109390,0.567231,1.534813,5.875481,18.632607,condition_confidence == high; engine_on_flag == 1; thermal_state != unknown; child_state != unknown,
base_high_confidence_engine_running,thermal_state,post_warmup,coolant_slope,deterministic,diff,degC/s,194380,0.000072,-1.000000,2.000000,0.006045,0.169975,0.000000,0.000000,0.000000,1.000000,condition_confidence == high; engine_on_flag == 1; thermal_state != unknown; child_state != unknown,
base_high_confidence_engine_running,thermal_state,post_warmup,coolant_ambient_delta,deterministic,rowwise,degC,194348,0.000237,43.000000,108.000000,78.283893,10.747002,63.000000,76.000000,96.000000,100.000000,condition_confidence == high; engine_on_flag == 1; thermal_state != unknown; child_state != unknown,
base_high_confidence_engine_running,thermal_state,post_warmup,coolant_stability,deterministic,rolling,degC,177727,0.085738,0.000000,4.879190,0.408925,0.442388,0.000000,0.423531,1.167353,2.341758,condition_confidence == high; engine_on_flag == 1; thermal_state != unknown; child_state != unknown,
base_high_confidence_engine_running,thermal_state,post_warmup,intake_ambient_delta,deterministic,rowwise,degC,194348,0.000237,-34.000000,131.000000,7.096430,6.020210,1.000000,6.000000,16.000000,24.000000,condition_confidence == high; engine_on_flag == 1; thermal_state != unknown; child_state != unknown,
base_high_confidence_engine_running,thermal_state,post_warmup,intake_temp_slope,deterministic,diff,degC/s,194379,0.000077,-96.000000,80.000000,-0.086825,2.060800,-2.000000,0.000000,2.000000,4.000000,condition_confidence == high; engine_on_flag == 1; thermal_state != unknown; child_state != unknown,
base_high_confidence_engine_running,thermal_state,post_warmup,maf_derived_air_load_raw,deterministic,raw_proxy,g/rev_proxy,194394,0.000000,0.000000,6.987097,0.864997,0.390123,0.499768,0.744634,1.812268,2.111139,condition_confidence == high; engine_on_flag == 1; thermal_state != unknown; child_state != unknown,
base_high_confidence_engine_running,thermal_state,post_warmup,map_derived_air_load_raw,deterministic,raw_proxy,rpm*kPa/K,194394,0.000000,5.827062,2795.128774,755.906638,378.395600,291.557762,683.942370,1458.795276,1972.143314,condition_confidence == high; engine_on_flag == 1; thermal_state != unknown; child_state != unknown,
base_high_confidence_engine_running,thermal_state,post_warmup,maf_map_cohesion,baseline_final,cohesion,zscore_abs_diff,194394,0.000000,0.000001,23.723767,0.702579,0.616940,0.053854,0.591181,1.829993,2.652626,condition_confidence == high; engine_on_flag == 1; thermal_state != unknown; child_state != unknown,
base_high_confidence_engine_running,thermal_state,post_warmup,speed_density_maf_residual,baseline_final,residual,g/s,194394,0.000000,-33.123232,79.178345,2.137163,8.230819,-3.811245,-0.746117,15.761232,39.390694,condition_confidence == high; engine_on_flag == 1; thermal_state != unknown; child_state != unknown,
base_high_confidence_engine_running,thermal_state,post_warmup,map_slope,deterministic,diff,kPa/s,194380,0.000072,-138.000000,135.000000,-0.093811,13.189067,-13.000000,0.000000,15.000000,43.000000,condition_confidence == high; engine_on_flag == 1; thermal_state != unknown; child_state != unknown,
base_high_confidence_engine_running,thermal_state,post_warmup,map_stability,deterministic,rolling,kPa,181699,0.065306,0.000000,56.299853,18.474167,11.225321,2.818973,16.993020,38.863790,44.617830,condition_confidence == high; engine_on_flag == 1; thermal_state != unknown; child_state != unknown,
base_high_confidence_engine_running,thermal_state,post_warmup,accel_pedal_mean,deterministic,rowwise,percent,194391,0.000015,14.100000,84.700000,21.968392,13.015874,14.300000,14.300000,49.400000,69.800000,condition_confidence == high; engine_on_flag == 1; thermal_state != unknown; child_state != unknown,
base_high_confidence_engine_running,thermal_state,post_warmup,accel_pedal_channel_delta,deterministic,rowwise,percent,194391,0.000015,0.000000,63.500000,0.768474,2.194018,0.000000,0.400000,2.000000,9.800000,condition_confidence == high; engine_on_flag == 1; thermal_state != unknown; child_state != unknown,
base_high_confidence_engine_running,thermal_state,post_warmup,accel_pedal_channel_ratio,deterministic,rowwise,ratio,194391,0.000015,0.181701,4.655172,0.986038,0.101761,0.968127,0.972414,1.024845,1.269608,condition_confidence == high; engine_on_flag == 1; thermal_state != unknown; child_state != unknown,
base_high_confidence_engine_running,thermal_state,post_warmup,pedal_slope,deterministic,diff,percent/s,194377,0.000087,-63.700000,62.000000,-0.005346,5.822325,-6.700000,0.000000,7.100000,18.650000,condition_confidence == high; engine_on_flag == 1; thermal_state != unknown; child_state != unknown,
base_high_confidence_engine_running,thermal_state,post_warmup,engine_on_flag,deterministic,rowwise,flag,194394,0.000000,1.000000,1.000000,1.000000,0.000000,1.000000,1.000000,1.000000,1.000000,condition_confidence == high; engine_on_flag == 1; thermal_state != unknown; child_state != unknown,
base_high_confidence_engine_running,thermal_state,post_warmup,rpm_slope,deterministic,diff,rpm/s,194380,0.000072,-2703.000000,3280.000000,0.096178,129.873594,-99.000000,0.000000,111.000000,472.000000,condition_confidence == high; engine_on_flag == 1; thermal_state != unknown; child_state != unknown,
base_high_confidence_engine_running,thermal_state,post_warmup,idle_flag,deterministic,rowwise,flag,194394,0.000000,0.000000,1.000000,0.044698,0.206640,0.000000,0.000000,0.000000,1.000000,condition_confidence == high; engine_on_flag == 1; thermal_state != unknown; child_state != unknown,
base_high_confidence_engine_running,thermal_state,post_warmup,idle_rpm_stability,deterministic,rolling,rpm,4629,0.976188,0.421637,563.387463,35.939773,60.960609,0.788811,2.118700,118.249105,335.075355,condition_confidence == high; engine_on_flag == 1; thermal_state != unknown; child_state != unknown,
base_high_confidence_engine_running,thermal_state,post_warmup,segment_gap_seconds,deterministic,gap_proxy,s,4,0.999979,7.000000,219115.000000,63810.500000,104925.681370,7.450000,18060.000000,191664.250000,213624.850000,condition_confidence == high; engine_on_flag == 1; thermal_state != unknown; child_state != unknown,
base_high_confidence_engine_running,thermal_state,post_warmup,cold_soak_candidate_flag,deterministic,rowwise,flag,0,1.000000,,,,,,,,,condition_confidence == high; engine_on_flag == 1; thermal_state != unknown; child_state != unknown,
base_high_confidence_engine_running,thermal_state,post_warmup,intake_temp_stability,deterministic,rolling,degC,188825,0.028648,0.000000,36.628752,2.210291,3.146407,0.543061,1.499058,5.694159,18.924508,condition_confidence == high; engine_on_flag == 1; thermal_state != unknown; child_state != unknown,
base_high_confidence_engine_running,thermal_state,warmup,coolant_slope,deterministic,diff,degC/s,46459,0.001075,-1.000000,9.000000,0.076110,0.275742,0.000000,0.000000,1.000000,1.000000,condition_confidence == high; engine_on_flag == 1; thermal_state != unknown; child_state != unknown,
base_high_confidence_engine_running,thermal_state,warmup,coolant_ambient_delta,deterministic,rowwise,degC,46492,0.000366,1.000000,86.000000,42.220253,18.904293,10.000000,42.000000,71.000000,78.000000,condition_confidence == high; engine_on_flag == 1; thermal_state != unknown; child_state != unknown,
base_high_confidence_engine_running,thermal_state,warmup,coolant_stability,deterministic,rolling,degC,0,1.000000,,,,,,,,,condition_confidence == high; engine_on_flag == 1; thermal_state != unknown; child_state != unknown,
base_high_confidence_engine_running,thermal_state,warmup,intake_ambient_delta,deterministic,rowwise,degC,46492,0.000366,-39.000000,117.000000,5.368214,6.348001,-2.000000,5.000000,12.000000,24.000000,condition_confidence == high; engine_on_flag == 1; thermal_state != unknown; child_state != unknown,
base_high_confidence_engine_running,thermal_state,warmup,intake_temp_slope,deterministic,diff,degC/s,46449,0.001290,-70.000000,81.000000,-0.117936,2.229743,-2.000000,0.000000,2.000000,4.000000,condition_confidence == high; engine_on_flag == 1; thermal_state != unknown; child_state != unknown,
base_high_confidence_engine_running,thermal_state,warmup,maf_derived_air_load_raw,deterministic,raw_proxy,g/rev_proxy,46509,0.000000,0.000000,6.370213,0.829221,0.333475,0.517003,0.689135,1.395292,2.063274,condition_confidence == high; engine_on_flag == 1; thermal_state != unknown; child_state != unknown,
base_high_confidence_engine_running,thermal_state,warmup,map_derived_air_load_raw,deterministic,raw_proxy,rpm*kPa/K,46509,0.000000,7.024545,2313.569269,544.194437,249.364462,270.992698,490.140996,1021.854424,1485.307494,condition_confidence == high; engine_on_flag == 1; thermal_state != unknown; child_state != unknown,
base_high_confidence_engine_running,thermal_state,warmup,maf_map_cohesion,baseline_final,cohesion,zscore_abs_diff,46509,0.000000,0.000033,21.585124,1.039293,0.892388,0.064118,0.804933,2.391551,3.245848,condition_confidence == high; engine_on_flag == 1; thermal_state != unknown; child_state != unknown,
base_high_confidence_engine_running,thermal_state,warmup,speed_density_maf_residual,baseline_final,residual,g/s,46509,0.000000,-31.171329,71.696367,3.447044,6.870610,-3.292686,0.817742,15.435038,26.082665,condition_confidence == high; engine_on_flag == 1; thermal_state != unknown; child_state != unknown,
base_high_confidence_engine_running,thermal_state,warmup,map_slope,deterministic,diff,kPa/s,46459,0.001075,-134.000000,135.000000,-0.019738,16.393788,-18.000000,0.000000,20.000000,53.000000,condition_confidence == high; engine_on_flag == 1; thermal_state != unknown; child_state != unknown,
base_high_confidence_engine_running,thermal_state,warmup,map_stability,deterministic,rolling,kPa,38500,0.172203,0.000000,47.953709,14.930736,9.560895,1.929477,13.537325,32.470843,40.892904,condition_confidence == high; engine_on_flag == 1; thermal_state != unknown; child_state != unknown,
base_high_confidence_engine_running,thermal_state,warmup,accel_pedal_mean,deterministic,rowwise,percent,46492,0.000366,14.100000,73.300000,22.687676,11.982259,14.300000,14.300000,47.250000,57.650000,condition_confidence == high; engine_on_flag == 1; thermal_state != unknown; child_state != unknown,
base_high_confidence_engine_running,thermal_state,warmup,accel_pedal_channel_delta,deterministic,rowwise,percent,46492,0.000366,0.000000,47.100000,0.983796,2.754325,0.000000,0.400000,3.600000,13.800000,condition_confidence == high; engine_on_flag == 1; thermal_state != unknown; child_state != unknown,
base_high_confidence_engine_running,thermal_state,warmup,accel_pedal_channel_ratio,deterministic,rowwise,ratio,46492,0.000366,0.231908,4.248276,0.990617,0.131567,0.944598,0.972414,1.029963,1.504713,condition_confidence == high; engine_on_flag == 1; thermal_state != unknown; child_state != unknown,
base_high_confidence_engine_running,thermal_state,warmup,pedal_slope,deterministic,diff,percent/s,46432,0.001656,-54.900000,54.700000,0.021799,7.786967,-12.150000,0.000000,11.400000,25.900000,condition_confidence == high; engine_on_flag == 1; thermal_state != unknown; child_state != unknown,
base_high_confidence_engine_running,thermal_state,warmup,engine_on_flag,deterministic,rowwise,flag,46509,0.000000,1.000000,1.000000,1.000000,0.000000,1.000000,1.000000,1.000000,1.000000,condition_confidence == high; engine_on_flag == 1; thermal_state != unknown; child_state != unknown,
base_high_confidence_engine_running,thermal_state,warmup,rpm_slope,deterministic,diff,rpm/s,46457,0.001118,-1659.000000,1609.000000,2.256237,190.294587,-270.000000,0.000000,280.000000,688.440000,condition_confidence == high; engine_on_flag == 1; thermal_state != unknown; child_state != unknown,
base_high_confidence_engine_running,thermal_state,warmup,idle_flag,deterministic,rowwise,flag,46509,0.000000,0.000000,1.000000,0.203703,0.402755,0.000000,0.000000,1.000000,1.000000,condition_confidence == high; engine_on_flag == 1; thermal_state != unknown; child_state != unknown,
base_high_confidence_engine_running,thermal_state,warmup,idle_rpm_stability,deterministic,rolling,rpm,5838,0.874476,0.316228,549.540171,17.626070,60.387331,0.632456,1.247219,75.848066,354.820964,condition_confidence == high; engine_on_flag == 1; thermal_state != unknown; child_state != unknown,
base_high_confidence_engine_running,thermal_state,warmup,segment_gap_seconds,deterministic,gap_proxy,s,25,0.999462,14030.000000,819013.000000,95170.360000,163360.179281,32394.000000,40885.000000,245251.200000,683045.560000,condition_confidence == high; engine_on_flag == 1; thermal_state != unknown; child_state != unknown,
base_high_confidence_engine_running,thermal_state,warmup,cold_soak_candidate_flag,deterministic,rowwise,flag,18,0.999613,0.000000,1.000000,0.722222,0.460889,0.000000,1.000000,1.000000,1.000000,condition_confidence == high; engine_on_flag == 1; thermal_state != unknown; child_state != unknown,
base_high_confidence_engine_running,thermal_state,warmup,intake_temp_stability,deterministic,rolling,degC,41222,0.113677,0.000000,28.791896,2.370492,2.930306,0.691147,1.722155,6.373829,17.560412,condition_confidence == high; engine_on_flag == 1; thermal_state != unknown; child_state != unknown,
base_high_confidence_engine_running,child_state,acceleration,coolant_slope,deterministic,diff,degC/s,42789,0.000140,-1.000000,2.000000,0.026339,0.197607,0.000000,0.000000,0.000000,1.000000,condition_confidence == high; engine_on_flag == 1; thermal_state != unknown; child_state != unknown,
base_high_confidence_engine_running,child_state,acceleration,coolant_ambient_delta,deterministic,rowwise,degC,42789,0.000140,2.000000,102.000000,68.279955,20.902134,21.000000,71.000000,94.000000,97.000000,condition_confidence == high; engine_on_flag == 1; thermal_state != unknown; child_state != unknown,
base_high_confidence_engine_running,child_state,acceleration,coolant_stability,deterministic,rolling,degC,27453,0.358500,0.000000,4.077325,0.401785,0.384932,0.000000,0.426522,1.136776,1.932975,condition_confidence == high; engine_on_flag == 1; thermal_state != unknown; child_state != unknown,
base_high_confidence_engine_running,child_state,acceleration,intake_ambient_delta,deterministic,rowwise,degC,42789,0.000140,-39.000000,131.000000,8.404099,8.425861,0.000000,8.000000,19.000000,30.000000,condition_confidence == high; engine_on_flag == 1; thermal_state != unknown; child_state != unknown,
base_high_confidence_engine_running,child_state,acceleration,intake_temp_slope,deterministic,diff,degC/s,42788,0.000164,-96.000000,43.000000,-0.165151,2.945803,-3.000000,0.000000,2.000000,4.000000,condition_confidence == high; engine_on_flag == 1; thermal_state != unknown; child_state != unknown,
base_high_confidence_engine_running,child_state,acceleration,maf_derived_air_load_raw,deterministic,raw_proxy,g/rev_proxy,42795,0.000000,0.000000,6.370213,0.819375,0.317669,0.495294,0.728879,1.423752,1.851406,condition_confidence == high; engine_on_flag == 1; thermal_state != unknown; child_state != unknown,
base_high_confidence_engine_running,child_state,acceleration,map_derived_air_load_raw,deterministic,raw_proxy,rpm*kPa/K,42795,0.000000,6.216171,1839.716518,646.752717,235.591589,317.510732,625.961999,1076.711860,1334.237553,condition_confidence == high; engine_on_flag == 1; thermal_state != unknown; child_state != unknown,
base_high_confidence_engine_running,child_state,acceleration,maf_map_cohesion,baseline_final,cohesion,zscore_abs_diff,42795,0.000000,0.000033,21.585124,0.766597,0.777850,0.048376,0.548550,2.271008,2.927183,condition_confidence == high; engine_on_flag == 1; thermal_state != unknown; child_state != unknown,
base_high_confidence_engine_running,child_state,acceleration,speed_density_maf_residual,baseline_final,residual,g/s,42795,0.000000,-33.123232,71.253994,1.066687,5.910385,-5.144762,-0.710533,13.047236,20.567579,condition_confidence == high; engine_on_flag == 1; thermal_state != unknown; child_state != unknown,
base_high_confidence_engine_running,child_state,acceleration,map_slope,deterministic,diff,kPa/s,42789,0.000140,-126.000000,124.000000,0.280002,17.768442,-27.000000,0.000000,25.000000,48.000000,condition_confidence == high; engine_on_flag == 1; thermal_state != unknown; child_state != unknown,
base_high_confidence_engine_running,child_state,acceleration,map_stability,deterministic,rolling,kPa,36665,0.143241,0.000000,47.708212,14.589824,8.837922,3.153072,13.001467,31.407918,38.258129,condition_confidence == high; engine_on_flag == 1; thermal_state != unknown; child_state != unknown,
base_high_confidence_engine_running,child_state,acceleration,accel_pedal_mean,deterministic,rowwise,percent,42794,0.000023,14.100000,78.000000,28.992619,11.928459,14.300000,29.000000,48.200000,54.500000,condition_confidence == high; engine_on_flag == 1; thermal_state != unknown; child_state != unknown,
base_high_confidence_engine_running,child_state,acceleration,accel_pedal_channel_delta,deterministic,rowwise,percent,42794,0.000023,0.000000,47.900000,1.254332,3.104625,0.000000,0.400000,5.100000,16.800000,condition_confidence == high; engine_on_flag == 1; thermal_state != unknown; child_state != unknown,
base_high_confidence_engine_running,child_state,acceleration,accel_pedal_channel_ratio,deterministic,rowwise,ratio,42794,0.000023,0.227419,4.170213,0.997866,0.145656,0.921569,0.986577,1.072928,1.570000,condition_confidence == high; engine_on_flag == 1; thermal_state != unknown; child_state != unknown,
base_high_confidence_engine_running,child_state,acceleration,pedal_slope,deterministic,diff,percent/s,42787,0.000187,-63.000000,51.750000,-0.136161,8.839780,-16.500000,0.000000,12.900000,26.650000,condition_confidence == high; engine_on_flag == 1; thermal_state != unknown; child_state != unknown,
base_high_confidence_engine_running,child_state,acceleration,engine_on_flag,deterministic,rowwise,flag,42795,0.000000,1.000000,1.000000,1.000000,0.000000,1.000000,1.000000,1.000000,1.000000,condition_confidence == high; engine_on_flag == 1; thermal_state != unknown; child_state != unknown,
base_high_confidence_engine_running,child_state,acceleration,rpm_slope,deterministic,diff,rpm/s,42789,0.000140,-1385.000000,1201.000000,21.310477,188.003255,-356.600000,24.000000,248.000000,504.120000,condition_confidence == high; engine_on_flag == 1; thermal_state != unknown; child_state != unknown,
base_high_confidence_engine_running,child_state,acceleration,idle_flag,deterministic,rowwise,flag,42795,0.000000,0.000000,0.000000,0.000000,0.000000,0.000000,0.000000,0.000000,0.000000,condition_confidence == high; engine_on_flag == 1; thermal_state != unknown; child_state != unknown,
base_high_confidence_engine_running,child_state,acceleration,idle_rpm_stability,deterministic,rolling,rpm,0,1.000000,,,,,,,,,condition_confidence == high; engine_on_flag == 1; thermal_state != unknown; child_state != unknown,
base_high_confidence_engine_running,child_state,acceleration,segment_gap_seconds,deterministic,gap_proxy,s,3,0.999930,36110.000000,219115.000000,97286.000000,105507.332982,36162.300000,36633.000000,200866.800000,215465.360000,condition_confidence == high; engine_on_flag == 1; thermal_state != unknown; child_state != unknown,
base_high_confidence_engine_running,child_state,acceleration,cold_soak_candidate_flag,deterministic,rowwise,flag,1,0.999977,0.000000,0.000000,0.000000,0.000000,0.000000,0.000000,0.000000,0.000000,condition_confidence == high; engine_on_flag == 1; thermal_state != unknown; child_state != unknown,
base_high_confidence_engine_running,child_state,acceleration,intake_temp_stability,deterministic,rolling,degC,39531,0.076271,0.000000,29.190451,3.001993,3.894653,0.980603,1.910054,13.925966,20.851939,condition_confidence == high; engine_on_flag == 1; thermal_state != unknown; child_state != unknown,
base_high_confidence_engine_running,child_state,deceleration,coolant_slope,deterministic,diff,degC/s,65285,0.000092,-1.000000,1.000000,0.017814,0.203452,0.000000,0.000000,0.000000,1.000000,condition_confidence == high; engine_on_flag == 1; thermal_state != unknown; child_state != unknown,
base_high_confidence_engine_running,child_state,deceleration,coolant_ambient_delta,deterministic,rowwise,degC,65286,0.000077,2.000000,104.000000,70.895414,19.270697,27.000000,72.000000,95.000000,98.000000,condition_confidence == high; engine_on_flag == 1; thermal_state != unknown; child_state != unknown,
base_high_confidence_engine_running,child_state,deceleration,coolant_stability,deterministic,rolling,degC,47332,0.275061,0.000000,4.646364,0.399486,0.388193,0.000000,0.426522,1.033206,2.016953,condition_confidence == high; engine_on_flag == 1; thermal_state != unknown; child_state != unknown,
base_high_confidence_engine_running,child_state,deceleration,intake_ambient_delta,deterministic,rowwise,degC,65286,0.000077,-35.000000,89.000000,5.880924,5.365710,-1.000000,6.000000,14.000000,22.000000,condition_confidence == high; engine_on_flag == 1; thermal_state != unknown; child_state != unknown,
base_high_confidence_engine_running,child_state,deceleration,intake_temp_slope,deterministic,diff,degC/s,65285,0.000092,-47.000000,81.000000,-0.100398,1.734862,-3.000000,0.000000,2.000000,4.000000,condition_confidence == high; engine_on_flag == 1; thermal_state != unknown; child_state != unknown,
base_high_confidence_engine_running,child_state,deceleration,maf_derived_air_load_raw,deterministic,raw_proxy,g/rev_proxy,65291,0.000000,0.000000,3.554430,0.776270,0.280654,0.489609,0.646809,1.207564,1.592269,condition_confidence == high; engine_on_flag == 1; thermal_state != unknown; child_state != unknown,
base_high_confidence_engine_running,child_state,deceleration,map_derived_air_load_raw,deterministic,raw_proxy,rpm*kPa/K,65291,0.000000,7.024545,2406.049448,573.492130,249.554706,297.981011,535.038760,1053.583465,1378.926929,condition_confidence == high; engine_on_flag == 1; thermal_state != unknown; child_state != unknown,
base_high_confidence_engine_running,child_state,deceleration,maf_map_cohesion,baseline_final,cohesion,zscore_abs_diff,65291,0.000000,0.000001,11.995062,0.856795,0.660902,0.072907,0.698400,2.109562,2.763675,condition_confidence == high; engine_on_flag == 1; thermal_state != unknown; child_state != unknown,
base_high_confidence_engine_running,child_state,deceleration,speed_density_maf_residual,baseline_final,residual,g/s,65291,0.000000,-27.838480,67.410013,3.116074,6.314068,-3.604575,0.262402,14.275575,20.111166,condition_confidence == high; engine_on_flag == 1; thermal_state != unknown; child_state != unknown,
base_high_confidence_engine_running,child_state,deceleration,map_slope,deterministic,diff,kPa/s,65285,0.000092,-127.000000,114.000000,-0.509887,11.087132,-12.000000,0.000000,12.000000,35.000000,condition_confidence == high; engine_on_flag == 1; thermal_state != unknown; child_state != unknown,
base_high_confidence_engine_running,child_state,deceleration,map_stability,deterministic,rolling,kPa,59533,0.088190,0.181020,55.443999,18.544684,11.052287,3.995831,16.706126,39.065788,45.031540,condition_confidence == high; engine_on_flag == 1; thermal_state != unknown; child_state != unknown,
base_high_confidence_engine_running,child_state,deceleration,accel_pedal_mean,deterministic,rowwise,percent,65290,0.000015,14.100000,77.450000,18.325899,8.378021,14.300000,14.300000,38.800000,49.400000,condition_confidence == high; engine_on_flag == 1; thermal_state != unknown; child_state != unknown,
base_high_confidence_engine_running,child_state,deceleration,accel_pedal_channel_delta,deterministic,rowwise,percent,65290,0.000015,0.000000,47.900000,0.748879,1.914313,0.000000,0.400000,2.300000,9.800000,condition_confidence == high; engine_on_flag == 1; thermal_state != unknown; child_state != unknown,
base_high_confidence_engine_running,child_state,deceleration,accel_pedal_channel_ratio,deterministic,rowwise,ratio,65290,0.000015,0.241438,4.397163,0.985155,0.102014,0.961340,0.972414,1.024845,1.366103,condition_confidence == high; engine_on_flag == 1; thermal_state != unknown; child_state != unknown,
base_high_confidence_engine_running,child_state,deceleration,pedal_slope,deterministic,diff,percent/s,65284,0.000107,-63.500000,58.100000,0.271824,5.703678,-7.650000,0.000000,9.400000,19.275500,condition_confidence == high; engine_on_flag == 1; thermal_state != unknown; child_state != unknown,
base_high_confidence_engine_running,child_state,deceleration,engine_on_flag,deterministic,rowwise,flag,65291,0.000000,1.000000,1.000000,1.000000,0.000000,1.000000,1.000000,1.000000,1.000000,condition_confidence == high; engine_on_flag == 1; thermal_state != unknown; child_state != unknown,
base_high_confidence_engine_running,child_state,deceleration,rpm_slope,deterministic,diff,rpm/s,65285,0.000092,-2703.000000,3280.000000,-27.122019,166.074737,-232.000000,-20.000000,119.000000,674.160000,condition_confidence == high; engine_on_flag == 1; thermal_state != unknown; child_state != unknown,
base_high_confidence_engine_running,child_state,deceleration,idle_flag,deterministic,rowwise,flag,65291,0.000000,0.000000,0.000000,0.000000,0.000000,0.000000,0.000000,0.000000,0.000000,condition_confidence == high; engine_on_flag == 1; thermal_state != unknown; child_state != unknown,
base_high_confidence_engine_running,child_state,deceleration,idle_rpm_stability,deterministic,rolling,rpm,0,1.000000,,,,,,,,,condition_confidence == high; engine_on_flag == 1; thermal_state != unknown; child_state != unknown,
base_high_confidence_engine_running,child_state,deceleration,segment_gap_seconds,deterministic,gap_proxy,s,1,0.999985,44482.000000,44482.000000,44482.000000,0.000000,44482.000000,44482.000000,44482.000000,44482.000000,condition_confidence == high; engine_on_flag == 1; thermal_state != unknown; child_state != unknown,
base_high_confidence_engine_running,child_state,deceleration,cold_soak_candidate_flag,deterministic,rowwise,flag,0,1.000000,,,,,,,,,condition_confidence == high; engine_on_flag == 1; thermal_state != unknown; child_state != unknown,
base_high_confidence_engine_running,child_state,deceleration,intake_temp_stability,deterministic,rolling,degC,62486,0.042962,0.000000,36.628752,2.470562,3.228704,0.790301,1.690452,7.527262,19.131742,condition_confidence == high; engine_on_flag == 1; thermal_state != unknown; child_state != unknown,
base_high_confidence_engine_running,child_state,high_load,coolant_slope,deterministic,diff,degC/s,26276,0.000076,-1.000000,9.000000,0.025689,0.212068,0.000000,0.000000,0.000000,1.000000,condition_confidence == high; engine_on_flag == 1; thermal_state != unknown; child_state != unknown,
base_high_confidence_engine_running,child_state,high_load,coolant_ambient_delta,deterministic,rowwise,degC,26276,0.000076,7.000000,103.000000,74.518344,15.836832,41.000000,73.000000,97.000000,100.000000,condition_confidence == high; engine_on_flag == 1; thermal_state != unknown; child_state != unknown,
base_high_confidence_engine_running,child_state,high_load,coolant_stability,deterministic,rolling,degC,21701,0.174176,0.000000,4.497331,0.421281,0.482298,0.000000,0.415450,1.147830,2.831372,condition_confidence == high; engine_on_flag == 1; thermal_state != unknown; child_state != unknown,
base_high_confidence_engine_running,child_state,high_load,intake_ambient_delta,deterministic,rowwise,degC,26276,0.000076,-25.000000,118.000000,7.220658,6.787352,3.000000,7.000000,13.000000,29.000000,condition_confidence == high; engine_on_flag == 1; thermal_state != unknown; child_state != unknown,
base_high_confidence_engine_running,child_state,high_load,intake_temp_slope,deterministic,diff,degC/s,26276,0.000076,-69.000000,52.000000,-0.300065,3.018033,-3.000000,0.000000,2.000000,4.000000,condition_confidence == high; engine_on_flag == 1; thermal_state != unknown; child_state != unknown,
base_high_confidence_engine_running,child_state,high_load,maf_derived_air_load_raw,deterministic,raw_proxy,g/rev_proxy,26278,0.000000,0.000000,4.663087,1.440576,0.504213,0.678216,1.359462,2.134819,2.211946,condition_confidence == high; engine_on_flag == 1; thermal_state != unknown; child_state != unknown,
base_high_confidence_engine_running,child_state,high_load,map_derived_air_load_raw,deterministic,raw_proxy,rpm*kPa/K,26278,0.000000,34.342255,2795.128774,1283.064389,445.837783,562.835380,1267.413269,2109.464564,2482.904009,condition_confidence == high; engine_on_flag == 1; thermal_state != unknown; child_state != unknown,
base_high_confidence_engine_running,child_state,high_load,maf_map_cohesion,baseline_final,cohesion,zscore_abs_diff,26278,0.000000,0.000254,15.724381,1.077355,0.887008,0.086958,0.826399,2.644757,3.663334,condition_confidence == high; engine_on_flag == 1; thermal_state != unknown; child_state != unknown,
base_high_confidence_engine_running,child_state,high_load,speed_density_maf_residual,baseline_final,residual,g/s,26278,0.000000,-31.171329,79.178345,11.360851,15.986094,-5.307280,7.711119,45.542728,60.943571,condition_confidence == high; engine_on_flag == 1; thermal_state != unknown; child_state != unknown,
base_high_confidence_engine_running,child_state,high_load,map_slope,deterministic,diff,kPa/s,26276,0.000076,-138.000000,135.000000,0.184199,27.248189,-49.000000,0.000000,46.000000,79.000000,condition_confidence == high; engine_on_flag == 1; thermal_state != unknown; child_state != unknown,
base_high_confidence_engine_running,child_state,high_load,map_stability,deterministic,rolling,kPa,24682,0.060735,0.000000,56.299853,29.000438,10.053749,10.839441,30.172917,43.567896,47.704759,condition_confidence == high; engine_on_flag == 1; thermal_state != unknown; child_state != unknown,
base_high_confidence_engine_running,child_state,high_load,accel_pedal_mean,deterministic,rowwise,percent,26278,0.000000,14.100000,84.700000,36.304567,21.213716,14.300000,37.850000,77.250000,77.800000,condition_confidence == high; engine_on_flag == 1; thermal_state != unknown; child_state != unknown,
base_high_confidence_engine_running,child_state,high_load,accel_pedal_channel_delta,deterministic,rowwise,percent,26278,0.000000,0.000000,63.500000,1.380836,3.884029,0.000000,0.400000,5.500000,20.869000,condition_confidence == high; engine_on_flag == 1; thermal_state != unknown; child_state != unknown,
base_high_confidence_engine_running,child_state,high_load,accel_pedal_channel_ratio,deterministic,rowwise,ratio,26278,0.000000,0.181701,4.572414,0.992815,0.161474,0.933566,0.981609,1.036058,1.593235,condition_confidence == high; engine_on_flag == 1; thermal_state != unknown; child_state != unknown,
base_high_confidence_engine_running,child_state,high_load,pedal_slope,deterministic,diff,percent/s,26276,0.000076,-63.700000,62.000000,-0.537287,10.491245,-20.550000,0.000000,14.300000,32.600000,condition_confidence == high; engine_on_flag == 1; thermal_state != unknown; child_state != unknown,
base_high_confidence_engine_running,child_state,high_load,engine_on_flag,deterministic,rowwise,flag,26278,0.000000,1.000000,1.000000,1.000000,0.000000,1.000000,1.000000,1.000000,1.000000,condition_confidence == high; engine_on_flag == 1; thermal_state != unknown; child_state != unknown,
base_high_confidence_engine_running,child_state,high_load,rpm_slope,deterministic,diff,rpm/s,26276,0.000076,-1659.000000,2077.000000,33.107969,207.196721,-182.000000,16.000000,361.000000,812.000000,condition_confidence == high; engine_on_flag == 1; thermal_state != unknown; child_state != unknown,
base_high_confidence_engine_running,child_state,high_load,idle_flag,deterministic,rowwise,flag,26278,0.000000,0.000000,0.000000,0.000000,0.000000,0.000000,0.000000,0.000000,0.000000,condition_confidence == high; engine_on_flag == 1; thermal_state != unknown; child_state != unknown,
base_high_confidence_engine_running,child_state,high_load,idle_rpm_stability,deterministic,rolling,rpm,0,1.000000,,,,,,,,,condition_confidence == high; engine_on_flag == 1; thermal_state != unknown; child_state != unknown,
base_high_confidence_engine_running,child_state,high_load,segment_gap_seconds,deterministic,gap_proxy,s,0,1.000000,,,,,,,,,condition_confidence == high; engine_on_flag == 1; thermal_state != unknown; child_state != unknown,
base_high_confidence_engine_running,child_state,high_load,cold_soak_candidate_flag,deterministic,rowwise,flag,0,1.000000,,,,,,,,,condition_confidence == high; engine_on_flag == 1; thermal_state != unknown; child_state != unknown,
base_high_confidence_engine_running,child_state,high_load,intake_temp_stability,deterministic,rolling,degC,25315,0.036647,0.000000,27.353462,1.881779,2.446411,0.700282,1.415312,3.207957,16.576276,condition_confidence == high; engine_on_flag == 1; thermal_state != unknown; child_state != unknown,
base_high_confidence_engine_running,child_state,idle,coolant_slope,deterministic,diff,degC/s,18132,0.001707,-1.000000,3.000000,0.024763,0.187568,0.000000,0.000000,0.000000,1.000000,condition_confidence == high; engine_on_flag == 1; thermal_state != unknown; child_state != unknown,
base_high_confidence_engine_running,child_state,idle,coolant_ambient_delta,deterministic,rowwise,degC,18157,0.000330,1.000000,95.000000,56.489398,24.453997,10.000000,66.000000,90.000000,93.000000,condition_confidence == high; engine_on_flag == 1; thermal_state != unknown; child_state != unknown,
base_high_confidence_engine_running,child_state,idle,coolant_stability,deterministic,rolling,degC,7052,0.611738,0.000000,2.739696,0.333044,0.323610,0.000000,0.403376,0.767268,1.606604,condition_confidence == high; engine_on_flag == 1; thermal_state != unknown; child_state != unknown,
base_high_confidence_engine_running,child_state,idle,intake_ambient_delta,deterministic,rowwise,degC,18157,0.000330,-31.000000,124.000000,8.084210,8.007020,0.000000,7.000000,18.000000,33.000000,condition_confidence == high; engine_on_flag == 1; thermal_state != unknown; child_state != unknown,
base_high_confidence_engine_running,child_state,idle,intake_temp_slope,deterministic,diff,degC/s,18122,0.002257,-70.000000,65.000000,-0.019093,3.110703,-1.000000,0.000000,1.000000,3.000000,condition_confidence == high; engine_on_flag == 1; thermal_state != unknown; child_state != unknown,
base_high_confidence_engine_running,child_state,idle,maf_derived_air_load_raw,deterministic,raw_proxy,g/rev_proxy,18163,0.000000,0.000000,5.615217,0.662683,0.239331,0.514397,0.561719,1.073654,1.113817,condition_confidence == high; engine_on_flag == 1; thermal_state != unknown; child_state != unknown,
base_high_confidence_engine_running,child_state,idle,map_derived_air_load_raw,deterministic,raw_proxy,rpm*kPa/K,18163,0.000000,5.827062,1428.958599,312.621647,79.929037,248.746563,285.523246,407.126562,573.436600,condition_confidence == high; engine_on_flag == 1; thermal_state != unknown; child_state != unknown,
base_high_confidence_engine_running,child_state,idle,maf_map_cohesion,baseline_final,cohesion,zscore_abs_diff,18163,0.000000,0.001153,18.923191,1.108932,0.737412,0.355832,0.890349,2.305430,2.436011,condition_confidence == high; engine_on_flag == 1; thermal_state != unknown; child_state != unknown,
base_high_confidence_engine_running,child_state,idle,speed_density_maf_residual,baseline_final,residual,g/s,18163,0.000000,-24.616949,39.140034,1.214774,3.977755,-2.200796,-0.264438,8.778770,9.751539,condition_confidence == high; engine_on_flag == 1; thermal_state != unknown; child_state != unknown,
base_high_confidence_engine_running,child_state,idle,map_slope,deterministic,diff,kPa/s,18132,0.001707,-100.000000,100.000000,-0.249669,6.075530,-1.000000,0.000000,1.000000,7.000000,condition_confidence == high; engine_on_flag == 1; thermal_state != unknown; child_state != unknown,
base_high_confidence_engine_running,child_state,idle,map_stability,deterministic,rolling,kPa,14859,0.181908,0.000000,39.949276,7.508641,7.348162,0.672943,4.773840,22.237320,31.807960,condition_confidence == high; engine_on_flag == 1; thermal_state != unknown; child_state != unknown,
base_high_confidence_engine_running,child_state,idle,accel_pedal_mean,deterministic,rowwise,percent,18145,0.000991,14.100000,61.200000,14.907068,2.935298,14.300000,14.300000,17.450000,29.424000,condition_confidence == high; engine_on_flag == 1; thermal_state != unknown; child_state != unknown,
base_high_confidence_engine_running,child_state,idle,accel_pedal_channel_delta,deterministic,rowwise,percent,18145,0.000991,0.000000,35.700000,0.454941,1.118879,0.000000,0.400000,0.400000,2.700000,condition_confidence == high; engine_on_flag == 1; thermal_state != unknown; child_state != unknown,
base_high_confidence_engine_running,child_state,idle,accel_pedal_channel_ratio,deterministic,rowwise,ratio,18145,0.000991,0.283133,3.137931,0.980599,0.053577,0.972414,0.972414,1.026144,1.052288,condition_confidence == high; engine_on_flag == 1; thermal_state != unknown; child_state != unknown,
base_high_confidence_engine_running,child_state,idle,pedal_slope,deterministic,diff,percent/s,18105,0.003193,-41.200000,36.050000,0.199102,2.338328,-0.200000,0.000000,1.200000,8.800000,condition_confidence == high; engine_on_flag == 1; thermal_state != unknown; child_state != unknown,
base_high_confidence_engine_running,child_state,idle,engine_on_flag,deterministic,rowwise,flag,18163,0.000000,1.000000,1.000000,1.000000,0.000000,1.000000,1.000000,1.000000,1.000000,condition_confidence == high; engine_on_flag == 1; thermal_state != unknown; child_state != unknown,
base_high_confidence_engine_running,child_state,idle,rpm_slope,deterministic,diff,rpm/s,18130,0.001817,-1205.000000,1181.000000,9.034528,110.380576,-48.000000,0.000000,103.550000,510.550000,condition_confidence == high; engine_on_flag == 1; thermal_state != unknown; child_state != unknown,
base_high_confidence_engine_running,child_state,idle,idle_flag,deterministic,rowwise,flag,18163,0.000000,1.000000,1.000000,1.000000,0.000000,1.000000,1.000000,1.000000,1.000000,condition_confidence == high; engine_on_flag == 1; thermal_state != unknown; child_state != unknown,
base_high_confidence_engine_running,child_state,idle,idle_rpm_stability,deterministic,rolling,rpm,10467,0.423719,0.316228,563.387463,25.725252,61.317046,0.674949,1.490712,97.908395,347.213371,condition_confidence == high; engine_on_flag == 1; thermal_state != unknown; child_state != unknown,
base_high_confidence_engine_running,child_state,idle,segment_gap_seconds,deterministic,gap_proxy,s,25,0.998624,7.000000,819013.000000,91926.440000,164864.806687,2814.000000,40063.000000,245251.200000,683045.560000,condition_confidence == high; engine_on_flag == 1; thermal_state != unknown; child_state != unknown,
base_high_confidence_engine_running,child_state,idle,cold_soak_candidate_flag,deterministic,rowwise,flag,17,0.999064,0.000000,1.000000,0.764706,0.437237,0.000000,1.000000,1.000000,1.000000,condition_confidence == high; engine_on_flag == 1; thermal_state != unknown; child_state != unknown,
base_high_confidence_engine_running,child_state,idle,intake_temp_stability,deterministic,rolling,degC,16311,0.101966,0.000000,34.337086,2.935258,4.038492,0.671452,1.751432,13.934941,20.264154,condition_confidence == high; engine_on_flag == 1; thermal_state != unknown; child_state != unknown,
base_high_confidence_engine_running,child_state,steady_driving,coolant_slope,deterministic,diff,degC/s,88357,0.000215,-1.000000,2.000000,0.014679,0.188334,0.000000,0.000000,0.000000,1.000000,condition_confidence == high; engine_on_flag == 1; thermal_state != unknown; child_state != unknown,
base_high_confidence_engine_running,child_state,steady_driving,coolant_ambient_delta,deterministic,rowwise,degC,88332,0.000498,1.000000,108.000000,75.209335,15.588433,48.000000,74.000000,96.000000,100.000000,condition_confidence == high; engine_on_flag == 1; thermal_state != unknown; child_state != unknown,
base_high_confidence_engine_running,child_state,steady_driving,coolant_stability,deterministic,rolling,degC,74189,0.160530,0.000000,4.879190,0.421187,0.488937,0.000000,0.415450,1.314414,2.658614,condition_confidence == high; engine_on_flag == 1; thermal_state != unknown; child_state != unknown,
base_high_confidence_engine_running,child_state,steady_driving,intake_ambient_delta,deterministic,rowwise,degC,88332,0.000498,-39.000000,130.000000,6.211747,4.130913,2.000000,6.000000,13.000000,20.000000,condition_confidence == high; engine_on_flag == 1; thermal_state != unknown; child_state != unknown,
base_high_confidence_engine_running,child_state,steady_driving,intake_temp_slope,deterministic,diff,degC/s,88357,0.000215,-58.000000,18.000000,-0.005698,0.901988,-1.000000,0.000000,1.000000,2.000000,condition_confidence == high; engine_on_flag == 1; thermal_state != unknown; child_state != unknown,
base_high_confidence_engine_running,child_state,steady_driving,maf_derived_air_load_raw,deterministic,raw_proxy,g/rev_proxy,88376,0.000000,0.000000,6.987097,0.804247,0.286561,0.503638,0.723718,1.314850,1.811066,condition_confidence == high; engine_on_flag == 1; thermal_state != unknown; child_state != unknown,
base_high_confidence_engine_running,child_state,steady_driving,map_derived_air_load_raw,deterministic,raw_proxy,rpm*kPa/K,88376,0.000000,16.885007,1980.100928,766.469220,290.657576,326.620465,714.357348,1333.134380,1516.366935,condition_confidence == high; engine_on_flag == 1; thermal_state != unknown; child_state != unknown,
base_high_confidence_engine_running,child_state,steady_driving,maf_map_cohesion,baseline_final,cohesion,zscore_abs_diff,88376,0.000000,0.000007,23.723767,0.539895,0.482575,0.039614,0.445466,1.552490,2.221231,condition_confidence == high; engine_on_flag == 1; thermal_state != unknown; child_state != unknown,
base_high_confidence_engine_running,child_state,steady_driving,speed_density_maf_residual,baseline_final,residual,g/s,88376,0.000000,-27.000488,45.151277,0.068630,4.259416,-3.331194,-1.160886,10.541513,15.627570,condition_confidence == high; engine_on_flag == 1; thermal_state != unknown; child_state != unknown,
base_high_confidence_engine_running,child_state,steady_driving,map_slope,deterministic,diff,kPa/s,88357,0.000215,-113.000000,106.000000,0.020847,7.188948,-8.000000,0.000000,8.000000,23.000000,condition_confidence == high; engine_on_flag == 1; thermal_state != unknown; child_state != unknown,
base_high_confidence_engine_running,child_state,steady_driving,map_stability,deterministic,rolling,kPa,84460,0.044311,0.000000,53.754650,17.348506,9.903208,3.116205,16.372051,35.566917,41.796903,condition_confidence == high; engine_on_flag == 1; thermal_state != unknown; child_state != unknown,
base_high_confidence_engine_running,child_state,steady_driving,accel_pedal_mean,deterministic,rowwise,percent,88376,0.000000,14.100000,77.450000,18.823491,8.785117,14.300000,14.300000,39.600000,47.850000,condition_confidence == high; engine_on_flag == 1; thermal_state != unknown; child_state != unknown,
base_high_confidence_engine_running,child_state,steady_driving,accel_pedal_channel_delta,deterministic,rowwise,percent,88376,0.000000,0.000000,58.400000,0.543251,1.479683,0.000000,0.400000,0.800000,5.100000,condition_confidence == high; engine_on_flag == 1; thermal_state != unknown; child_state != unknown,
base_high_confidence_engine_running,child_state,steady_driving,accel_pedal_channel_ratio,deterministic,rowwise,ratio,88376,0.000000,0.249558,4.655172,0.982474,0.074098,0.972414,0.972414,1.017021,1.104278,condition_confidence == high; engine_on_flag == 1; thermal_state != unknown; child_state != unknown,
base_high_confidence_engine_running,child_state,steady_driving,pedal_slope,deterministic,diff,percent/s,88357,0.000215,-52.950000,56.100000,-0.016227,3.248891,-2.200000,0.000000,2.500000,10.400000,condition_confidence == high; engine_on_flag == 1; thermal_state != unknown; child_state != unknown,
base_high_confidence_engine_running,child_state,steady_driving,engine_on_flag,deterministic,rowwise,flag,88376,0.000000,1.000000,1.000000,1.000000,0.000000,1.000000,1.000000,1.000000,1.000000,condition_confidence == high; engine_on_flag == 1; thermal_state != unknown; child_state != unknown,
base_high_confidence_engine_running,child_state,steady_driving,rpm_slope,deterministic,diff,rpm/s,88357,0.000215,-1328.000000,1142.000000,-0.581969,47.759696,-17.000000,0.000000,18.000000,64.000000,condition_confidence == high; engine_on_flag == 1; thermal_state != unknown; child_state != unknown,
base_high_confidence_engine_running,child_state,steady_driving,idle_flag,deterministic,rowwise,flag,88376,0.000000,0.000000,0.000000,0.000000,0.000000,0.000000,0.000000,0.000000,0.000000,condition_confidence == high; engine_on_flag == 1; thermal_state != unknown; child_state != unknown,
base_high_confidence_engine_running,child_state,steady_driving,idle_rpm_stability,deterministic,rolling,rpm,0,1.000000,,,,,,,,,condition_confidence == high; engine_on_flag == 1; thermal_state != unknown; child_state != unknown,
base_high_confidence_engine_running,child_state,steady_driving,segment_gap_seconds,deterministic,gap_proxy,s,0,1.000000,,,,,,,,,condition_confidence == high; engine_on_flag == 1; thermal_state != unknown; child_state != unknown,
base_high_confidence_engine_running,child_state,steady_driving,cold_soak_candidate_flag,deterministic,rowwise,flag,0,1.000000,,,,,,,,,condition_confidence == high; engine_on_flag == 1; thermal_state != unknown; child_state != unknown,
base_high_confidence_engine_running,child_state,steady_driving,intake_temp_stability,deterministic,rolling,degC,86404,0.022314,0.000000,33.658737,1.695675,2.387855,0.436667,1.266139,2.999247,16.203646,condition_confidence == high; engine_on_flag == 1; thermal_state != unknown; child_state != unknown,
base_high_confidence_engine_running,operating_state,post_warmup__acceleration,coolant_slope,deterministic,diff,degC/s,31849,0.000063,-1.000000,1.000000,0.009262,0.160681,0.000000,0.000000,0.000000,1.000000,condition_confidence == high; engine_on_flag == 1; thermal_state != unknown; child_state != unknown,
base_high_confidence_engine_running,operating_state,post_warmup__acceleration,coolant_ambient_delta,deterministic,rowwise,degC,31848,0.000094,43.000000,102.000000,77.737283,10.343610,63.000000,75.000000,95.000000,98.000000,condition_confidence == high; engine_on_flag == 1; thermal_state != unknown; child_state != unknown,
base_high_confidence_engine_running,operating_state,post_warmup__acceleration,coolant_stability,deterministic,rolling,degC,27453,0.138080,0.000000,4.077325,0.401785,0.384932,0.000000,0.426522,1.136776,1.932975,condition_confidence == high; engine_on_flag == 1; thermal_state != unknown; child_state != unknown,
base_high_confidence_engine_running,operating_state,post_warmup__acceleration,intake_ambient_delta,deterministic,rowwise,degC,31848,0.000094,-30.000000,131.000000,9.161297,8.539775,1.000000,8.000000,20.000000,32.000000,condition_confidence == high; engine_on_flag == 1; thermal_state != unknown; child_state != unknown,
base_high_confidence_engine_running,operating_state,post_warmup__acceleration,intake_temp_slope,deterministic,diff,degC/s,31848,0.000094,-96.000000,22.000000,-0.145582,2.952387,-3.000000,0.000000,2.000000,4.000000,condition_confidence == high; engine_on_flag == 1; thermal_state != unknown; child_state != unknown,
base_high_confidence_engine_running,operating_state,post_warmup__acceleration,maf_derived_air_load_raw,deterministic,raw_proxy,g/rev_proxy,31851,0.000000,0.000000,5.919745,0.784553,0.304851,0.490080,0.690470,1.372011,1.811084,condition_confidence == high; engine_on_flag == 1; thermal_state != unknown; child_state != unknown,
base_high_confidence_engine_running,operating_state,post_warmup__acceleration,map_derived_air_load_raw,deterministic,raw_proxy,rpm*kPa/K,31851,0.000000,6.216171,1828.718218,651.247425,234.332024,317.121085,633.949354,1074.515513,1311.138650,condition_confidence == high; engine_on_flag == 1; thermal_state != unknown; child_state != unknown,
base_high_confidence_engine_running,operating_state,post_warmup__acceleration,maf_map_cohesion,baseline_final,cohesion,zscore_abs_diff,31851,0.000000,0.000033,20.041231,0.661111,0.683877,0.044484,0.491006,1.966229,2.752409,condition_confidence == high; engine_on_flag == 1; thermal_state != unknown; child_state != unknown,
base_high_confidence_engine_running,operating_state,post_warmup__acceleration,speed_density_maf_residual,baseline_final,residual,g/s,31851,0.000000,-33.123232,71.253994,0.015785,4.895824,-5.281730,-1.102744,9.713966,17.572714,condition_confidence == high; engine_on_flag == 1; thermal_state != unknown; child_state != unknown,
base_high_confidence_engine_running,operating_state,post_warmup__acceleration,map_slope,deterministic,diff,kPa/s,31849,0.000063,-126.000000,124.000000,0.439260,16.451443,-23.000000,0.000000,24.000000,45.000000,condition_confidence == high; engine_on_flag == 1; thermal_state != unknown; child_state != unknown,
base_high_confidence_engine_running,operating_state,post_warmup__acceleration,map_stability,deterministic,rolling,kPa,28087,0.118175,0.000000,46.387861,14.386324,8.900814,3.132805,12.681630,31.895266,38.419149,condition_confidence == high; engine_on_flag == 1; thermal_state != unknown; child_state != unknown,
base_high_confidence_engine_running,operating_state,post_warmup__acceleration,accel_pedal_mean,deterministic,rowwise,percent,31850,0.000031,14.100000,78.000000,28.463659,11.796434,14.300000,28.200000,47.650000,53.700000,condition_confidence == high; engine_on_flag == 1; thermal_state != unknown; child_state != unknown,
base_high_confidence_engine_running,operating_state,post_warmup__acceleration,accel_pedal_channel_delta,deterministic,rowwise,percent,31850,0.000031,0.000000,47.900000,1.171425,2.933455,0.000000,0.400000,4.700000,15.300000,condition_confidence == high; engine_on_flag == 1; thermal_state != unknown; child_state != unknown,
base_high_confidence_engine_running,operating_state,post_warmup__acceleration,accel_pedal_channel_ratio,deterministic,rowwise,ratio,31850,0.000031,0.227419,4.137931,0.996061,0.134232,0.927392,0.986207,1.064847,1.493769,condition_confidence == high; engine_on_flag == 1; thermal_state != unknown; child_state != unknown,
base_high_confidence_engine_running,operating_state,post_warmup__acceleration,pedal_slope,deterministic,diff,percent/s,31847,0.000126,-63.000000,49.000000,-0.155635,8.158938,-15.100000,0.000000,11.400000,24.300000,condition_confidence == high; engine_on_flag == 1; thermal_state != unknown; child_state != unknown,
base_high_confidence_engine_running,operating_state,post_warmup__acceleration,engine_on_flag,deterministic,rowwise,flag,31851,0.000000,1.000000,1.000000,1.000000,0.000000,1.000000,1.000000,1.000000,1.000000,condition_confidence == high; engine_on_flag == 1; thermal_state != unknown; child_state != unknown,
base_high_confidence_engine_running,operating_state,post_warmup__acceleration,rpm_slope,deterministic,diff,rpm/s,31849,0.000063,-1385.000000,1201.000000,23.375522,174.377419,-275.000000,24.000000,225.000000,468.000000,condition_confidence == high; engine_on_flag == 1; thermal_state != unknown; child_state != unknown,
base_high_confidence_engine_running,operating_state,post_warmup__acceleration,idle_flag,deterministic,rowwise,flag,31851,0.000000,0.000000,0.000000,0.000000,0.000000,0.000000,0.000000,0.000000,0.000000,condition_confidence == high; engine_on_flag == 1; thermal_state != unknown; child_state != unknown,
base_high_confidence_engine_running,operating_state,post_warmup__acceleration,idle_rpm_stability,deterministic,rolling,rpm,0,1.000000,,,,,,,,,condition_confidence == high; engine_on_flag == 1; thermal_state != unknown; child_state != unknown,
base_high_confidence_engine_running,operating_state,post_warmup__acceleration,segment_gap_seconds,deterministic,gap_proxy,s,2,0.999937,36110.000000,219115.000000,127612.500000,129404.076491,45260.250000,127612.500000,209964.750000,217284.950000,condition_confidence == high; engine_on_flag == 1; thermal_state != unknown; child_state != unknown,
base_high_confidence_engine_running,operating_state,post_warmup__acceleration,cold_soak_candidate_flag,deterministic,rowwise,flag,0,1.000000,,,,,,,,,condition_confidence == high; engine_on_flag == 1; thermal_state != unknown; child_state != unknown,
base_high_confidence_engine_running,operating_state,post_warmup__acceleration,intake_temp_stability,deterministic,rolling,degC,30211,0.051490,0.000001,29.190451,3.136984,4.091000,1.039339,1.929477,14.751340,21.144277,condition_confidence == high; engine_on_flag == 1; thermal_state != unknown; child_state != unknown,
base_high_confidence_engine_running,operating_state,post_warmup__deceleration,coolant_slope,deterministic,diff,degC/s,51981,0.000000,-1.000000,1.000000,-0.000135,0.171508,0.000000,0.000000,0.000000,1.000000,condition_confidence == high; engine_on_flag == 1; thermal_state != unknown; child_state != unknown,
base_high_confidence_engine_running,operating_state,post_warmup__deceleration,coolant_ambient_delta,deterministic,rowwise,degC,51980,0.000019,46.000000,104.000000,78.254098,10.594844,64.000000,76.000000,96.000000,99.000000,condition_confidence == high; engine_on_flag == 1; thermal_state != unknown; child_state != unknown,
base_high_confidence_engine_running,operating_state,post_warmup__deceleration,coolant_stability,deterministic,rolling,degC,47332,0.089437,0.000000,4.646364,0.399486,0.388193,0.000000,0.426522,1.033206,2.016953,condition_confidence == high; engine_on_flag == 1; thermal_state != unknown; child_state != unknown,
base_high_confidence_engine_running,operating_state,post_warmup__deceleration,intake_ambient_delta,deterministic,rowwise,degC,51980,0.000019,-34.000000,89.000000,6.349000,5.215028,0.000000,6.000000,15.000000,22.000000,condition_confidence == high; engine_on_flag == 1; thermal_state != unknown; child_state != unknown,
base_high_confidence_engine_running,operating_state,post_warmup__deceleration,intake_temp_slope,deterministic,diff,degC/s,51981,0.000000,-19.000000,80.000000,-0.092101,1.795490,-3.000000,0.000000,3.000000,4.000000,condition_confidence == high; engine_on_flag == 1; thermal_state != unknown; child_state != unknown,
base_high_confidence_engine_running,operating_state,post_warmup__deceleration,maf_derived_air_load_raw,deterministic,raw_proxy,g/rev_proxy,51981,0.000000,0.000000,3.001117,0.786907,0.284946,0.486391,0.671398,1.216938,1.615637,condition_confidence == high; engine_on_flag == 1; thermal_state != unknown; child_state != unknown,
base_high_confidence_engine_running,operating_state,post_warmup__deceleration,map_derived_air_load_raw,deterministic,raw_proxy,rpm*kPa/K,51981,0.000000,7.096663,2406.049448,598.113602,260.598517,298.067373,563.684866,1096.258537,1410.620870,condition_confidence == high; engine_on_flag == 1; thermal_state != unknown; child_state != unknown,
base_high_confidence_engine_running,operating_state,post_warmup__deceleration,maf_map_cohesion,baseline_final,cohesion,zscore_abs_diff,51981,0.000000,0.000001,9.935835,0.836656,0.618094,0.076271,0.701029,1.856482,2.718297,condition_confidence == high; engine_on_flag == 1; thermal_state != unknown; child_state != unknown,
base_high_confidence_engine_running,operating_state,post_warmup__deceleration,speed_density_maf_residual,baseline_final,residual,g/s,51981,0.000000,-27.838480,67.410013,3.235839,6.492883,-3.726509,0.209737,14.481742,20.467444,condition_confidence == high; engine_on_flag == 1; thermal_state != unknown; child_state != unknown,
base_high_confidence_engine_running,operating_state,post_warmup__deceleration,map_slope,deterministic,diff,kPa/s,51981,0.000000,-127.000000,107.000000,-0.529251,11.507549,-12.000000,0.000000,13.000000,36.000000,condition_confidence == high; engine_on_flag == 1; thermal_state != unknown; child_state != unknown,
base_high_confidence_engine_running,operating_state,post_warmup__deceleration,map_stability,deterministic,rolling,kPa,48235,0.072065,0.181020,55.443999,19.187887,11.418440,3.986945,17.244863,39.940593,45.657789,condition_confidence == high; engine_on_flag == 1; thermal_state != unknown; child_state != unknown,
base_high_confidence_engine_running,operating_state,post_warmup__deceleration,accel_pedal_mean,deterministic,rowwise,percent,51981,0.000000,14.100000,77.450000,18.373985,8.479306,14.300000,14.300000,39.200000,49.400000,condition_confidence == high; engine_on_flag == 1; thermal_state != unknown; child_state != unknown,
base_high_confidence_engine_running,operating_state,post_warmup__deceleration,accel_pedal_channel_delta,deterministic,rowwise,percent,51981,0.000000,0.000000,47.900000,0.747816,1.927541,0.000000,0.400000,2.300000,9.400000,condition_confidence == high; engine_on_flag == 1; thermal_state != unknown; child_state != unknown,
base_high_confidence_engine_running,operating_state,post_warmup__deceleration,accel_pedal_channel_ratio,deterministic,rowwise,ratio,51981,0.000000,0.241438,4.397163,0.984939,0.103034,0.961783,0.972414,1.023669,1.351724,condition_confidence == high; engine_on_flag == 1; thermal_state != unknown; child_state != unknown,
base_high_confidence_engine_running,operating_state,post_warmup__deceleration,pedal_slope,deterministic,diff,percent/s,51981,0.000000,-63.500000,58.100000,0.322922,5.672634,-7.100000,0.000000,9.350000,19.600000,condition_confidence == high; engine_on_flag == 1; thermal_state != unknown; child_state != unknown,
base_high_confidence_engine_running,operating_state,post_warmup__deceleration,engine_on_flag,deterministic,rowwise,flag,51981,0.000000,1.000000,1.000000,1.000000,0.000000,1.000000,1.000000,1.000000,1.000000,condition_confidence == high; engine_on_flag == 1; thermal_state != unknown; child_state != unknown,
base_high_confidence_engine_running,operating_state,post_warmup__deceleration,rpm_slope,deterministic,diff,rpm/s,51981,0.000000,-2703.000000,3280.000000,-26.579866,160.250804,-209.000000,-20.000000,89.000000,664.200000,condition_confidence == high; engine_on_flag == 1; thermal_state != unknown; child_state != unknown,
base_high_confidence_engine_running,operating_state,post_warmup__deceleration,idle_flag,deterministic,rowwise,flag,51981,0.000000,0.000000,0.000000,0.000000,0.000000,0.000000,0.000000,0.000000,0.000000,condition_confidence == high; engine_on_flag == 1; thermal_state != unknown; child_state != unknown,
base_high_confidence_engine_running,operating_state,post_warmup__deceleration,idle_rpm_stability,deterministic,rolling,rpm,0,1.000000,,,,,,,,,condition_confidence == high; engine_on_flag == 1; thermal_state != unknown; child_state != unknown,
base_high_confidence_engine_running,operating_state,post_warmup__deceleration,segment_gap_seconds,deterministic,gap_proxy,s,0,1.000000,,,,,,,,,condition_confidence == high; engine_on_flag == 1; thermal_state != unknown; child_state != unknown,
base_high_confidence_engine_running,operating_state,post_warmup__deceleration,cold_soak_candidate_flag,deterministic,rowwise,flag,0,1.000000,,,,,,,,,condition_confidence == high; engine_on_flag == 1; thermal_state != unknown; child_state != unknown,
base_high_confidence_engine_running,operating_state,post_warmup__deceleration,intake_temp_stability,deterministic,rolling,degC,50326,0.031839,0.000000,36.628752,2.474532,3.302731,0.789049,1.666893,7.752196,19.452565,condition_confidence == high; engine_on_flag == 1; thermal_state != unknown; child_state != unknown,
base_high_confidence_engine_running,operating_state,post_warmup__high_load,coolant_slope,deterministic,diff,degC/s,23166,0.000000,-1.000000,1.000000,0.017914,0.192406,0.000000,0.000000,0.000000,1.000000,condition_confidence == high; engine_on_flag == 1; thermal_state != unknown; child_state != unknown,
base_high_confidence_engine_running,operating_state,post_warmup__high_load,coolant_ambient_delta,deterministic,rowwise,degC,23164,0.000086,43.000000,103.000000,78.371007,11.127147,62.000000,75.000000,97.000000,100.000000,condition_confidence == high; engine_on_flag == 1; thermal_state != unknown; child_state != unknown,
base_high_confidence_engine_running,operating_state,post_warmup__high_load,coolant_stability,deterministic,rolling,degC,21701,0.063239,0.000000,4.497331,0.421281,0.482298,0.000000,0.415450,1.147830,2.831372,condition_confidence == high; engine_on_flag == 1; thermal_state != unknown; child_state != unknown,
base_high_confidence_engine_running,operating_state,post_warmup__high_load,intake_ambient_delta,deterministic,rowwise,degC,23164,0.000086,-23.000000,118.000000,7.171602,6.161468,3.000000,6.000000,13.000000,26.000000,condition_confidence == high; engine_on_flag == 1; thermal_state != unknown; child_state != unknown,
base_high_confidence_engine_running,operating_state,post_warmup__high_load,intake_temp_slope,deterministic,diff,degC/s,23166,0.000000,-69.000000,26.000000,-0.276159,2.731265,-3.000000,0.000000,2.000000,4.000000,condition_confidence == high; engine_on_flag == 1; thermal_state != unknown; child_state != unknown,
base_high_confidence_engine_running,operating_state,post_warmup__high_load,maf_derived_air_load_raw,deterministic,raw_proxy,g/rev_proxy,23166,0.000000,0.000000,4.663087,1.456829,0.499393,0.695018,1.391093,2.132093,2.183976,condition_confidence == high; engine_on_flag == 1; thermal_state != unknown; child_state != unknown,
base_high_confidence_engine_running,operating_state,post_warmup__high_load,map_derived_air_load_raw,deterministic,raw_proxy,rpm*kPa/K,23166,0.000000,34.342255,2795.128774,1329.290430,430.454191,657.826255,1299.786380,2144.662412,2493.452308,condition_confidence == high; engine_on_flag == 1; thermal_state != unknown; child_state != unknown,
base_high_confidence_engine_running,operating_state,post_warmup__high_load,maf_map_cohesion,baseline_final,cohesion,zscore_abs_diff,23166,0.000000,0.000254,15.724381,1.006534,0.811475,0.083237,0.785188,2.457604,3.242032,condition_confidence == high; engine_on_flag == 1; thermal_state != unknown; child_state != unknown,
base_high_confidence_engine_running,operating_state,post_warmup__high_load,speed_density_maf_residual,baseline_final,residual,g/s,23166,0.000000,-27.838480,79.178345,11.519905,16.347292,-5.033219,7.503341,46.788619,61.435383,condition_confidence == high; engine_on_flag == 1; thermal_state != unknown; child_state != unknown,
base_high_confidence_engine_running,operating_state,post_warmup__high_load,map_slope,deterministic,diff,kPa/s,23166,0.000000,-138.000000,135.000000,-0.080981,24.400946,-40.000000,0.000000,41.000000,74.000000,condition_confidence == high; engine_on_flag == 1; thermal_state != unknown; child_state != unknown,
base_high_confidence_engine_running,operating_state,post_warmup__high_load,map_stability,deterministic,rolling,kPa,22125,0.044937,1.337845,56.299853,29.824429,9.599779,12.328203,30.840596,43.793526,48.028691,condition_confidence == high; engine_on_flag == 1; thermal_state != unknown; child_state != unknown,
base_high_confidence_engine_running,operating_state,post_warmup__high_load,accel_pedal_mean,deterministic,rowwise,percent,23166,0.000000,14.100000,84.700000,35.951435,21.780862,14.300000,36.650000,77.450000,78.000000,condition_confidence == high; engine_on_flag == 1; thermal_state != unknown; child_state != unknown,
base_high_confidence_engine_running,operating_state,post_warmup__high_load,accel_pedal_channel_delta,deterministic,rowwise,percent,23166,0.000000,0.000000,63.500000,1.170219,3.455667,0.000000,0.400000,3.900000,16.640000,condition_confidence == high; engine_on_flag == 1; thermal_state != unknown; child_state != unknown,
base_high_confidence_engine_running,operating_state,post_warmup__high_load,accel_pedal_channel_ratio,deterministic,rowwise,ratio,23166,0.000000,0.181701,4.572414,0.990222,0.137813,0.956960,0.980198,1.021370,1.401981,condition_confidence == high; engine_on_flag == 1; thermal_state != unknown; child_state != unknown,
base_high_confidence_engine_running,operating_state,post_warmup__high_load,pedal_slope,deterministic,diff,percent/s,23166,0.000000,-63.700000,62.000000,-0.608387,9.206196,-15.700000,0.000000,10.200000,27.850000,condition_confidence == high; engine_on_flag == 1; thermal_state != unknown; child_state != unknown,
base_high_confidence_engine_running,operating_state,post_warmup__high_load,engine_on_flag,deterministic,rowwise,flag,23166,0.000000,1.000000,1.000000,1.000000,0.000000,1.000000,1.000000,1.000000,1.000000,condition_confidence == high; engine_on_flag == 1; thermal_state != unknown; child_state != unknown,
base_high_confidence_engine_running,operating_state,post_warmup__high_load,rpm_slope,deterministic,diff,rpm/s,23166,0.000000,-1569.000000,2077.000000,27.252309,164.743848,-23.000000,15.000000,185.750000,712.700000,condition_confidence == high; engine_on_flag == 1; thermal_state != unknown; child_state != unknown,
base_high_confidence_engine_running,operating_state,post_warmup__high_load,idle_flag,deterministic,rowwise,flag,23166,0.000000,0.000000,0.000000,0.000000,0.000000,0.000000,0.000000,0.000000,0.000000,condition_confidence == high; engine_on_flag == 1; thermal_state != unknown; child_state != unknown,
base_high_confidence_engine_running,operating_state,post_warmup__high_load,idle_rpm_stability,deterministic,rolling,rpm,0,1.000000,,,,,,,,,condition_confidence == high; engine_on_flag == 1; thermal_state != unknown; child_state != unknown,
base_high_confidence_engine_running,operating_state,post_warmup__high_load,segment_gap_seconds,deterministic,gap_proxy,s,0,1.000000,,,,,,,,,condition_confidence == high; engine_on_flag == 1; thermal_state != unknown; child_state != unknown,
base_high_confidence_engine_running,operating_state,post_warmup__high_load,cold_soak_candidate_flag,deterministic,rowwise,flag,0,1.000000,,,,,,,,,condition_confidence == high; engine_on_flag == 1; thermal_state != unknown; child_state != unknown,
base_high_confidence_engine_running,operating_state,post_warmup__high_load,intake_temp_stability,deterministic,rolling,degC,22534,0.027281,0.000000,27.353462,1.740713,2.174043,0.683088,1.372397,2.879042,15.195490,condition_confidence == high; engine_on_flag == 1; thermal_state != unknown; child_state != unknown,
base_high_confidence_engine_running,operating_state,post_warmup__idle,coolant_slope,deterministic,diff,degC/s,8683,0.000691,-1.000000,1.000000,0.004261,0.130052,0.000000,0.000000,0.000000,1.000000,condition_confidence == high; engine_on_flag == 1; thermal_state != unknown; child_state != unknown,
base_high_confidence_engine_running,operating_state,post_warmup__idle,coolant_ambient_delta,deterministic,rowwise,degC,8689,0.000000,51.000000,95.000000,76.764760,9.344844,65.000000,73.000000,91.000000,93.000000,condition_confidence == high; engine_on_flag == 1; thermal_state != unknown; child_state != unknown,
base_high_confidence_engine_running,operating_state,post_warmup__idle,coolant_stability,deterministic,rolling,degC,7052,0.188399,0.000000,2.739696,0.333044,0.323610,0.000000,0.403376,0.767268,1.606604,condition_confidence == high; engine_on_flag == 1; thermal_state != unknown; child_state != unknown,
base_high_confidence_engine_running,operating_state,post_warmup__idle,intake_ambient_delta,deterministic,rowwise,degC,8689,0.000000,-21.000000,124.000000,10.044309,9.881014,-1.000000,9.000000,20.000000,52.000000,condition_confidence == high; engine_on_flag == 1; thermal_state != unknown; child_state != unknown,
base_high_confidence_engine_running,operating_state,post_warmup__idle,intake_temp_slope,deterministic,diff,degC/s,8683,0.000691,-61.000000,65.000000,-0.099505,4.064018,-1.000000,0.000000,1.000000,4.000000,condition_confidence == high; engine_on_flag == 1; thermal_state != unknown; child_state != unknown,
base_high_confidence_engine_running,operating_state,post_warmup__idle,maf_derived_air_load_raw,deterministic,raw_proxy,g/rev_proxy,8689,0.000000,0.000000,4.539901,0.551929,0.152958,0.507710,0.545682,0.612281,0.968659,condition_confidence == high; engine_on_flag == 1; thermal_state != unknown; child_state != unknown,
base_high_confidence_engine_running,operating_state,post_warmup__idle,map_derived_air_load_raw,deterministic,raw_proxy,rpm*kPa/K,8689,0.000000,5.827062,1374.341774,279.171047,64.904016,241.860264,266.751728,348.829474,504.832090,condition_confidence == high; engine_on_flag == 1; thermal_state != unknown; child_state != unknown,
base_high_confidence_engine_running,operating_state,post_warmup__idle,maf_map_cohesion,baseline_final,cohesion,zscore_abs_diff,8689,0.000000,0.001153,15.258263,0.849455,0.497844,0.493387,0.841858,1.091909,1.985801,condition_confidence == high; engine_on_flag == 1; thermal_state != unknown; child_state != unknown,
base_high_confidence_engine_running,operating_state,post_warmup__idle,speed_density_maf_residual,baseline_final,residual,g/s,8689,0.000000,-24.616949,22.009334,-0.937965,1.789254,-2.560997,-1.065861,1.127629,4.975675,condition_confidence == high; engine_on_flag == 1; thermal_state != unknown; child_state != unknown,
base_high_confidence_engine_running,operating_state,post_warmup__idle,map_slope,deterministic,diff,kPa/s,8683,0.000691,-99.000000,100.000000,-0.557872,7.319365,-1.000000,0.000000,1.000000,6.000000,condition_confidence == high; engine_on_flag == 1; thermal_state != unknown; child_state != unknown,
base_high_confidence_engine_running,operating_state,post_warmup__idle,map_stability,deterministic,rolling,kPa,7120,0.180573,0.129099,39.949276,6.356361,6.936431,1.124333,3.756539,20.839318,34.245412,condition_confidence == high; engine_on_flag == 1; thermal_state != unknown; child_state != unknown,
base_high_confidence_engine_running,operating_state,post_warmup__idle,accel_pedal_mean,deterministic,rowwise,percent,8687,0.000230,14.100000,54.500000,14.865045,2.560657,14.300000,14.300000,17.450000,26.128000,condition_confidence == high; engine_on_flag == 1; thermal_state != unknown; child_state != unknown,
base_high_confidence_engine_running,operating_state,post_warmup__idle,accel_pedal_channel_delta,deterministic,rowwise,percent,8687,0.000230,0.000000,35.700000,0.444814,1.003191,0.000000,0.400000,0.400000,2.400000,condition_confidence == high; engine_on_flag == 1; thermal_state != unknown; child_state != unknown,
base_high_confidence_engine_running,operating_state,post_warmup__idle,accel_pedal_channel_ratio,deterministic,rowwise,ratio,8687,0.000230,0.283133,2.163265,0.981951,0.048481,0.972414,0.972414,1.026846,1.055172,condition_confidence == high; engine_on_flag == 1; thermal_state != unknown; child_state != unknown,
base_high_confidence_engine_running,operating_state,post_warmup__idle,pedal_slope,deterministic,diff,percent/s,8682,0.000806,-40.400000,34.150000,0.167018,2.129298,-0.200000,0.000000,1.200000,8.119000,condition_confidence == high; engine_on_flag == 1; thermal_state != unknown; child_state != unknown,
base_high_confidence_engine_running,operating_state,post_warmup__idle,engine_on_flag,deterministic,rowwise,flag,8689,0.000000,1.000000,1.000000,1.000000,0.000000,1.000000,1.000000,1.000000,1.000000,condition_confidence == high; engine_on_flag == 1; thermal_state != unknown; child_state != unknown,
base_high_confidence_engine_running,operating_state,post_warmup__idle,rpm_slope,deterministic,diff,rpm/s,8683,0.000691,-960.000000,1181.000000,7.410918,114.079043,-61.000000,0.000000,139.900000,472.080000,condition_confidence == high; engine_on_flag == 1; thermal_state != unknown; child_state != unknown,
base_high_confidence_engine_running,operating_state,post_warmup__idle,idle_flag,deterministic,rowwise,flag,8689,0.000000,1.000000,1.000000,1.000000,0.000000,1.000000,1.000000,1.000000,1.000000,condition_confidence == high; engine_on_flag == 1; thermal_state != unknown; child_state != unknown,
base_high_confidence_engine_running,operating_state,post_warmup__idle,idle_rpm_stability,deterministic,rolling,rpm,4629,0.467257,0.421637,563.387463,35.939773,60.960609,0.788811,2.118700,118.249105,335.075355,condition_confidence == high; engine_on_flag == 1; thermal_state != unknown; child_state != unknown,
base_high_confidence_engine_running,operating_state,post_warmup__idle,segment_gap_seconds,deterministic,gap_proxy,s,2,0.999770,7.000000,10.000000,8.500000,2.121320,7.150000,8.500000,9.850000,9.970000,condition_confidence == high; engine_on_flag == 1; thermal_state != unknown; child_state != unknown,
base_high_confidence_engine_running,operating_state,post_warmup__idle,cold_soak_candidate_flag,deterministic,rowwise,flag,0,1.000000,,,,,,,,,condition_confidence == high; engine_on_flag == 1; thermal_state != unknown; child_state != unknown,
base_high_confidence_engine_running,operating_state,post_warmup__idle,intake_temp_stability,deterministic,rolling,degC,8150,0.062032,0.618683,34.337086,4.058456,5.109441,1.006953,2.108766,17.243721,21.068955,condition_confidence == high; engine_on_flag == 1; thermal_state != unknown; child_state != unknown,
base_high_confidence_engine_running,operating_state,post_warmup__steady_driving,coolant_slope,deterministic,diff,degC/s,78701,0.000076,-1.000000,2.000000,0.005527,0.169257,0.000000,0.000000,0.000000,1.000000,condition_confidence == high; engine_on_flag == 1; thermal_state != unknown; child_state != unknown,
base_high_confidence_engine_running,operating_state,post_warmup__steady_driving,coolant_ambient_delta,deterministic,rowwise,degC,78667,0.000508,43.000000,108.000000,78.667014,11.010511,64.000000,76.000000,96.000000,100.000000,condition_confidence == high; engine_on_flag == 1; thermal_state != unknown; child_state != unknown,
base_high_confidence_engine_running,operating_state,post_warmup__steady_driving,coolant_stability,deterministic,rolling,degC,74189,0.057403,0.000000,4.879190,0.421187,0.488937,0.000000,0.415450,1.314414,2.658614,condition_confidence == high; engine_on_flag == 1; thermal_state != unknown; child_state != unknown,
base_high_confidence_engine_running,operating_state,post_warmup__steady_driving,intake_ambient_delta,deterministic,rowwise,degC,78667,0.000508,-34.000000,130.000000,6.406613,4.068329,2.000000,6.000000,13.000000,20.000000,condition_confidence == high; engine_on_flag == 1; thermal_state != unknown; child_state != unknown,
base_high_confidence_engine_running,operating_state,post_warmup__steady_driving,intake_temp_slope,deterministic,diff,degC/s,78701,0.000076,-58.000000,18.000000,-0.002433,0.892075,-1.000000,0.000000,1.000000,2.000000,condition_confidence == high; engine_on_flag == 1; thermal_state != unknown; child_state != unknown,
base_high_confidence_engine_running,operating_state,post_warmup__steady_driving,maf_derived_air_load_raw,deterministic,raw_proxy,g/rev_proxy,78707,0.000000,0.000000,6.987097,0.809491,0.291625,0.502597,0.734735,1.325984,1.827484,condition_confidence == high; engine_on_flag == 1; thermal_state != unknown; child_state != unknown,
base_high_confidence_engine_running,operating_state,post_warmup__steady_driving,map_derived_air_load_raw,deterministic,raw_proxy,rpm*kPa/K,78707,0.000000,16.885007,1980.100928,786.337056,296.492902,325.148582,745.495287,1351.864257,1525.621165,condition_confidence == high; engine_on_flag == 1; thermal_state != unknown; child_state != unknown,
base_high_confidence_engine_running,operating_state,post_warmup__steady_driving,maf_map_cohesion,baseline_final,cohesion,zscore_abs_diff,78707,0.000000,0.000007,23.723767,0.525132,0.451327,0.040603,0.452545,1.419129,1.988251,condition_confidence == high; engine_on_flag == 1; thermal_state != unknown; child_state != unknown,
base_high_confidence_engine_running,operating_state,post_warmup__steady_driving,speed_density_maf_residual,baseline_final,residual,g/s,78707,0.000000,-27.000488,45.151277,-0.152127,3.995062,-3.330363,-1.213967,9.815166,14.768460,condition_confidence == high; engine_on_flag == 1; thermal_state != unknown; child_state != unknown,
base_high_confidence_engine_running,operating_state,post_warmup__steady_driving,map_slope,deterministic,diff,kPa/s,78701,0.000076,-107.000000,106.000000,0.025489,7.155798,-7.000000,0.000000,8.000000,23.000000,condition_confidence == high; engine_on_flag == 1; thermal_state != unknown; child_state != unknown,
base_high_confidence_engine_running,operating_state,post_warmup__steady_driving,map_stability,deterministic,rolling,kPa,76132,0.032716,0.000000,53.754650,17.364820,9.936458,2.984785,16.411546,35.515705,41.686399,condition_confidence == high; engine_on_flag == 1; thermal_state != unknown; child_state != unknown,
base_high_confidence_engine_running,operating_state,post_warmup__steady_driving,accel_pedal_mean,deterministic,rowwise,percent,78707,0.000000,14.100000,77.450000,18.382207,8.525719,14.300000,14.300000,39.400000,48.200000,condition_confidence == high; engine_on_flag == 1; thermal_state != unknown; child_state != unknown,
base_high_confidence_engine_running,operating_state,post_warmup__steady_driving,accel_pedal_channel_delta,deterministic,rowwise,percent,78707,0.000000,0.000000,58.400000,0.536533,1.465770,0.000000,0.400000,0.800000,4.700000,condition_confidence == high; engine_on_flag == 1; thermal_state != unknown; child_state != unknown,
base_high_confidence_engine_running,operating_state,post_warmup__steady_driving,accel_pedal_channel_ratio,deterministic,rowwise,ratio,78707,0.000000,0.249558,4.655172,0.981929,0.073203,0.972414,0.972414,1.016736,1.099218,condition_confidence == high; engine_on_flag == 1; thermal_state != unknown; child_state != unknown,
base_high_confidence_engine_running,operating_state,post_warmup__steady_driving,pedal_slope,deterministic,diff,percent/s,78701,0.000076,-52.950000,56.100000,-0.002853,3.146097,-1.800000,0.000000,2.300000,10.000000,condition_confidence == high; engine_on_flag == 1; thermal_state != unknown; child_state != unknown,
base_high_confidence_engine_running,operating_state,post_warmup__steady_driving,engine_on_flag,deterministic,rowwise,flag,78707,0.000000,1.000000,1.000000,1.000000,0.000000,1.000000,1.000000,1.000000,1.000000,condition_confidence == high; engine_on_flag == 1; thermal_state != unknown; child_state != unknown,
base_high_confidence_engine_running,operating_state,post_warmup__steady_driving,rpm_slope,deterministic,diff,rpm/s,78701,0.000076,-1061.000000,1142.000000,-0.505966,45.344061,-16.000000,0.000000,17.000000,60.000000,condition_confidence == high; engine_on_flag == 1; thermal_state != unknown; child_state != unknown,
base_high_confidence_engine_running,operating_state,post_warmup__steady_driving,idle_flag,deterministic,rowwise,flag,78707,0.000000,0.000000,0.000000,0.000000,0.000000,0.000000,0.000000,0.000000,0.000000,condition_confidence == high; engine_on_flag == 1; thermal_state != unknown; child_state != unknown,
base_high_confidence_engine_running,operating_state,post_warmup__steady_driving,idle_rpm_stability,deterministic,rolling,rpm,0,1.000000,,,,,,,,,condition_confidence == high; engine_on_flag == 1; thermal_state != unknown; child_state != unknown,
base_high_confidence_engine_running,operating_state,post_warmup__steady_driving,segment_gap_seconds,deterministic,gap_proxy,s,0,1.000000,,,,,,,,,condition_confidence == high; engine_on_flag == 1; thermal_state != unknown; child_state != unknown,
base_high_confidence_engine_running,operating_state,post_warmup__steady_driving,cold_soak_candidate_flag,deterministic,rowwise,flag,0,1.000000,,,,,,,,,condition_confidence == high; engine_on_flag == 1; thermal_state != unknown; child_state != unknown,
base_high_confidence_engine_running,operating_state,post_warmup__steady_driving,intake_temp_stability,deterministic,rolling,degC,77604,0.014014,0.000000,33.658737,1.620430,2.288081,0.426522,1.236338,2.833217,15.580246,condition_confidence == high; engine_on_flag == 1; thermal_state != unknown; child_state != unknown,
base_high_confidence_engine_running,operating_state,warmup__acceleration,coolant_slope,deterministic,diff,degC/s,10940,0.000365,-1.000000,2.000000,0.076051,0.272489,0.000000,0.000000,1.000000,1.000000,condition_confidence == high; engine_on_flag == 1; thermal_state != unknown; child_state != unknown,
base_high_confidence_engine_running,operating_state,warmup__acceleration,coolant_ambient_delta,deterministic,rowwise,degC,10941,0.000274,2.000000,84.000000,40.750754,19.468470,9.000000,42.000000,70.000000,77.000000,condition_confidence == high; engine_on_flag == 1; thermal_state != unknown; child_state != unknown,
base_high_confidence_engine_running,operating_state,warmup__acceleration,coolant_stability,deterministic,rolling,degC,0,1.000000,,,,,,,,,condition_confidence == high; engine_on_flag == 1; thermal_state != unknown; child_state != unknown,
base_high_confidence_engine_running,operating_state,warmup__acceleration,intake_ambient_delta,deterministic,rowwise,degC,10941,0.000274,-39.000000,117.000000,6.199982,7.671241,-4.000000,6.000000,13.000000,26.000000,condition_confidence == high; engine_on_flag == 1; thermal_state != unknown; child_state != unknown,
base_high_confidence_engine_running,operating_state,warmup__acceleration,intake_temp_slope,deterministic,diff,degC/s,10940,0.000365,-54.000000,43.000000,-0.222121,2.925942,-3.000000,0.000000,2.000000,4.000000,condition_confidence == high; engine_on_flag == 1; thermal_state != unknown; child_state != unknown,
base_high_confidence_engine_running,operating_state,warmup__acceleration,maf_derived_air_load_raw,deterministic,raw_proxy,g/rev_proxy,10944,0.000000,0.000000,6.370213,0.920721,0.332186,0.534331,0.869729,1.530559,1.985046,condition_confidence == high; engine_on_flag == 1; thermal_state != unknown; child_state != unknown,
base_high_confidence_engine_running,operating_state,warmup__acceleration,map_derived_air_load_raw,deterministic,raw_proxy,rpm*kPa/K,10944,0.000000,36.642503,1839.716518,633.671490,238.749403,318.430928,599.248849,1087.437639,1396.006356,condition_confidence == high; engine_on_flag == 1; thermal_state != unknown; child_state != unknown,
base_high_confidence_engine_running,operating_state,warmup__acceleration,maf_map_cohesion,baseline_final,cohesion,zscore_abs_diff,10944,0.000000,0.000057,21.585124,1.073601,0.937152,0.065867,0.830846,2.540191,3.495501,condition_confidence == high; engine_on_flag == 1; thermal_state != unknown; child_state != unknown,
base_high_confidence_engine_running,operating_state,warmup__acceleration,speed_density_maf_residual,baseline_final,residual,g/s,10944,0.000000,-26.118782,57.764335,4.125191,7.367217,-4.510540,2.060997,17.185429,25.685173,condition_confidence == high; engine_on_flag == 1; thermal_state != unknown; child_state != unknown,
base_high_confidence_engine_running,operating_state,warmup__acceleration,map_slope,deterministic,diff,kPa/s,10940,0.000365,-124.000000,116.000000,-0.183638,21.134523,-37.000000,0.000000,31.000000,55.000000,condition_confidence == high; engine_on_flag == 1; thermal_state != unknown; child_state != unknown,
base_high_confidence_engine_running,operating_state,warmup__acceleration,map_stability,deterministic,rolling,kPa,8578,0.216192,0.000000,47.708212,15.256146,8.595643,3.230635,14.196642,29.484372,36.979088,condition_confidence == high; engine_on_flag == 1; thermal_state != unknown; child_state != unknown,
base_high_confidence_engine_running,operating_state,warmup__acceleration,accel_pedal_mean,deterministic,rowwise,percent,10944,0.000000,14.100000,68.000000,30.532036,12.175103,14.300000,31.600000,49.000000,56.700000,condition_confidence == high; engine_on_flag == 1; thermal_state != unknown; child_state != unknown,
base_high_confidence_engine_running,operating_state,warmup__acceleration,accel_pedal_channel_delta,deterministic,rowwise,percent,10944,0.000000,0.000000,46.700000,1.495614,3.545334,0.000000,0.400000,6.600000,19.600000,condition_confidence == high; engine_on_flag == 1; thermal_state != unknown; child_state != unknown,
base_high_confidence_engine_running,operating_state,warmup__acceleration,accel_pedal_channel_ratio,deterministic,rowwise,ratio,10944,0.000000,0.231908,4.170213,1.003119,0.174605,0.903533,0.987421,1.108608,1.834575,condition_confidence == high; engine_on_flag == 1; thermal_state != unknown; child_state != unknown,
base_high_confidence_engine_running,operating_state,warmup__acceleration,pedal_slope,deterministic,diff,percent/s,10940,0.000365,-53.700000,51.750000,-0.079470,10.575327,-20.400000,0.000000,17.200000,30.600000,condition_confidence == high; engine_on_flag == 1; thermal_state != unknown; child_state != unknown,
base_high_confidence_engine_running,operating_state,warmup__acceleration,engine_on_flag,deterministic,rowwise,flag,10944,0.000000,1.000000,1.000000,1.000000,0.000000,1.000000,1.000000,1.000000,1.000000,condition_confidence == high; engine_on_flag == 1; thermal_state != unknown; child_state != unknown,
base_high_confidence_engine_running,operating_state,warmup__acceleration,rpm_slope,deterministic,diff,rpm/s,10940,0.000365,-1153.000000,1195.000000,15.298629,222.880498,-501.050000,25.000000,316.000000,584.220000,condition_confidence == high; engine_on_flag == 1; thermal_state != unknown; child_state != unknown,
base_high_confidence_engine_running,operating_state,warmup__acceleration,idle_flag,deterministic,rowwise,flag,10944,0.000000,0.000000,0.000000,0.000000,0.000000,0.000000,0.000000,0.000000,0.000000,condition_confidence == high; engine_on_flag == 1; thermal_state != unknown; child_state != unknown,
base_high_confidence_engine_running,operating_state,warmup__acceleration,idle_rpm_stability,deterministic,rolling,rpm,0,1.000000,,,,,,,,,condition_confidence == high; engine_on_flag == 1; thermal_state != unknown; child_state != unknown,
base_high_confidence_engine_running,operating_state,warmup__acceleration,segment_gap_seconds,deterministic,gap_proxy,s,1,0.999909,36633.000000,36633.000000,36633.000000,0.000000,36633.000000,36633.000000,36633.000000,36633.000000,condition_confidence == high; engine_on_flag == 1; thermal_state != unknown; child_state != unknown,
base_high_confidence_engine_running,operating_state,warmup__acceleration,cold_soak_candidate_flag,deterministic,rowwise,flag,1,0.999909,0.000000,0.000000,0.000000,0.000000,0.000000,0.000000,0.000000,0.000000,condition_confidence == high; engine_on_flag == 1; thermal_state != unknown; child_state != unknown,
base_high_confidence_engine_running,operating_state,warmup__acceleration,intake_temp_stability,deterministic,rolling,degC,9320,0.148392,0.000000,25.741738,2.564418,3.136305,0.812291,1.835579,8.441669,18.325054,condition_confidence == high; engine_on_flag == 1; thermal_state != unknown; child_state != unknown,
base_high_confidence_engine_running,operating_state,warmup__deceleration,coolant_slope,deterministic,diff,degC/s,13304,0.000451,-1.000000,1.000000,0.087943,0.286391,0.000000,0.000000,1.000000,1.000000,condition_confidence == high; engine_on_flag == 1; thermal_state != unknown; child_state != unknown,
base_high_confidence_engine_running,operating_state,warmup__deceleration,coolant_ambient_delta,deterministic,rowwise,degC,13306,0.000301,2.000000,82.000000,42.148655,18.592026,11.000000,42.000000,71.000000,78.000000,condition_confidence == high; engine_on_flag == 1; thermal_state != unknown; child_state != unknown,
base_high_confidence_engine_running,operating_state,warmup__deceleration,coolant_stability,deterministic,rolling,degC,0,1.000000,,,,,,,,,condition_confidence == high; engine_on_flag == 1; thermal_state != unknown; child_state != unknown,
base_high_confidence_engine_running,operating_state,warmup__deceleration,intake_ambient_delta,deterministic,rowwise,degC,13306,0.000301,-35.000000,85.000000,4.052382,5.551741,-3.000000,4.000000,11.000000,18.000000,condition_confidence == high; engine_on_flag == 1; thermal_state != unknown; child_state != unknown,
base_high_confidence_engine_running,operating_state,warmup__deceleration,intake_temp_slope,deterministic,diff,degC/s,13304,0.000451,-47.000000,81.000000,-0.132817,1.473878,-2.000000,0.000000,2.000000,4.000000,condition_confidence == high; engine_on_flag == 1; thermal_state != unknown; child_state != unknown,
base_high_confidence_engine_running,operating_state,warmup__deceleration,maf_derived_air_load_raw,deterministic,raw_proxy,g/rev_proxy,13310,0.000000,0.000000,3.554430,0.734727,0.259082,0.503622,0.615501,1.157207,1.468507,condition_confidence == high; engine_on_flag == 1; thermal_state != unknown; child_state != unknown,
base_high_confidence_engine_running,operating_state,warmup__deceleration,map_derived_air_load_raw,deterministic,raw_proxy,rpm*kPa/K,13310,0.000000,7.024545,1822.488680,477.335200,169.302191,297.649769,425.682843,772.887575,1053.624117,condition_confidence == high; engine_on_flag == 1; thermal_state != unknown; child_state != unknown,
base_high_confidence_engine_running,operating_state,warmup__deceleration,maf_map_cohesion,baseline_final,cohesion,zscore_abs_diff,13310,0.000000,0.000075,11.995062,0.935446,0.801804,0.060738,0.678335,2.327306,2.828623,condition_confidence == high; engine_on_flag == 1; thermal_state != unknown; child_state != unknown,
base_high_confidence_engine_running,operating_state,warmup__deceleration,speed_density_maf_residual,baseline_final,residual,g/s,13310,0.000000,-22.315922,52.126361,2.648343,5.536374,-2.951879,0.383231,13.239809,18.458384,condition_confidence == high; engine_on_flag == 1; thermal_state != unknown; child_state != unknown,
base_high_confidence_engine_running,operating_state,warmup__deceleration,map_slope,deterministic,diff,kPa/s,13304,0.000451,-107.000000,114.000000,-0.434230,9.263344,-9.000000,0.000000,9.000000,27.000000,condition_confidence == high; engine_on_flag == 1; thermal_state != unknown; child_state != unknown,
base_high_confidence_engine_running,operating_state,warmup__deceleration,map_stability,deterministic,rolling,kPa,11298,0.151165,0.685607,42.793935,15.798631,8.816268,4.006131,14.592884,32.069588,38.324368,condition_confidence == high; engine_on_flag == 1; thermal_state != unknown; child_state != unknown,
base_high_confidence_engine_running,operating_state,warmup__deceleration,accel_pedal_mean,deterministic,rowwise,percent,13309,0.000075,14.100000,64.900000,18.138091,7.967640,14.300000,14.300000,36.700000,49.000000,condition_confidence == high; engine_on_flag == 1; thermal_state != unknown; child_state != unknown,
base_high_confidence_engine_running,operating_state,warmup__deceleration,accel_pedal_channel_delta,deterministic,rowwise,percent,13309,0.000075,0.000000,36.100000,0.753032,1.861814,0.000000,0.400000,2.400000,10.200000,condition_confidence == high; engine_on_flag == 1; thermal_state != unknown; child_state != unknown,
base_high_confidence_engine_running,operating_state,warmup__deceleration,accel_pedal_channel_ratio,deterministic,rowwise,ratio,13309,0.000075,0.280877,3.110345,0.986002,0.097929,0.958448,0.972414,1.026144,1.435129,condition_confidence == high; engine_on_flag == 1; thermal_state != unknown; child_state != unknown,
base_high_confidence_engine_running,operating_state,warmup__deceleration,pedal_slope,deterministic,diff,percent/s,13303,0.000526,-47.650000,46.100000,0.072160,5.819313,-9.940000,0.000000,9.600000,18.649000,condition_confidence == high; engine_on_flag == 1; thermal_state != unknown; child_state != unknown,
base_high_confidence_engine_running,operating_state,warmup__deceleration,engine_on_flag,deterministic,rowwise,flag,13310,0.000000,1.000000,1.000000,1.000000,0.000000,1.000000,1.000000,1.000000,1.000000,condition_confidence == high; engine_on_flag == 1; thermal_state != unknown; child_state != unknown,
base_high_confidence_engine_running,operating_state,warmup__deceleration,rpm_slope,deterministic,diff,rpm/s,13304,0.000451,-1207.000000,1609.000000,-29.240304,187.091529,-306.850000,-17.000000,235.850000,709.000000,condition_confidence == high; engine_on_flag == 1; thermal_state != unknown; child_state != unknown,
base_high_confidence_engine_running,operating_state,warmup__deceleration,idle_flag,deterministic,rowwise,flag,13310,0.000000,0.000000,0.000000,0.000000,0.000000,0.000000,0.000000,0.000000,0.000000,condition_confidence == high; engine_on_flag == 1; thermal_state != unknown; child_state != unknown,
base_high_confidence_engine_running,operating_state,warmup__deceleration,idle_rpm_stability,deterministic,rolling,rpm,0,1.000000,,,,,,,,,condition_confidence == high; engine_on_flag == 1; thermal_state != unknown; child_state != unknown,
base_high_confidence_engine_running,operating_state,warmup__deceleration,segment_gap_seconds,deterministic,gap_proxy,s,1,0.999925,44482.000000,44482.000000,44482.000000,0.000000,44482.000000,44482.000000,44482.000000,44482.000000,condition_confidence == high; engine_on_flag == 1; thermal_state != unknown; child_state != unknown,
base_high_confidence_engine_running,operating_state,warmup__deceleration,cold_soak_candidate_flag,deterministic,rowwise,flag,0,1.000000,,,,,,,,,condition_confidence == high; engine_on_flag == 1; thermal_state != unknown; child_state != unknown,
base_high_confidence_engine_running,operating_state,warmup__deceleration,intake_temp_stability,deterministic,rolling,degC,12160,0.086401,0.000001,28.791896,2.454131,2.902394,0.804472,1.780861,6.640273,17.662119,condition_confidence == high; engine_on_flag == 1; thermal_state != unknown; child_state != unknown,
base_high_confidence_engine_running,operating_state,warmup__high_load,coolant_slope,deterministic,diff,degC/s,3110,0.000643,-1.000000,9.000000,0.083601,0.316921,0.000000,0.000000,1.000000,1.000000,condition_confidence == high; engine_on_flag == 1; thermal_state != unknown; child_state != unknown,
base_high_confidence_engine_running,operating_state,warmup__high_load,coolant_ambient_delta,deterministic,rowwise,degC,3112,0.000000,7.000000,86.000000,45.841260,16.224910,21.000000,45.000000,75.000000,80.000000,condition_confidence == high; engine_on_flag == 1; thermal_state != unknown; child_state != unknown,
base_high_confidence_engine_running,operating_state,warmup__high_load,coolant_stability,deterministic,rolling,degC,0,1.000000,,,,,,,,,condition_confidence == high; engine_on_flag == 1; thermal_state != unknown; child_state != unknown,
base_high_confidence_engine_running,operating_state,warmup__high_load,intake_ambient_delta,deterministic,rowwise,degC,3112,0.000000,-25.000000,112.000000,7.585797,10.308908,-8.000000,7.000000,16.000000,56.890000,condition_confidence == high; engine_on_flag == 1; thermal_state != unknown; child_state != unknown,
base_high_confidence_engine_running,operating_state,warmup__high_load,intake_temp_slope,deterministic,diff,degC/s,3110,0.000643,-52.000000,52.000000,-0.478135,4.621680,-6.000000,0.000000,4.000000,5.000000,condition_confidence == high; engine_on_flag == 1; thermal_state != unknown; child_state != unknown,
base_high_confidence_engine_running,operating_state,warmup__high_load,maf_derived_air_load_raw,deterministic,raw_proxy,g/rev_proxy,3112,0.000000,0.000000,3.636810,1.319587,0.523187,0.590415,1.219758,2.199779,2.368459,condition_confidence == high; engine_on_flag == 1; thermal_state != unknown; child_state != unknown,
base_high_confidence_engine_running,operating_state,warmup__high_load,map_derived_air_load_raw,deterministic,raw_proxy,rpm*kPa/K,3112,0.000000,41.834391,2313.569269,938.953698,406.018573,399.127490,846.265904,1639.271249,1833.233229,condition_confidence == high; engine_on_flag == 1; thermal_state != unknown; child_state != unknown,
base_high_confidence_engine_running,operating_state,warmup__high_load,maf_map_cohesion,baseline_final,cohesion,zscore_abs_diff,3112,0.000000,0.000782,12.206175,1.604550,1.194548,0.125880,1.472713,3.552646,5.617089,condition_confidence == high; engine_on_flag == 1; thermal_state != unknown; child_state != unknown,
base_high_confidence_engine_running,operating_state,warmup__high_load,speed_density_maf_residual,baseline_final,residual,g/s,3112,0.000000,-31.171329,71.696367,10.176839,12.926126,-7.362093,9.092051,32.357514,51.115958,condition_confidence == high; engine_on_flag == 1; thermal_state != unknown; child_state != unknown,
base_high_confidence_engine_running,operating_state,warmup__high_load,map_slope,deterministic,diff,kPa/s,3110,0.000643,-134.000000,135.000000,2.159486,42.825162,-90.000000,3.000000,69.000000,96.910000,condition_confidence == high; engine_on_flag == 1; thermal_state != unknown; child_state != unknown,
base_high_confidence_engine_running,operating_state,warmup__high_load,map_stability,deterministic,rolling,kPa,2557,0.178342,0.000000,47.953709,21.870677,11.027878,4.840973,21.439680,40.310208,44.850188,condition_confidence == high; engine_on_flag == 1; thermal_state != unknown; child_state != unknown,
base_high_confidence_engine_running,operating_state,warmup__high_load,accel_pedal_mean,deterministic,rowwise,percent,3112,0.000000,14.100000,73.300000,38.933307,16.147966,14.300000,41.950000,61.400000,66.300000,condition_confidence == high; engine_on_flag == 1; thermal_state != unknown; child_state != unknown,
base_high_confidence_engine_running,operating_state,warmup__high_load,accel_pedal_channel_delta,deterministic,rowwise,percent,3112,0.000000,0.000000,47.100000,2.948683,5.975981,0.000000,0.800000,13.700000,35.212000,condition_confidence == high; engine_on_flag == 1; thermal_state != unknown; child_state != unknown,
base_high_confidence_engine_running,operating_state,warmup__high_load,accel_pedal_channel_ratio,deterministic,rowwise,ratio,3112,0.000000,0.243103,4.248276,1.012120,0.279978,0.782020,0.985428,1.329347,2.220690,condition_confidence == high; engine_on_flag == 1; thermal_state != unknown; child_state != unknown,
base_high_confidence_engine_running,operating_state,warmup__high_load,pedal_slope,deterministic,diff,percent/s,3110,0.000643,-54.900000,54.700000,-0.007669,17.273772,-34.100000,0.000000,29.450000,42.132000,condition_confidence == high; engine_on_flag == 1; thermal_state != unknown; child_state != unknown,
base_high_confidence_engine_running,operating_state,warmup__high_load,engine_on_flag,deterministic,rowwise,flag,3112,0.000000,1.000000,1.000000,1.000000,0.000000,1.000000,1.000000,1.000000,1.000000,condition_confidence == high; engine_on_flag == 1; thermal_state != unknown; child_state != unknown,
base_high_confidence_engine_running,operating_state,warmup__high_load,rpm_slope,deterministic,diff,rpm/s,3110,0.000643,-1659.000000,1459.000000,76.726045,398.039853,-686.200000,54.000000,726.000000,1061.820000,condition_confidence == high; engine_on_flag == 1; thermal_state != unknown; child_state != unknown,
base_high_confidence_engine_running,operating_state,warmup__high_load,idle_flag,deterministic,rowwise,flag,3112,0.000000,0.000000,0.000000,0.000000,0.000000,0.000000,0.000000,0.000000,0.000000,condition_confidence == high; engine_on_flag == 1; thermal_state != unknown; child_state != unknown,
base_high_confidence_engine_running,operating_state,warmup__high_load,idle_rpm_stability,deterministic,rolling,rpm,0,1.000000,,,,,,,,,condition_confidence == high; engine_on_flag == 1; thermal_state != unknown; child_state != unknown,
base_high_confidence_engine_running,operating_state,warmup__high_load,segment_gap_seconds,deterministic,gap_proxy,s,0,1.000000,,,,,,,,,condition_confidence == high; engine_on_flag == 1; thermal_state != unknown; child_state != unknown,
base_high_confidence_engine_running,operating_state,warmup__high_load,cold_soak_candidate_flag,deterministic,rowwise,flag,0,1.000000,,,,,,,,,condition_confidence == high; engine_on_flag == 1; thermal_state != unknown; child_state != unknown,
base_high_confidence_engine_running,operating_state,warmup__high_load,intake_temp_stability,deterministic,rolling,degC,2781,0.106362,0.340737,25.381815,3.024818,3.836553,0.942409,1.914854,14.725845,18.304193,condition_confidence == high; engine_on_flag == 1; thermal_state != unknown; child_state != unknown,
base_high_confidence_engine_running,operating_state,warmup__idle,coolant_slope,deterministic,diff,degC/s,9449,0.002639,-1.000000,3.000000,0.043602,0.226344,0.000000,0.000000,0.000000,1.000000,condition_confidence == high; engine_on_flag == 1; thermal_state != unknown; child_state != unknown,
base_high_confidence_engine_running,operating_state,warmup__idle,coolant_ambient_delta,deterministic,rowwise,degC,9468,0.000633,1.000000,76.000000,37.882235,18.524093,8.000000,37.000000,69.000000,73.000000,condition_confidence == high; engine_on_flag == 1; thermal_state != unknown; child_state != unknown,
base_high_confidence_engine_running,operating_state,warmup__idle,coolant_stability,deterministic,rolling,degC,0,1.000000,,,,,,,,,condition_confidence == high; engine_on_flag == 1; thermal_state != unknown; child_state != unknown,
base_high_confidence_engine_running,operating_state,warmup__idle,intake_ambient_delta,deterministic,rowwise,degC,9468,0.000633,-31.000000,105.000000,6.285382,5.156850,0.000000,6.000000,12.000000,26.000000,condition_confidence == high; engine_on_flag == 1; thermal_state != unknown; child_state != unknown,
base_high_confidence_engine_running,operating_state,warmup__idle,intake_temp_slope,deterministic,diff,degC/s,9439,0.003694,-70.000000,27.000000,0.054879,1.836896,-1.000000,0.000000,1.000000,3.000000,condition_confidence == high; engine_on_flag == 1; thermal_state != unknown; child_state != unknown,
base_high_confidence_engine_running,operating_state,warmup__idle,maf_derived_air_load_raw,deterministic,raw_proxy,g/rev_proxy,9474,0.000000,0.000000,5.615217,0.764260,0.258438,0.522115,0.635055,1.086346,1.140250,condition_confidence == high; engine_on_flag == 1; thermal_state != unknown; child_state != unknown,
base_high_confidence_engine_running,operating_state,warmup__idle,map_derived_air_load_raw,deterministic,raw_proxy,rpm*kPa/K,9474,0.000000,18.458109,1428.958599,343.300584,80.109191,257.871064,364.360435,412.852471,625.179732,condition_confidence == high; engine_on_flag == 1; thermal_state != unknown; child_state != unknown,
base_high_confidence_engine_running,operating_state,warmup__idle,maf_map_cohesion,baseline_final,cohesion,zscore_abs_diff,9474,0.000000,0.004508,18.923191,1.346909,0.834771,0.334191,1.079827,2.361224,2.462817,condition_confidence == high; engine_on_flag == 1; thermal_state != unknown; child_state != unknown,
base_high_confidence_engine_running,operating_state,warmup__idle,speed_density_maf_residual,baseline_final,residual,g/s,9474,0.000000,-20.417964,39.140034,3.189140,4.387500,-1.413978,0.986838,9.131191,10.769199,condition_confidence == high; engine_on_flag == 1; thermal_state != unknown; child_state != unknown,
base_high_confidence_engine_running,operating_state,warmup__idle,map_slope,deterministic,diff,kPa/s,9449,0.002639,-100.000000,99.000000,0.033549,4.630143,-1.000000,0.000000,1.000000,9.000000,condition_confidence == high; engine_on_flag == 1; thermal_state != unknown; child_state != unknown,
base_high_confidence_engine_running,operating_state,warmup__idle,map_stability,deterministic,rolling,kPa,7739,0.183133,0.000000,37.151313,8.568756,7.554317,0.300950,6.152924,23.017293,29.420972,condition_confidence == high; engine_on_flag == 1; thermal_state != unknown; child_state != unknown,
base_high_confidence_engine_running,operating_state,warmup__idle,accel_pedal_mean,deterministic,rowwise,percent,9458,0.001689,14.100000,61.200000,14.945665,3.241129,14.300000,14.300000,17.600000,32.921500,condition_confidence == high; engine_on_flag == 1; thermal_state != unknown; child_state != unknown,
base_high_confidence_engine_running,operating_state,warmup__idle,accel_pedal_channel_delta,deterministic,rowwise,percent,9458,0.001689,0.000000,35.700000,0.464242,1.215453,0.000000,0.400000,0.400000,2.700000,condition_confidence == high; engine_on_flag == 1; thermal_state != unknown; child_state != unknown,
base_high_confidence_engine_running,operating_state,warmup__idle,accel_pedal_channel_ratio,deterministic,rowwise,ratio,9458,0.001689,0.283133,3.137931,0.979358,0.057839,0.972414,0.972414,1.009112,1.028369,condition_confidence == high; engine_on_flag == 1; thermal_state != unknown; child_state != unknown,
base_high_confidence_engine_running,operating_state,warmup__idle,pedal_slope,deterministic,diff,percent/s,9423,0.005383,-41.200000,36.050000,0.228664,2.515345,-0.200000,0.000000,1.200000,10.189000,condition_confidence == high; engine_on_flag == 1; thermal_state != unknown; child_state != unknown,
base_high_confidence_engine_running,operating_state,warmup__idle,engine_on_flag,deterministic,rowwise,flag,9474,0.000000,1.000000,1.000000,1.000000,0.000000,1.000000,1.000000,1.000000,1.000000,condition_confidence == high; engine_on_flag == 1; thermal_state != unknown; child_state != unknown,
base_high_confidence_engine_running,operating_state,warmup__idle,rpm_slope,deterministic,diff,rpm/s,9447,0.002850,-1205.000000,1159.000000,10.526834,106.852693,-23.700000,0.000000,61.000000,537.400000,condition_confidence == high; engine_on_flag == 1; thermal_state != unknown; child_state != unknown,
base_high_confidence_engine_running,operating_state,warmup__idle,idle_flag,deterministic,rowwise,flag,9474,0.000000,1.000000,1.000000,1.000000,0.000000,1.000000,1.000000,1.000000,1.000000,condition_confidence == high; engine_on_flag == 1; thermal_state != unknown; child_state != unknown,
base_high_confidence_engine_running,operating_state,warmup__idle,idle_rpm_stability,deterministic,rolling,rpm,5838,0.383787,0.316228,549.540171,17.626070,60.387331,0.632456,1.247219,75.848066,354.820964,condition_confidence == high; engine_on_flag == 1; thermal_state != unknown; child_state != unknown,
base_high_confidence_engine_running,operating_state,warmup__idle,segment_gap_seconds,deterministic,gap_proxy,s,23,0.997572,14030.000000,819013.000000,99919.304348,169754.169445,32272.500000,40885.000000,248866.600000,694376.180000,condition_confidence == high; engine_on_flag == 1; thermal_state != unknown; child_state != unknown,
base_high_confidence_engine_running,operating_state,warmup__idle,cold_soak_candidate_flag,deterministic,rowwise,flag,17,0.998206,0.000000,1.000000,0.764706,0.437237,0.000000,1.000000,1.000000,1.000000,condition_confidence == high; engine_on_flag == 1; thermal_state != unknown; child_state != unknown,
base_high_confidence_engine_running,operating_state,warmup__idle,intake_temp_stability,deterministic,rolling,degC,8161,0.138590,0.000000,27.186052,1.813573,2.002323,0.534409,1.498021,3.137661,13.334525,condition_confidence == high; engine_on_flag == 1; thermal_state != unknown; child_state != unknown,
base_high_confidence_engine_running,operating_state,warmup__steady_driving,coolant_slope,deterministic,diff,degC/s,9656,0.001345,-1.000000,2.000000,0.089271,0.291259,0.000000,0.000000,1.000000,1.000000,condition_confidence == high; engine_on_flag == 1; thermal_state != unknown; child_state != unknown,
base_high_confidence_engine_running,operating_state,warmup__steady_driving,coolant_ambient_delta,deterministic,rowwise,degC,9665,0.000414,1.000000,86.000000,47.066011,18.568219,11.000000,50.000000,72.000000,78.000000,condition_confidence == high; engine_on_flag == 1; thermal_state != unknown; child_state != unknown,
base_high_confidence_engine_running,operating_state,warmup__steady_driving,coolant_stability,deterministic,rolling,degC,0,1.000000,,,,,,,,,condition_confidence == high; engine_on_flag == 1; thermal_state != unknown; child_state != unknown,
base_high_confidence_engine_running,operating_state,warmup__steady_driving,intake_ambient_delta,deterministic,rowwise,degC,9665,0.000414,-39.000000,104.000000,4.625660,4.291645,0.000000,5.000000,10.000000,14.000000,condition_confidence == high; engine_on_flag == 1; thermal_state != unknown; child_state != unknown,
base_high_confidence_engine_running,operating_state,warmup__steady_driving,intake_temp_slope,deterministic,diff,degC/s,9656,0.001345,-42.000000,13.000000,-0.032312,0.978692,-1.000000,0.000000,1.000000,2.000000,condition_confidence == high; engine_on_flag == 1; thermal_state != unknown; child_state != unknown,
base_high_confidence_engine_running,operating_state,warmup__steady_driving,maf_derived_air_load_raw,deterministic,raw_proxy,g/rev_proxy,9669,0.000000,0.000000,2.375824,0.761560,0.237161,0.512645,0.664528,1.198304,1.399406,condition_confidence == high; engine_on_flag == 1; thermal_state != unknown; child_state != unknown,
base_high_confidence_engine_running,operating_state,warmup__steady_driving,map_derived_air_load_raw,deterministic,raw_proxy,rpm*kPa/K,9669,0.000000,231.506313,1597.760052,604.742283,165.004139,336.477095,605.873261,872.248998,1140.467207,condition_confidence == high; engine_on_flag == 1; thermal_state != unknown; child_state != unknown,
base_high_confidence_engine_running,operating_state,warmup__steady_driving,maf_map_cohesion,baseline_final,cohesion,zscore_abs_diff,9669,0.000000,0.000033,6.671283,0.660071,0.673988,0.030244,0.388244,2.119625,2.408043,condition_confidence == high; engine_on_flag == 1; thermal_state != unknown; child_state != unknown,
base_high_confidence_engine_running,operating_state,warmup__steady_driving,speed_density_maf_residual,baseline_final,residual,g/s,9669,0.000000,-11.795837,33.913594,1.865629,5.681770,-3.331437,-0.488983,14.217829,17.307643,condition_confidence == high; engine_on_flag == 1; thermal_state != unknown; child_state != unknown,
base_high_confidence_engine_running,operating_state,warmup__steady_driving,map_slope,deterministic,diff,kPa/s,9656,0.001345,-113.000000,80.000000,-0.016984,7.453910,-9.000000,0.000000,9.000000,23.000000,condition_confidence == high; engine_on_flag == 1; thermal_state != unknown; child_state != unknown,
base_high_confidence_engine_running,operating_state,warmup__steady_driving,map_stability,deterministic,rolling,kPa,8328,0.138691,0.534409,46.791411,17.199360,9.593202,3.934987,15.936198,36.147531,42.123635,condition_confidence == high; engine_on_flag == 1; thermal_state != unknown; child_state != unknown,
base_high_confidence_engine_running,operating_state,warmup__steady_driving,accel_pedal_mean,deterministic,rowwise,percent,9669,0.000000,14.100000,57.650000,22.415599,9.962534,14.300000,14.300000,40.600000,46.100000,condition_confidence == high; engine_on_flag == 1; thermal_state != unknown; child_state != unknown,
base_high_confidence_engine_running,operating_state,warmup__steady_driving,accel_pedal_channel_delta,deterministic,rowwise,percent,9669,0.000000,0.000000,43.100000,0.597937,1.587433,0.000000,0.400000,1.500000,6.300000,condition_confidence == high; engine_on_flag == 1; thermal_state != unknown; child_state != unknown,
base_high_confidence_engine_running,operating_state,warmup__steady_driving,accel_pedal_channel_ratio,deterministic,rowwise,ratio,9669,0.000000,0.287755,3.972414,0.986910,0.080882,0.972414,0.972414,1.020833,1.148311,condition_confidence == high; engine_on_flag == 1; thermal_state != unknown; child_state != unknown,
base_high_confidence_engine_running,operating_state,warmup__steady_driving,pedal_slope,deterministic,diff,percent/s,9656,0.001345,-41.600000,38.800000,-0.125233,3.987655,-4.700000,0.000000,4.100000,13.537500,condition_confidence == high; engine_on_flag == 1; thermal_state != unknown; child_state != unknown,
base_high_confidence_engine_running,operating_state,warmup__steady_driving,engine_on_flag,deterministic,rowwise,flag,9669,0.000000,1.000000,1.000000,1.000000,0.000000,1.000000,1.000000,1.000000,1.000000,condition_confidence == high; engine_on_flag == 1; thermal_state != unknown; child_state != unknown,
base_high_confidence_engine_running,operating_state,warmup__steady_driving,rpm_slope,deterministic,diff,rpm/s,9656,0.001345,-1328.000000,1097.000000,-1.201429,64.140788,-29.250000,0.000000,26.000000,120.450000,condition_confidence == high; engine_on_flag == 1; thermal_state != unknown; child_state != unknown,
base_high_confidence_engine_running,operating_state,warmup__steady_driving,idle_flag,deterministic,rowwise,flag,9669,0.000000,0.000000,0.000000,0.000000,0.000000,0.000000,0.000000,0.000000,0.000000,condition_confidence == high; engine_on_flag == 1; thermal_state != unknown; child_state != unknown,
base_high_confidence_engine_running,operating_state,warmup__steady_driving,idle_rpm_stability,deterministic,rolling,rpm,0,1.000000,,,,,,,,,condition_confidence == high; engine_on_flag == 1; thermal_state != unknown; child_state != unknown,
base_high_confidence_engine_running,operating_state,warmup__steady_driving,segment_gap_seconds,deterministic,gap_proxy,s,0,1.000000,,,,,,,,,condition_confidence == high; engine_on_flag == 1; thermal_state != unknown; child_state != unknown,
base_high_confidence_engine_running,operating_state,warmup__steady_driving,cold_soak_candidate_flag,deterministic,rowwise,flag,0,1.000000,,,,,,,,,condition_confidence == high; engine_on_flag == 1; thermal_state != unknown; child_state != unknown,
base_high_confidence_engine_running,operating_state,warmup__steady_driving,intake_temp_stability,deterministic,rolling,degC,8800,0.089875,0.000000,24.943411,2.359232,3.053989,0.634240,1.637398,8.127490,18.080179,condition_confidence == high; engine_on_flag == 1; thermal_state != unknown; child_state != unknown,
